[Warning] [simulation_app.simulation_app] Modules: ['omni.kit_app'] were loaded before SimulationApp was started and might not be loaded correctly.
[Warning] [simulation_app.simulation_app] Please check to make sure no extra omniverse or pxr modules are imported before the call to SimulationApp(...)
Loading user config located at: '/mnt/data/users/haoyu/workspace/code/fpo-control/isaaclab_experiments/thirdparty/miniconda3/envs/isaaclab_fpo/lib/python3.10/site-packages/omni/data/Kit/Isaac-Sim/4.5/user.config.json'
[Info] [carb] Logging to file: /mnt/data/users/haoyu/workspace/code/fpo-control/isaaclab_experiments/thirdparty/miniconda3/envs/isaaclab_fpo/lib/python3.10/site-packages/omni/logs/Kit/Isaac-Sim/4.5/kit_20260809_190145.log
2026-08-09 11:01:45 [0ms] [Warning] [omni.kit.app.plugin] No crash reporter present, dumps uploading isn't available.
2026-08-09 11:01:45 [9ms] [Warning] [omni.ext.plugin] [ext: rendering_modes] Extensions config 'extension.toml' doesn't exist '/mnt/data/users/haoyu/workspace/code/fpo-control/isaaclab_experiments/thirdparty/IsaacLab/apps/rendering_modes' or '/mnt/data/users/haoyu/workspace/code/fpo-control/isaaclab_experiments/thirdparty/IsaacLab/apps/rendering_modes/config'
2026-08-09 11:01:45 [393ms] [Warning] [omni.usd_config.extension] Enable omni.materialx.libs extension to use MaterialX
2026-08-09 11:01:46 [641ms] [Warning] [omni.platforminfo.plugin] failed to open the default display.  Can't verify X Server version.
2026-08-09 11:01:46 [896ms] [Warning] [omni.datastore] OmniHub is inaccessible
2026-08-09 11:01:46 [940ms] [Warning] [omni.isaac.dynamic_control] omni.isaac.dynamic_control is deprecated as of Isaac Sim 4.5. No action is needed from end-users.
2026-08-09 11:01:51 [5,681ms] [Warning] [carb.cudainterop.plugin] CUDA_VISIBLE_DEVICES environment variable is set.
2026-08-09 11:01:51 [5,681ms] [Warning] [carb.cudainterop.plugin] Note CUDA device enumeration and Omniverse device enumeration are different.
2026-08-09 11:01:51 [5,681ms] [Warning] [carb.cudainterop.plugin] Setting CUDA_VISIBLE_DEVICES can lead to undesired behavior or crashes.
2026-08-09 11:01:51 [5,685ms] [Warning] [gpu.foundation.plugin] Skipping NVIDIA GPU due CUDA being in bad state: NVIDIA H200
2026-08-09 11:01:51 [5,685ms] [Warning] [gpu.foundation.plugin] Please restart your system if CUDA is known to work in your system.
2026-08-09 11:01:51 [5,686ms] [Warning] [gpu.foundation.plugin] Skipping NVIDIA GPU due CUDA being in bad state: NVIDIA H200
2026-08-09 11:01:51 [5,686ms] [Warning] [gpu.foundation.plugin] Please restart your system if CUDA is known to work in your system.
2026-08-09 11:01:51 [5,686ms] [Warning] [gpu.foundation.plugin] Skipping NVIDIA GPU due CUDA being in bad state: NVIDIA H200
2026-08-09 11:01:51 [5,686ms] [Warning] [gpu.foundation.plugin] Please restart your system if CUDA is known to work in your system.
2026-08-09 11:01:51 [5,687ms] [Warning] [gpu.foundation.plugin] Skipping NVIDIA GPU due CUDA being in bad state: NVIDIA H200
2026-08-09 11:01:51 [5,687ms] [Warning] [gpu.foundation.plugin] Please restart your system if CUDA is known to work in your system.
2026-08-09 11:01:51 [5,688ms] [Warning] [gpu.foundation.plugin] Skipping NVIDIA GPU due CUDA being in bad state: NVIDIA H200
2026-08-09 11:01:51 [5,688ms] [Warning] [gpu.foundation.plugin] Please restart your system if CUDA is known to work in your system.
2026-08-09 11:01:51 [5,689ms] [Warning] [gpu.foundation.plugin] Skipping NVIDIA GPU due CUDA being in bad state: NVIDIA H200
2026-08-09 11:01:51 [5,689ms] [Warning] [gpu.foundation.plugin] Please restart your system if CUDA is known to work in your system.
2026-08-09 11:01:51 [5,690ms] [Warning] [gpu.foundation.plugin] Skipping NVIDIA GPU due CUDA being in bad state: NVIDIA H200
2026-08-09 11:01:51 [5,690ms] [Warning] [gpu.foundation.plugin] Please restart your system if CUDA is known to work in your system.
2026-08-09 11:01:51 [5,690ms] [Warning] [gpu.foundation.plugin] Skipping NVIDIA GPU due CUDA being in bad state: NVIDIA H200
2026-08-09 11:01:51 [5,690ms] [Warning] [gpu.foundation.plugin] Please restart your system if CUDA is known to work in your system.
2026-08-09 11:01:51 [5,690ms] [Warning] [gpu.foundation.plugin] Skipping NVIDIA GPU due CUDA being in bad state: NVIDIA H200
2026-08-09 11:01:51 [5,690ms] [Warning] [gpu.foundation.plugin] Please restart your system if CUDA is known to work in your system.
2026-08-09 11:01:51 [5,690ms] [Warning] [gpu.foundation.plugin] Skipping NVIDIA GPU due CUDA being in bad state: NVIDIA H200
2026-08-09 11:01:51 [5,690ms] [Warning] [gpu.foundation.plugin] Please restart your system if CUDA is known to work in your system.
2026-08-09 11:01:51 [5,690ms] [Warning] [gpu.foundation.plugin] Skipping NVIDIA GPU due CUDA being in bad state: NVIDIA H200
2026-08-09 11:01:51 [5,690ms] [Warning] [gpu.foundation.plugin] Please restart your system if CUDA is known to work in your system.
2026-08-09 11:01:51 [5,690ms] [Warning] [gpu.foundation.plugin] Skipping NVIDIA GPU due CUDA being in bad state: NVIDIA H200
2026-08-09 11:01:51 [5,690ms] [Warning] [gpu.foundation.plugin] Please restart your system if CUDA is known to work in your system.
2026-08-09 11:01:51 [5,690ms] [Warning] [gpu.foundation.plugin] Skipping NVIDIA GPU due CUDA being in bad state: NVIDIA H200
2026-08-09 11:01:51 [5,690ms] [Warning] [gpu.foundation.plugin] Please restart your system if CUDA is known to work in your system.
2026-08-09 11:01:51 [5,690ms] [Warning] [gpu.foundation.plugin] Skipping NVIDIA GPU due CUDA being in bad state: NVIDIA H200
2026-08-09 11:01:51 [5,690ms] [Warning] [gpu.foundation.plugin] Please restart your system if CUDA is known to work in your system.

|---------------------------------------------------------------------------------------------|
| Driver Version: 580.126.20    | Graphics API: Vulkan
|=============================================================================================|
| GPU | Name                             | Active | LDA | GPU Memory | Vendor-ID | LUID       |
|     |                                  |        |     |            | Device-ID | UUID       |
|     |                                  |        |     |            | Bus-ID    |            |
|---------------------------------------------------------------------------------------------|
| 0   | NVIDIA H200                      | Yes: 0 |     | 143771  MB | 10de      | 0          |
|     |                                  |        |     |            | 2335      | cde2e28e.. |
|     |                                  |        |     |            | 16        |            |
|---------------------------------------------------------------------------------------------|
| 1   | NVIDIA H200                      |        |     | 143771  MB | 10de      | 0          |
|     |                                  |        |     |            | 2335      | 04a9a9be.. |
|     |                                  |        |     |            | 17        |            |
|---------------------------------------------------------------------------------------------|
| 2   | NVIDIA H200                      |        |     | 143771  MB | 10de      | 0          |
|     |                                  |        |     |            | 2335      | f8cd977f.. |
|     |                                  |        |     |            | 40        |            |
|---------------------------------------------------------------------------------------------|
| 3   | NVIDIA H200                      |        |     | 143771  MB | 10de      | 0          |
|     |                                  |        |     |            | 2335      | eba08ce9.. |
|     |                                  |        |     |            | 41        |            |
|---------------------------------------------------------------------------------------------|
| 4   | NVIDIA H200                      |        |     | 143771  MB | 10de      | 0          |
|     |                                  |        |     |            | 2335      | 38095f57.. |
|     |                                  |        |     |            | 96        |            |
|---------------------------------------------------------------------------------------------|
| 5   | NVIDIA H200                      |        |     | 143771  MB | 10de      | 0          |
|     |                                  |        |     |            | 2335      | cbbbe2fc.. |
|     |                                  |        |     |            | 97        |            |
|---------------------------------------------------------------------------------------------|
| 6   | NVIDIA H200                      |        |     | 143771  MB | 10de      | 0          |
|     |                                  |        |     |            | 2335      | d832ca5c.. |
|     |                                  |        |     |            | c0        |            |
|---------------------------------------------------------------------------------------------|
| 7   | NVIDIA H200                      |        |     | 143771  MB | 10de      | 0          |
|     |                                  |        |     |            | 2335      | c97fbf11.. |
|     |                                  |        |     |            | c1        |            |
|=============================================================================================|
| OS: 22.04.5 LTS (Jammy Jellyfish) ubuntu, Version: 22.04.5, Kernel: 5.15.0-126-generic
| Processor: Intel(R) Xeon(R) Platinum 8468
| Bare Metal Cores: 96 | Bare Metal Logical Cores: 192
| Core Usage Quota: 144
|---------------------------------------------------------------------------------------------|
| Total Memory (MB): 1638400 | Free Memory: 1592537
| Total Page/Swap (MB): 0 | Free Page/Swap: 0
|---------------------------------------------------------------------------------------------|
2026-08-09 11:01:52 [6,783ms] [Warning] [gpu.foundation.plugin] ECC is enabled on physical device 0
2026-08-09 11:01:52 [6,829ms] [Warning] [omni.kvdb.plugin] Disabling key-value database because another kit process is locking it
2026-08-09 11:01:53 [8,603ms] [Warning] [isaaclab.terrains.terrain_importer] Visual material specified for ground plane but no diffuse color found. Using default color: (0.0, 0.0, 0.0)
2026-08-09 11:02:05 [19,641ms] [Warning] [omni.usd] Warning: in GetNodeDiscoveryResults at line 136 of /builds/omniverse/usd-ci/USD/pxr/usd/usdShade/shaderDefUtils.cpp -- Unable to resolve info:sourceAsset </UsdPreviewSurface.info:mdl:sourceAsset> with value @UsdPreviewSurface.mdl@.

2026-08-09 11:02:05 [19,642ms] [Warning] [omni.usd] Warning: in GetNodeDiscoveryResults at line 136 of /builds/omniverse/usd-ci/USD/pxr/usd/usdShade/shaderDefUtils.cpp -- Unable to resolve info:sourceAsset </UsdUVTexture.info:mdl:sourceAsset> with value @UsdPreviewSurface.mdl@.

2026-08-09 11:02:05 [19,642ms] [Warning] [omni.usd] Warning: in GetNodeDiscoveryResults at line 136 of /builds/omniverse/usd-ci/USD/pxr/usd/usdShade/shaderDefUtils.cpp -- Unable to resolve info:sourceAsset </UsdPrimvarReader_float.info:mdl:sourceAsset> with value @UsdPreviewSurface.mdl@.

2026-08-09 11:02:05 [19,642ms] [Warning] [omni.usd] Warning: in GetNodeDiscoveryResults at line 136 of /builds/omniverse/usd-ci/USD/pxr/usd/usdShade/shaderDefUtils.cpp -- Unable to resolve info:sourceAsset </UsdPrimvarReader_float2.info:mdl:sourceAsset> with value @UsdPreviewSurface.mdl@.

2026-08-09 11:02:05 [19,642ms] [Warning] [omni.usd] Warning: in GetNodeDiscoveryResults at line 136 of /builds/omniverse/usd-ci/USD/pxr/usd/usdShade/shaderDefUtils.cpp -- Unable to resolve info:sourceAsset </UsdPrimvarReader_float3.info:mdl:sourceAsset> with value @UsdPreviewSurface.mdl@.

2026-08-09 11:02:05 [19,642ms] [Warning] [omni.usd] Warning: in GetNodeDiscoveryResults at line 136 of /builds/omniverse/usd-ci/USD/pxr/usd/usdShade/shaderDefUtils.cpp -- Unable to resolve info:sourceAsset </UsdPrimvarReader_float4.info:mdl:sourceAsset> with value @UsdPreviewSurface.mdl@.

2026-08-09 11:02:05 [19,643ms] [Warning] [omni.usd] Warning: in GetNodeDiscoveryResults at line 136 of /builds/omniverse/usd-ci/USD/pxr/usd/usdShade/shaderDefUtils.cpp -- Unable to resolve info:sourceAsset </UsdPrimvarReader_i/home/haoyu/workspace/code/fpo-control/isaaclab_experiments/thirdparty/miniconda3/envs/isaaclab_fpo/lib/python3.10/site-packages/torch/_inductor/compile_fx.py:167: UserWarning: TensorFloat32 tensor cores for float32 matrix multiplication available but not enabled. Consider setting `torch.set_float32_matmul_precision('high')` for better performance.
  warnings.warn(
[INFO][AppLauncher]: Using device: cuda:0
[INFO][AppLauncher]: Loading experience file: /mnt/data/users/haoyu/workspace/code/fpo-control/isaaclab_experiments/thirdparty/IsaacLab/apps/isaaclab.python.headless.kit
[INFO]: Parsing configuration from: isaaclab_tasks.manager_based.locomotion.velocity.config.go2.flat_env_cfg:UnitreeGo2FlatEnvCfg
Setting seed: 20261103
[INFO]: Base environment:
	Environment device    : cuda:0
	Environment seed      : 20261103
	Physics step-size     : 0.005
	Rendering step-size   : 0.02
	Environment step-size : 0.02
[INFO]: Time taken for scene creation : 5.743183 seconds
[INFO]: Scene manager:  <class InteractiveScene>
	Number of environments: 4096
	Environment spacing   : 2.5
	Source prim name      : /World/envs/env_0
	Global prim paths     : ['/World/ground']
	Replicate physics     : True
[INFO]: Starting the simulation. This may take a few seconds. Please wait...
[INFO]: Time taken for simulation start : 5.955125 seconds
[INFO] Command Manager:  <CommandManager> contains 1 active terms.
+------------------------------------------------+
|              Active Command Terms              |
+-------+---------------+------------------------+
| Index | Name          |          Type          |
+-------+---------------+------------------------+
|   0   | base_velocity | UniformVelocityCommand |
+-------+---------------+------------------------+

[INFO] Event Manager:  <EventManager> contains 2 active terms.
+--------------------------------------+
| Active Event Terms in Mode: 'startup' |
+----------+---------------------------+
|  Index   | Name                      |
+----------+---------------------------+
|    0     | physics_material          |
|    1     | add_base_mass             |
+----------+---------------------------+
+---------------------------------------+
|  Active Event Terms in Mode: 'reset'  |
+--------+------------------------------+
| Index  | Name                         |
+--------+------------------------------+
|   0    | base_external_force_torque   |
|   1    | reset_base                   |
|   2    | reset_robot_joints           |
+--------+------------------------------+

[INFO] Recorder Manager:  <RecorderManager> contains 0 active terms.
+---------------------+
| Active Recorder Terms |
+-----------+---------+
|   Index   | Name    |
+-----------+---------+
+-----------+---------+

[INFO] Action Manager:  <ActionManager> contains 1 active terms.
+------------------------------------+
|  Active Action Terms (shape: 12)   |
+--------+-------------+-------------+
| Index  | Name        |   Dimension |
+--------+-------------+-------------+
|   0    | joint_pos   |          12 |
+--------+-------------+-------------+

[INFO] Observation Manager: <ObservationManager> contains 1 groups.
+---------------------------------------------------------+
| Active Observation Terms in Group: 'policy' (shape: (48,)) |
+-----------+---------------------------------+-----------+
|   Index   | Name                            |   Shape   |
+-----------+---------------------------------+-----------+
|     0     | base_lin_vel                    |    (3,)   |
|     1     | base_ang_vel                    |    (3,)   |
|     2     | projected_gravity               |    (3,)   |
|     3     | velocity_commands               |    (3,)   |
|     4     | joint_pos                       |   (12,)   |
|     5     | joint_vel                       |   (12,)   |
|     6     | actions                         |   (12,)   |
+-----------+---------------------------------+-----------+

[INFO] Termination Manager:  <TerminationManager> contains 2 active terms.
+---------------------------------+
|     Active Termination Terms    |
+-------+--------------+----------+
| Index | Name         | Time Out |
+-------+--------------+----------+
|   0   | time_out     |   True   |
|   1   | base_contact |  False   |
+-------+--------------+----------+

[INFO] Reward Manager:  <RewardManager> contains 10 active terms.
+-----------------------------------------+
|           Active Reward Terms           |
+-------+----------------------+----------+
| Index | Name                 |   Weight |
+-------+----------------------+----------+
|   0   | track_lin_vel_xy_exp |      1.5 |
|   1   | track_ang_vel_z_exp  |     0.75 |
|   2   | lin_vel_z_l2         |     -2.0 |
|   3   | ang_vel_xy_l2        |    -0.05 |
|   4   | dof_torques_l2       |  -0.0002 |
|   5   | dof_acc_l2           | -2.5e-07 |
|   6   | action_rate_l2       |    -0.01 |
|   7   | feet_air_time        |     0.25 |
|   8   | flat_orientation_l2  |     -2.5 |
|   9   | dof_pos_limits       |      0.0 |
+-------+----------------------+----------+

[INFO] Curriculum Manager:  <CurriculumManager> contains 0 active terms.
+----------------------+
| Active Curriculum Terms |
+-----------+----------+
|   Index   | Name     |
+-----------+----------+
+-----------+----------+

[INFO]: Completed setting up the environment...
Actor MLP: Sequential(
  (0): Linear(in_features=68, out_features=256, bias=True)
  (1): ELU(alpha=1.0)
  (2): Linear(in_features=256, out_features=256, bias=True)
  (3): ELU(alpha=1.0)
  (4): Linear(in_features=256, out_features=256, bias=True)
  (5): ELU(alpha=1.0)
  (6): Linear(in_features=256, out_features=12, bias=True)
)
Critic MLP: Sequential(
  (0): Linear(in_features=48, out_features=768, bias=True)
  (1): ELU(alpha=1.0)
  (2): Linear(in_features=768, out_features=768, bias=True)
  (3): ELU(alpha=1.0)
  (4): Linear(in_features=768, out_features=768, bias=True)
  (5): ELU(alpha=1.0)
  (6): Linear(in_features=768, out_features=1, bias=True)
)
EMA enabled with decay=0.95, warmup_steps=500
[INFO] Loaded EMA state from checkpoint
[INFO] Restored common_step_counter to 147357696 based on iteration 1499
{
  "checkpoint": "/mnt/data/users/haoyu/workspace/code/fpo-control/isaaclab_experiments/logs/isaaclab_fpo/unitree_go2_flat_flow/2026-08-08_16-24-22_go2_official_seed42_20260808/model_1499.pt",
  "task": "Isaac-Velocity-Flat-Unitree-Go2-v0",
  "seed": 20261103,
  "source_seed": 20261104,
  "num_envs": 4096,
  "episodes_per_mode": 4096,
  "integration_method": "euler",
  "sampling_steps": 64,
  "nfe": 64,
  "modes": {
    "random": {
      "episode_returns": [
        40.008609771728516,
        39.790836334228516,
        40.11568832397461,
        38.9197998046875,
        41.208518981933594,
        38.57691955566406,
        39.74905014038086,
        41.365177154541016,
        40.360130310058594,
        39.35609817504883,
        41.547916412353516,
        40.74016189575195,
        41.74540328979492,
        39.110801696777344,
        40.95787811279297,
        39.884521484375,
        40.5072021484375,
        39.36006164550781,
        40.168701171875,
        40.72087478637695,
        40.31259536743164,
        41.37046813964844,
        40.97360610961914,
        39.62660598754883,
        40.07427215576172,
        40.24863815307617,
        41.98161315917969,
        40.23858642578125,
        41.90518569946289,
        41.50806427001953,
        40.25490188598633,
        39.9572639465332,
        40.476524353027344,
        41.2390022277832,
        41.53367614746094,
        40.06688690185547,
        39.90890121459961,
        41.64850997924805,
        39.94108200073242,
        40.05979919433594,
        41.25254821777344,
        41.80892562866211,
        40.46307373046875,
        39.00151062011719,
        39.93065643310547,
        42.767765045166016,
        40.6927490234375,
        41.00334548950195,
        39.92566680908203,
        41.05653762817383,
        38.93742370605469,
        40.45709228515625,
        38.69093322753906,
        40.59392547607422,
        40.34908676147461,
        40.144012451171875,
        40.456443786621094,
        40.72093963623047,
        40.38765335083008,
        40.867584228515625,
        38.80288314819336,
        40.90385055541992,
        41.23549270629883,
        41.54734802246094,
        39.69559097290039,
        41.018184661865234,
        39.62748336791992,
        41.11098098754883,
        39.801116943359375,
        39.77576446533203,
        41.367591857910156,
        38.76646041870117,
        39.524715423583984,
        41.898582458496094,
        39.935340881347656,
        41.77826690673828,
        41.38798141479492,
        40.275569915771484,
        39.282413482666016,
        41.740257263183594,
        39.40668869018555,
        40.63528060913086,
        39.10906982421875,
        40.95796585083008,
        40.627906799316406,
        41.86954116821289,
        40.57755661010742,
        42.217063903808594,
        41.43684005737305,
        39.486629486083984,
        40.62027359008789,
        41.98591995239258,
        41.477783203125,
        41.432159423828125,
        39.86100387573242,
        40.59308624267578,
        40.80438232421875,
        41.014896392822266,
        41.2199821472168,
        40.1400260925293,
        40.338924407958984,
        41.48135757446289,
        40.75235366821289,
        41.21140670776367,
        39.585731506347656,
        38.36484146118164,
        40.64051055908203,
        41.58323669433594,
        38.08057403564453,
        40.59432601928711,
        40.221588134765625,
        41.444583892822266,
        40.609806060791016,
        41.774349212646484,
        41.40071105957031,
        39.549095153808594,
        40.74509811401367,
        40.08466720581055,
        39.988304138183594,
        40.30662155151367,
        40.95489501953125,
        39.74891662597656,
        38.697349548339844,
        39.66938018798828,
        40.3648681640625,
        40.511199951171875,
        40.493038177490234,
        40.55679702758789,
        39.81721878051758,
        41.19437789916992,
        39.8970832824707,
        41.37111282348633,
        41.511436462402344,
        39.526485443115234,
        41.41328811645508,
        40.00638961791992,
        40.3853645324707,
        41.753089904785156,
        40.36028289794922,
        41.02101135253906,
        40.027809143066406,
        41.16176223754883,
        40.365272521972656,
        41.753936767578125,
        41.29709243774414,
        41.1829833984375,
        41.543670654296875,
        39.6768684387207,
        39.72612762451172,
        39.98784637451172,
        40.01579666137695,
        41.163734436035156,
        41.287506103515625,
        40.13821029663086,
        39.438289642333984,
        39.58897399902344,
        40.970523834228516,
        40.542476654052734,
        40.13007354736328,
        41.17474365234375,
        40.417388916015625,
        41.76350021362305,
        40.23841094970703,
        41.59925842285156,
        41.36457824707031,
        40.74102020263672,
        39.2675666809082,
        40.047054290771484,
        40.92964172363281,
        41.265865325927734,
        41.93312072753906,
        40.36060333251953,
        40.95443344116211,
        40.568912506103516,
        39.86260986328125,
        40.38115310668945,
        40.78095626831055,
        39.088130950927734,
        40.39866638183594,
        40.877281188964844,
        41.01910400390625,
        41.549983978271484,
        41.28298568725586,
        42.32282257080078,
        41.367408752441406,
        39.41667175292969,
        41.35020065307617,
        40.92797088623047,
        40.71305465698242,
        39.20964813232422,
        40.10538864135742,
        40.199424743652344,
        39.714107513427734,
        40.928131103515625,
        41.30146408081055,
        41.76812744140625,
        40.32807159423828,
        41.77576446533203,
        41.08777618408203,
        40.58217239379883,
        41.04700469970703,
        40.732017517089844,
        41.25174331665039,
        40.707672119140625,
        40.95985794067383,
        39.78351974487305,
        40.90384292602539,
        41.539268493652344,
        40.95621871948242,
        40.990867614746094,
        41.11548614501953,
        40.78485107421875,
        41.855064392089844,
        41.09974670410156,
        40.65020751953125,
        42.011993408203125,
        40.392879486083984,
        38.66403579711914,
        40.38174057006836,
        40.49876022338867,
        39.64582061767578,
        40.988006591796875,
        40.87538146972656,
        39.229888916015625,
        41.05529022216797,
        41.366336822509766,
        41.034423828125,
        41.3443603515625,
        39.888248443603516,
        40.60932159423828,
        38.82672119140625,
        40.622249603271484,
        39.33518600463867,
        41.23212432861328,
        41.02946472167969,
        40.610572814941406,
        41.475887298583984,
        40.6583366394043,
        40.940555572509766,
        41.123382568359375,
        40.290061950683594,
        39.913089752197266,
        41.516998291015625,
        40.05125427246094,
        39.752193450927734,
        40.81454086303711,
        38.946285247802734,
        39.959659576416016,
        40.900455474853516,
        41.09883499145508,
        41.176151275634766,
        41.75251388549805,
        40.06280517578125,
        40.86886978149414,
        40.75270080566406,
        39.08924865722656,
        40.5444221496582,
        40.829349517822266,
        41.18135070800781,
        40.210880279541016,
        40.722999572753906,
        40.980308532714844,
        41.51316833496094,
        39.79164505004883,
        39.90282440185547,
        39.571128845214844,
        40.009368896484375,
        40.97435760498047,
        41.01313781738281,
        40.1220817565918,
        40.652565002441406,
        40.49581527709961,
        41.36102294921875,
        41.820457458496094,
        40.201255798339844,
        39.82722854614258,
        39.58689498901367,
        39.88856887817383,
        41.27587127685547,
        39.72895431518555,
        40.877471923828125,
        42.53715133666992,
        41.90550231933594,
        38.65876007080078,
        40.304019927978516,
        40.42214584350586,
        40.952964782714844,
        38.88408660888672,
        41.02330780029297,
        39.99837875366211,
        41.59912109375,
        40.60951232910156,
        41.600223541259766,
        39.391544342041016,
        41.46717071533203,
        41.2684326171875,
        39.82655715942383,
        41.4497184753418,
        42.15936279296875,
        40.64998245239258,
        40.64593505859375,
        41.487892150878906,
        39.229774475097656,
        39.99528503417969,
        41.24256134033203,
        41.28218460083008,
        42.38908386230469,
        38.38300704956055,
        41.14443588256836,
        41.6138916015625,
        40.50202560424805,
        40.485111236572266,
        40.48783493041992,
        40.95726776123047,
        41.805362701416016,
        41.430789947509766,
        40.12854766845703,
        41.157779693603516,
        40.519126892089844,
        39.70903396606445,
        39.88814926147461,
        40.578060150146484,
        39.59196853637695,
        40.95016098022461,
        40.88356018066406,
        40.641693115234375,
        40.738460540771484,
        41.29783630371094,
        40.458988189697266,
        40.73348617553711,
        41.124732971191406,
        40.87601852416992,
        40.94696044921875,
        40.386962890625,
        40.747859954833984,
        41.82346725463867,
        42.16344451904297,
        39.556095123291016,
        40.51192855834961,
        40.63195037841797,
        40.591468811035156,
        40.36635208129883,
        41.95305252075195,
        41.175079345703125,
        39.83751678466797,
        41.36116409301758,
        40.56906509399414,
        40.178592681884766,
        41.41910934448242,
        40.30976867675781,
        40.32951354980469,
        41.23918914794922,
        41.6998291015625,
        40.4417724609375,
        40.55141067504883,
        40.26686477661133,
        41.34702682495117,
        38.42216873168945,
        39.22875213623047,
        40.8858642578125,
        39.89262390136719,
        39.92635726928711,
        41.22739028930664,
        40.36846160888672,
        41.52134704589844,
        40.338478088378906,
        40.43781280517578,
        39.171077728271484,
        41.68119430541992,
        39.0958251953125,
        39.72040939331055,
        40.700992584228516,
        40.61402893066406,
        40.75630569458008,
        40.81637954711914,
        41.349037170410156,
        40.836997985839844,
        40.1426887512207,
        40.60548400878906,
        39.6703987121582,
        40.832759857177734,
        41.43213653564453,
        40.61314010620117,
        40.987396240234375,
        40.94333267211914,
        40.946624755859375,
        39.85019302368164,
        39.85089111328125,
        40.339759826660156,
        40.106422424316406,
        42.545997619628906,
        40.73000717163086,
        40.66316604614258,
        41.074920654296875,
        40.178653717041016,
        39.74641799926758,
        39.067298889160156,
        41.19157028198242,
        39.61610794067383,
        40.61931228637695,
        38.693572998046875,
        41.2989501953125,
        40.62354278564453,
        40.65309143066406,
        39.29723358154297,
        40.162696838378906,
        39.46903610229492,
        40.71774673461914,
        40.50850296020508,
        39.32240295410156,
        41.22906494140625,
        41.01125717163086,
        39.92916488647461,
        42.864341735839844,
        41.577362060546875,
        41.44292068481445,
        40.270790100097656,
        40.66472244262695,
        41.9791145324707,
        40.45275115966797,
        39.880062103271484,
        40.57247543334961,
        39.653900146484375,
        39.08711624145508,
        40.61819839477539,
        41.17424774169922,
        41.13434600830078,
        41.59169387817383,
        41.45772171020508,
        41.53892135620117,
        40.834529876708984,
        40.82145309448242,
        41.05892562866211,
        39.51945495605469,
        41.09379577636719,
        41.3189697265625,
        40.83289337158203,
        41.136756896972656,
        39.817230224609375,
        40.36339569091797,
        41.53725051879883,
        41.049503326416016,
        41.5074462890625,
        42.27363586425781,
        40.1157341003418,
        40.90859603881836,
        41.55935287475586,
        42.049713134765625,
        39.06559371948242,
        41.28010940551758,
        40.757747650146484,
        41.83915710449219,
        41.195091247558594,
        40.7362174987793,
        41.428836822509766,
        41.21442413330078,
        40.06241226196289,
        40.30398178100586,
        41.05234146118164,
        39.84123229980469,
        41.36444091796875,
        41.250831604003906,
        39.48394775390625,
        41.20917892456055,
        39.6467399597168,
        39.73624801635742,
        41.35902786254883,
        41.71858596801758,
        41.43584060668945,
        39.563480377197266,
        41.13086700439453,
        39.85079574584961,
        41.27421569824219,
        41.119441986083984,
        38.40209197998047,
        40.84968948364258,
        40.6904182434082,
        40.520729064941406,
        41.135414123535156,
        40.65750503540039,
        40.428924560546875,
        40.654605865478516,
        41.94142150878906,
        42.218536376953125,
        40.59872817993164,
        40.22942352294922,
        41.20228576660156,
        41.1462287902832,
        40.64462661743164,
        40.74024963378906,
        40.4957160949707,
        41.66374588012695,
        41.14311981201172,
        39.807106018066406,
        39.117027282714844,
        41.05278778076172,
        40.16776657104492,
        40.05497741699219,
        40.964996337890625,
        40.957481384277344,
        40.900909423828125,
        41.115604400634766,
        41.23154830932617,
        40.38249969482422,
        40.14189529418945,
        40.13841247558594,
        41.7266960144043,
        41.578285217285156,
        41.44469451904297,
        40.82552719116211,
        40.553279876708984,
        40.95798873901367,
        41.31153869628906,
        40.047122955322266,
        40.97235107421875,
        40.18287658691406,
        39.9096794128418,
        41.16033935546875,
        39.62751388549805,
        41.05277633666992,
        40.13612365722656,
        38.16844177246094,
        40.907161712646484,
        40.263065338134766,
        41.92034149169922,
        40.06339645385742,
        40.82609558105469,
        40.46809387207031,
        41.09520721435547,
        40.534629821777344,
        39.268558502197266,
        41.06141662597656,
        40.93170928955078,
        40.587711334228516,
        41.754615783691406,
        39.799434661865234,
        41.692893981933594,
        39.66750717163086,
        40.59091567993164,
        40.30813980102539,
        40.04999542236328,
        40.014915466308594,
        40.126869201660156,
        39.84002685546875,
        40.74287033081055,
        39.62734603881836,
        40.27021026611328,
        41.24374771118164,
        41.51883316040039,
        41.760623931884766,
        39.63704299926758,
        40.79661178588867,
        40.51125717163086,
        40.93071746826172,
        39.05984878540039,
        40.32736587524414,
        40.862098693847656,
        41.89864730834961,
        39.65299606323242,
        40.926063537597656,
        41.027442932128906,
        41.01464080810547,
        41.13053512573242,
        39.62611389160156,
        40.8707389831543,
        41.25099563598633,
        42.17810821533203,
        39.90293502807617,
        40.59203338623047,
        42.05704879760742,
        40.252037048339844,
        38.91660690307617,
        39.084747314453125,
        39.301082611083984,
        40.80617141723633,
        41.41531753540039,
        39.227203369140625,
        40.760963439941406,
        40.44025421142578,
        40.85184860229492,
        41.22163009643555,
        40.653411865234375,
        38.83467102050781,
        40.75065612792969,
        39.93260955810547,
        39.918853759765625,
        40.235633850097656,
        38.569149017333984,
        40.26143264770508,
        41.24039840698242,
        41.173091888427734,
        40.91053771972656,
        42.36286926269531,
        40.997066497802734,
        39.458648681640625,
        41.39659118652344,
        41.63447952270508,
        39.74968719482422,
        42.29936981201172,
        39.20977020263672,
        40.540771484375,
        42.50273513793945,
        39.99298858642578,
        38.38264846801758,
        40.70891571044922,
        40.02437210083008,
        41.49983215332031,
        40.3631706237793,
        40.35259246826172,
        40.6200065612793,
        39.92799377441406,
        40.989437103271484,
        40.90921401977539,
        40.5372200012207,
        39.15325164794922,
        39.627708435058594,
        40.60658264160156,
        40.22797393798828,
        40.35348892211914,
        40.593204498291016,
        40.46848678588867,
        42.267730712890625,
        40.68585968017578,
        40.98594284057617,
        41.414573669433594,
        40.72119140625,
        41.57999801635742,
        41.71943664550781,
        40.62565994262695,
        42.03780746459961,
        41.88037872314453,
        41.30078125,
        42.31467819213867,
        40.64087677001953,
        39.8933219909668,
        39.68497848510742,
        40.03462600708008,
        41.136009216308594,
        40.77780532836914,
        40.432518005371094,
        41.826026916503906,
        40.50875473022461,
        40.53360366821289,
        41.7243766784668,
        40.812164306640625,
        40.83084487915039,
        41.36386489868164,
        41.13692855834961,
        39.94214630126953,
        41.36758804321289,
        41.424400329589844,
        39.726470947265625,
        41.48334884643555,
        41.64824676513672,
        41.51563262939453,
        40.58149719238281,
        41.6474494934082,
        41.97803497314453,
        40.86806106567383,
        41.24859619140625,
        38.89043426513672,
        40.23435974121094,
        40.46038818359375,
        40.18975830078125,
        41.104957580566406,
        40.626399993896484,
        40.71955871582031,
        39.982810974121094,
        39.91749572753906,
        40.75983428955078,
        40.88234329223633,
        41.2692756652832,
        40.892459869384766,
        41.136138916015625,
        40.75216293334961,
        40.84762191772461,
        39.75926971435547,
        38.682334899902344,
        41.66364669799805,
        41.79853439331055,
        39.84695053100586,
        39.875186920166016,
        40.61604690551758,
        42.071372985839844,
        39.30887985229492,
        41.37832260131836,
        41.24778747558594,
        41.507965087890625,
        39.026939392089844,
        40.40331268310547,
        39.91876220703125,
        41.25118637084961,
        40.82146072387695,
        40.77583694458008,
        40.630859375,
        41.66129684448242,
        41.68644714355469,
        41.25276184082031,
        40.4173583984375,
        41.498939514160156,
        40.507080078125,
        40.89128494262695,
        40.29605484008789,
        40.37388610839844,
        39.890167236328125,
        39.51373291015625,
        40.70695114135742,
        43.04397964477539,
        39.34465789794922,
        39.12007522583008,
        41.50942611694336,
        40.12502670288086,
        41.55105209350586,
        39.80556869506836,
        41.48955154418945,
        40.806060791015625,
        41.66737365722656,
        40.3629264831543,
        40.70543670654297,
        40.975685119628906,
        41.59769821166992,
        40.8873291015625,
        41.09580612182617,
        40.43721008300781,
        39.395484924316406,
        39.673038482666016,
        40.879703521728516,
        41.009483337402344,
        39.77803039550781,
        41.20195007324219,
        41.98667907714844,
        40.160057067871094,
        41.46193313598633,
        39.313385009765625,
        39.52378845214844,
        39.63438415527344,
        41.09207534790039,
        40.68217086791992,
        41.01268005371094,
        40.81227111816406,
        39.98878860473633,
        40.393638610839844,
        40.162742614746094,
        41.64618682861328,
        40.47956848144531,
        38.97513961791992,
        40.03435134887695,
        39.87397766113281,
        -2.772008180618286,
        40.01728820800781,
        41.83794021606445,
        40.659759521484375,
        40.623348236083984,
        41.08692169189453,
        41.4703483581543,
        41.0890007019043,
        40.95564651489258,
        40.83273696899414,
        40.44697952270508,
        42.05173110961914,
        41.06064987182617,
        40.64049530029297,
        40.14954376220703,
        41.18370819091797,
        40.756622314453125,
        41.40919876098633,
        41.01514434814453,
        39.63843536376953,
        40.99237060546875,
        41.99811935424805,
        41.36436462402344,
        41.37411117553711,
        40.57492446899414,
        41.63338851928711,
        41.35207748413086,
        41.32196807861328,
        41.1275749206543,
        41.34264373779297,
        41.581321716308594,
        39.98758316040039,
        40.14519500732422,
        41.627315521240234,
        41.59254837036133,
        40.11094665527344,
        40.72203063964844,
        41.81364822387695,
        38.762142181396484,
        41.77540588378906,
        40.15739440917969,
        41.19184494018555,
        39.670963287353516,
        41.07120895385742,
        39.58493423461914,
        41.13130569458008,
        36.63518524169922,
        41.064979553222656,
        41.012939453125,
        38.94904708862305,
        41.45310592651367,
        41.68071746826172,
        40.87142562866211,
        40.624046325683594,
        40.877296447753906,
        40.23764419555664,
        41.17648696899414,
        38.70562744140625,
        39.6751594543457,
        40.345829010009766,
        39.420589447021484,
        40.0980110168457,
        41.32332992553711,
        39.48884582519531,
        40.28387451171875,
        41.19483947753906,
        39.57891082763672,
        40.146575927734375,
        39.794403076171875,
        40.29894256591797,
        40.2411994934082,
        41.20716857910156,
        40.47101974487305,
        41.10723876953125,
        39.97699737548828,
        40.315608978271484,
        41.27092361450195,
        39.25772476196289,
        41.423213958740234,
        41.76054000854492,
        39.86001205444336,
        42.2760124206543,
        41.42985534667969,
        40.927894592285156,
        39.93315505981445,
        38.33797836303711,
        40.4078369140625,
        41.6242561340332,
        41.32289505004883,
        40.51284408569336,
        40.63698959350586,
        41.22420883178711,
        39.09804153442383,
        40.5114631652832,
        40.89854049682617,
        40.958621978759766,
        41.326080322265625,
        40.032447814941406,
        40.50335693359375,
        41.48389434814453,
        38.72608184814453,
        40.95119094848633,
        40.33258819580078,
        41.40407180786133,
        40.62366485595703,
        40.13526153564453,
        40.82798767089844,
        41.357757568359375,
        39.21426773071289,
        40.74016189575195,
        41.767173767089844,
        40.80137634277344,
        40.05890655517578,
        41.10954284667969,
        40.47800827026367,
        41.17348861694336,
        41.00579071044922,
        40.90644454956055,
        40.75371170043945,
        39.889522552490234,
        40.9771842956543,
        39.99036407470703,
        40.71548843383789,
        41.413856506347656,
        40.2650260925293,
        39.787925720214844,
        40.36878967285156,
        39.58852767944336,
        39.35715103149414,
        41.56720733642578,
        39.7344856262207,
        41.309593200683594,
        41.51774597167969,
        40.298683166503906,
        39.4434928894043,
        40.389705657958984,
        39.78036880493164,
        41.380245208740234,
        39.41876983642578,
        40.82255172729492,
        40.980899810791016,
        40.477577209472656,
        40.695899963378906,
        40.824363708496094,
        41.09764862060547,
        39.56495666503906,
        39.67128372192383,
        40.840301513671875,
        40.682498931884766,
        41.11213302612305,
        41.433799743652344,
        40.14248275756836,
        40.505836486816406,
        41.325103759765625,
        40.36225128173828,
        40.38945007324219,
        40.62910079956055,
        38.76227569580078,
        42.340911865234375,
        41.04209899902344,
        41.062828063964844,
        40.524208068847656,
        41.35637664794922,
        40.56623840332031,
        40.79372024536133,
        40.97550582885742,
        40.65094757080078,
        42.214927673339844,
        42.06465148925781,
        41.253414154052734,
        41.439918518066406,
        41.01945877075195,
        39.59214782714844,
        39.9657096862793,
        40.24604415893555,
        41.379920959472656,
        42.61103820800781,
        40.777076721191406,
        41.55759811401367,
        15.602861404418945,
        41.17329788208008,
        40.8944206237793,
        41.22429656982422,
        41.369319915771484,
        40.84074783325195,
        41.83197784423828,
        40.49163055419922,
        39.04016876220703,
        39.79927444458008,
        39.51966094970703,
        38.68034362792969,
        40.05859375,
        40.047523498535156,
        40.02622985839844,
        40.88215637207031,
        40.77446746826172,
        40.72712326049805,
        39.6456184387207,
        40.34553909301758,
        41.52986526489258,
        41.51805877685547,
        40.038116455078125,
        40.93484878540039,
        39.4661865234375,
        41.605079650878906,
        40.24392318725586,
        40.27857971191406,
        41.75808334350586,
        41.04191589355469,
        40.98016357421875,
        40.1899528503418,
        40.99946594238281,
        40.239803314208984,
        39.437232971191406,
        41.792240142822266,
        40.95519256591797,
        40.92236328125,
        40.73578643798828,
        41.1368408203125,
        40.777469635009766,
        39.81234359741211,
        40.58246994018555,
        41.46009063720703,
        39.91194534301758,
        41.461490631103516,
        40.560028076171875,
        40.826324462890625,
        40.93693161010742,
        41.81800079345703,
        39.025325775146484,
        39.59990692138672,
        40.900901794433594,
        39.884849548339844,
        40.322288513183594,
        41.003990173339844,
        40.535194396972656,
        41.79744338989258,
        41.72819900512695,
        40.629737854003906,
        39.00880432128906,
        40.974266052246094,
        40.8768424987793,
        42.22698974609375,
        40.602508544921875,
        39.53746795654297,
        42.042625427246094,
        39.860958099365234,
        40.92375183105469,
        40.28491973876953,
        40.79428482055664,
        41.60013198852539,
        41.395843505859375,
        41.4969482421875,
        40.613040924072266,
        40.114200592041016,
        40.6010856628418,
        41.681915283203125,
        41.150779724121094,
        39.190982818603516,
        41.34442138671875,
        39.96848678588867,
        40.88398361206055,
        39.82187271118164,
        40.82510757446289,
        41.705589294433594,
        40.356483459472656,
        41.952308654785156,
        39.718143463134766,
        41.30827331542969,
        41.14213180541992,
        38.912532806396484,
        40.390377044677734,
        41.74839782714844,
        40.447654724121094,
        40.32722854614258,
        41.42655563354492,
        40.47241973876953,
        41.4282341003418,
        39.97795104980469,
        41.13787841796875,
        41.17947769165039,
        41.212745666503906,
        16.428720474243164,
        41.66905212402344,
        41.83672332763672,
        40.96409606933594,
        40.012916564941406,
        40.247398376464844,
        40.3984489440918,
        41.29664611816406,
        40.701515197753906,
        41.24789047241211,
        41.07905960083008,
        41.16545104980469,
        40.39851760864258,
        38.89990234375,
        39.94190216064453,
        40.648193359375,
        40.50933074951172,
        41.58369064331055,
        42.400238037109375,
        41.07011413574219,
        40.70538330078125,
        41.20953369140625,
        39.132808685302734,
        40.87797546386719,
        40.47583770751953,
        41.92449951171875,
        40.62894058227539,
        40.92161178588867,
        40.333919525146484,
        41.01957321166992,
        41.48857498168945,
        40.519168853759766,
        39.76192855834961,
        40.45850372314453,
        16.30797004699707,
        40.70964431762695,
        41.361793518066406,
        39.060707092285156,
        39.932247161865234,
        40.904911041259766,
        40.12278366088867,
        41.10759735107422,
        40.06513977050781,
        41.03060531616211,
        40.987831115722656,
        39.9558219909668,
        40.310733795166016,
        40.41762161254883,
        40.31382369995117,
        41.119808197021484,
        41.37409591674805,
        41.08637237548828,
        39.66825866699219,
        41.744022369384766,
        39.134429931640625,
        40.9295768737793,
        40.76654815673828,
        40.7220344543457,
        41.05196762084961,
        40.349185943603516,
        40.99047088623047,
        41.696006774902344,
        41.243553161621094,
        41.747283935546875,
        41.01150131225586,
        39.80819320678711,
        40.9150505065918,
        39.51278305053711,
        40.009765625,
        40.79729461669922,
        41.901180267333984,
        38.693687438964844,
        41.768985748291016,
        41.50420379638672,
        40.16789245605469,
        40.12344741821289,
        38.996124267578125,
        41.2849006652832,
        41.717811584472656,
        41.400115966796875,
        41.62218475341797,
        40.981483459472656,
        39.33189010620117,
        40.155426025390625,
        41.1002082824707,
        41.526546478271484,
        40.48347854614258,
        40.051353454589844,
        41.65399932861328,
        39.86875915527344,
        40.976539611816406,
        40.612754821777344,
        40.98514175415039,
        39.09238052368164,
        39.690521240234375,
        41.78861999511719,
        39.80846405029297,
        40.62112045288086,
        40.86574172973633,
        40.32866287231445,
        40.728981018066406,
        40.81303405761719,
        40.59632110595703,
        41.27407455444336,
        41.345027923583984,
        41.32131576538086,
        42.302242279052734,
        40.34970474243164,
        40.597660064697266,
        39.95717239379883,
        40.500144958496094,
        41.83660888671875,
        39.00868606567383,
        39.563941955566406,
        39.77134323120117,
        40.24198532104492,
        40.36256790161133,
        39.690956115722656,
        42.26443862915039,
        41.32017517089844,
        40.98349380493164,
        41.84099578857422,
        41.413291931152344,
        40.3997802734375,
        40.639366149902344,
        39.80892562866211,
        41.83326721191406,
        40.5739631652832,
        40.824073791503906,
        40.357181549072266,
        40.5811882019043,
        40.870086669921875,
        39.95691680908203,
        41.54110336303711,
        40.84910202026367,
        40.95285415649414,
        41.4049186706543,
        40.01194763183594,
        41.39211654663086,
        40.540504455566406,
        39.64125442504883,
        39.92054748535156,
        40.4671630859375,
        41.710201263427734,
        40.44306182861328,
        39.24056625366211,
        40.339447021484375,
        40.23675537109375,
        40.19207000732422,
        39.941856384277344,
        41.033348083496094,
        42.27469253540039,
        41.050323486328125,
        40.35280990600586,
        40.83647155761719,
        40.30547332763672,
        40.37702178955078,
        40.8096923828125,
        39.8612060546875,
        40.195621490478516,
        40.69782257080078,
        41.351112365722656,
        41.27313995361328,
        41.700984954833984,
        41.363250732421875,
        39.98812484741211,
        38.986228942871094,
        42.01777648925781,
        40.915733337402344,
        40.888954162597656,
        41.54736328125,
        40.66368865966797,
        40.80590057373047,
        40.695518493652344,
        39.66267776489258,
        41.674903869628906,
        40.24138259887695,
        41.138729095458984,
        40.44609832763672,
        41.316280364990234,
        40.57253646850586,
        41.174869537353516,
        40.85038757324219,
        41.67990493774414,
        40.24741744995117,
        39.951988220214844,
        40.7182731628418,
        39.895912170410156,
        40.50840377807617,
        42.779239654541016,
        42.37919616699219,
        40.28310012817383,
        40.19382858276367,
        42.2188835144043,
        41.64620590209961,
        40.93894958496094,
        40.62704086303711,
        40.28934097290039,
        41.49615478515625,
        39.90206527709961,
        41.06586456298828,
        40.90731430053711,
        41.22359085083008,
        42.09453201293945,
        40.65571594238281,
        38.39760971069336,
        40.22085952758789,
        41.45524978637695,
        40.15593719482422,
        39.64459228515625,
        41.82298278808594,
        40.868873596191406,
        41.00794982910156,
        40.81055450439453,
        42.69995880126953,
        39.95021057128906,
        40.422908782958984,
        42.40989303588867,
        41.30294418334961,
        40.82685470581055,
        41.818912506103516,
        39.806575775146484,
        42.4608039855957,
        41.72199249267578,
        40.86771774291992,
        41.54267883300781,
        40.09870910644531,
        39.68004608154297,
        40.97283935546875,
        38.917198181152344,
        40.367591857910156,
        40.21757507324219,
        39.144657135009766,
        39.19232177734375,
        40.82126998901367,
        39.850128173828125,
        41.3106575012207,
        38.63758087158203,
        42.324607849121094,
        40.059425354003906,
        40.49155807495117,
        38.93252182006836,
        40.733604431152344,
        40.380611419677734,
        -4.173928260803223,
        40.40882873535156,
        40.510772705078125,
        40.28459930419922,
        39.882293701171875,
        40.34548568725586,
        40.03616714477539,
        40.29127502441406,
        40.56600570678711,
        42.254451751708984,
        39.36018753051758,
        41.15711212158203,
        38.993534088134766,
        41.42623519897461,
        39.970703125,
        40.478111267089844,
        40.598445892333984,
        39.78408432006836,
        39.728424072265625,
        38.385955810546875,
        41.31711959838867,
        39.61063766479492,
        41.6888313293457,
        39.792667388916016,
        40.19570541381836,
        39.748470306396484,
        41.06725311279297,
        40.06939697265625,
        41.107540130615234,
        40.12289047241211,
        40.8142204284668,
        41.41684341430664,
        40.45612335205078,
        38.7943229675293,
        40.17024230957031,
        41.68207550048828,
        41.12168884277344,
        37.89550018310547,
        40.432979583740234,
        40.97350311279297,
        40.83090591430664,
        40.17851257324219,
        41.86676788330078,
        39.03460693359375,
        42.74354934692383,
        40.0188102722168,
        40.5406379699707,
        39.54325485229492,
        39.35334777832031,
        40.77185821533203,
        41.329959869384766,
        41.61484909057617,
        41.62013626098633,
        42.30937576293945,
        40.0295295715332,
        40.91481399536133,
        40.6358528137207,
        41.15903091430664,
        40.914398193359375,
        41.17014694213867,
        40.9331169128418,
        40.808631896972656,
        39.21826171875,
        39.001163482666016,
        40.628334045410156,
        40.0493278503418,
        39.957984924316406,
        41.3538818359375,
        40.99108123779297,
        41.18747329711914,
        39.81351852416992,
        40.05159378051758,
        40.79008865356445,
        40.69114685058594,
        41.284217834472656,
        40.554420471191406,
        40.715579986572266,
        41.47441864013672,
        41.39561080932617,
        40.072391510009766,
        40.24460983276367,
        39.68077087402344,
        39.769630432128906,
        40.21484375,
        40.62745666503906,
        40.080509185791016,
        40.88347625732422,
        41.557525634765625,
        40.40555191040039,
        40.396995544433594,
        41.96110916137695,
        40.63833236694336,
        41.64802551269531,
        40.83755111694336,
        40.10348892211914,
        40.09318542480469,
        41.14884948730469,
        41.71115493774414,
        40.75084686279297,
        39.6104736328125,
        41.066612243652344,
        39.151241302490234,
        37.85431671142578,
        41.06085968017578,
        41.21202850341797,
        40.39472961425781,
        39.50215530395508,
        40.83052062988281,
        40.947242736816406,
        39.32981872558594,
        39.361690521240234,
        40.82956314086914,
        40.091880798339844,
        39.53109359741211,
        40.64319610595703,
        40.16742706298828,
        41.96568298339844,
        40.496673583984375,
        39.426700592041016,
        41.10356903076172,
        40.73497772216797,
        40.069374084472656,
        41.28410720825195,
        40.77008056640625,
        40.910606384277344,
        40.66572189331055,
        41.107879638671875,
        41.246368408203125,
        40.96965789794922,
        40.87055969238281,
        41.55009078979492,
        41.8630485534668,
        40.28034591674805,
        40.935691833496094,
        39.64777374267578,
        40.511600494384766,
        42.123043060302734,
        40.28460693359375,
        40.1583251953125,
        39.28717803955078,
        37.89955520629883,
        40.75819396972656,
        39.447364807128906,
        39.69197463989258,
        41.2218132019043,
        40.84665298461914,
        40.569915771484375,
        41.077701568603516,
        40.60888671875,
        41.39633560180664,
        41.594276428222656,
        41.14762878417969,
        41.32079315185547,
        41.775550842285156,
        41.019744873046875,
        41.32200622558594,
        41.13954544067383,
        40.300209045410156,
        40.71581268310547,
        41.847564697265625,
        41.04875564575195,
        40.41769027709961,
        40.00171661376953,
        40.60490036010742,
        40.38534164428711,
        40.771888732910156,
        40.48725891113281,
        39.15372848510742,
        18.082433700561523,
        40.832374572753906,
        40.106258392333984,
        40.28786849975586,
        39.414974212646484,
        40.336029052734375,
        40.506404876708984,
        39.812835693359375,
        42.006263732910156,
        39.700714111328125,
        40.77195739746094,
        39.83070373535156,
        40.13362121582031,
        39.59754943847656,
        41.718257904052734,
        39.714664459228516,
        40.69183349609375,
        41.33129119873047,
        40.69083023071289,
        40.2608757019043,
        40.54822540283203,
        41.35869216918945,
        39.81414031982422,
        40.29862594604492,
        39.936885833740234,
        40.79150390625,
        40.7763671875,
        42.37495422363281,
        41.25049591064453,
        40.185821533203125,
        40.93105697631836,
        40.54766082763672,
        40.47686004638672,
        38.196102142333984,
        41.078895568847656,
        41.157501220703125,
        41.00233840942383,
        39.86668395996094,
        40.90000915527344,
        39.99779510498047,
        41.350257873535156,
        38.69154357910156,
        40.232666015625,
        38.293514251708984,
        39.69482421875,
        40.775047302246094,
        39.787620544433594,
        40.68891143798828,
        41.249847412109375,
        41.74994659423828,
        41.37925720214844,
        42.060340881347656,
        39.04758834838867,
        40.07472610473633,
        41.08988571166992,
        42.004940032958984,
        40.6179313659668,
        40.5018310546875,
        41.283443450927734,
        40.62728500366211,
        40.6424446105957,
        40.04031753540039,
        40.418296813964844,
        40.674591064453125,
        41.326499938964844,
        41.254913330078125,
        41.236915588378906,
        40.287193298339844,
        40.857887268066406,
        39.808048248291016,
        41.602142333984375,
        39.86827087402344,
        40.661067962646484,
        39.83871078491211,
        39.229610443115234,
        41.968231201171875,
        39.02436065673828,
        40.050167083740234,
        40.905479431152344,
        39.70355224609375,
        41.60307312011719,
        40.96391296386719,
        36.431121826171875,
        41.052650451660156,
        40.277252197265625,
        41.500450134277344,
        40.71002197265625,
        41.17789077758789,
        40.77294921875,
        40.255706787109375,
        41.6546516418457,
        40.7993278503418,
        40.527462005615234,
        40.65703582763672,
        39.79082489013672,
        39.65053939819336,
        41.6380500793457,
        40.2560920715332,
        39.207733154296875,
        39.21676254272461,
        40.00002670288086,
        40.303184509277344,
        40.72999572753906,
        41.49679946899414,
        41.105316162109375,
        39.98393249511719,
        40.22608184814453,
        40.20537185668945,
        40.551170349121094,
        40.577457427978516,
        40.4650764465332,
        41.20977783203125,
        40.84421157836914,
        40.846153259277344,
        40.82950973510742,
        40.826595306396484,
        41.20243453979492,
        40.1414794921875,
        39.78887176513672,
        42.224891662597656,
        39.94773483276367,
        40.269012451171875,
        40.47970199584961,
        40.61018371582031,
        41.06733322143555,
        40.06209945678711,
        41.885257720947266,
        41.68825149536133,
        40.16754150390625,
        39.96431350708008,
        41.07445526123047,
        40.92739486694336,
        40.710567474365234,
        41.039642333984375,
        41.20811462402344,
        40.37993240356445,
        40.398563385009766,
        40.31324768066406,
        40.81271743774414,
        41.11128616333008,
        40.44060134887695,
        41.419918060302734,
        41.2226676940918,
        42.06018829345703,
        40.72845458984375,
        40.15100860595703,
        37.57776641845703,
        39.97460174560547,
        40.998069763183594,
        36.57533264160156,
        41.034629821777344,
        40.55740737915039,
        39.53016662597656,
        40.750850677490234,
        41.27185821533203,
        39.61378479003906,
        40.38096237182617,
        40.285892486572266,
        39.390403747558594,
        41.70138931274414,
        40.727386474609375,
        41.37351989746094,
        40.89223861694336,
        39.32030487060547,
        40.656044006347656,
        40.75260543823242,
        40.59162139892578,
        41.14277267456055,
        41.601287841796875,
        40.75796890258789,
        38.185184478759766,
        39.352603912353516,
        40.612430572509766,
        40.87687301635742,
        41.31856155395508,
        39.58615493774414,
        38.89918518066406,
        39.371498107910156,
        41.05752944946289,
        41.38419723510742,
        40.32133483886719,
        40.564491271972656,
        40.29297637939453,
        41.1999397277832,
        40.737579345703125,
        40.753753662109375,
        40.28196334838867,
        39.953948974609375,
        39.704288482666016,
        40.96866989135742,
        39.93577575683594,
        42.24318313598633,
        40.82074737548828,
        41.740787506103516,
        41.69097137451172,
        39.39146041870117,
        39.734622955322266,
        38.92140197753906,
        41.52323913574219,
        40.64473342895508,
        40.143558502197266,
        40.929222106933594,
        38.57175827026367,
        41.2263298034668,
        41.75180435180664,
        40.7642707824707,
        41.30079650878906,
        39.62179183959961,
        40.1988410949707,
        40.58403015136719,
        39.850772857666016,
        40.46345138549805,
        40.4419059753418,
        41.7641716003418,
        40.660099029541016,
        41.676422119140625,
        42.0162239074707,
        40.241886138916016,
        40.74481201171875,
        40.56344223022461,
        41.217613220214844,
        41.213218688964844,
        41.41767120361328,
        41.28527069091797,
        39.71163558959961,
        40.03986358642578,
        40.472442626953125,
        39.94436264038086,
        40.20895004272461,
        40.16106414794922,
        41.870574951171875,
        41.25370788574219,
        39.753814697265625,
        40.32621765136719,
        40.35023880004883,
        38.25727844238281,
        39.68185043334961,
        40.84569549560547,
        40.09634780883789,
        41.20274353027344,
        41.3748779296875,
        40.283416748046875,
        41.86394500732422,
        41.690731048583984,
        41.00224304199219,
        39.804649353027344,
        41.31208038330078,
        40.676300048828125,
        40.754615783691406,
        41.873443603515625,
        41.490604400634766,
        39.41244888305664,
        39.29875183105469,
        40.52738571166992,
        39.91666793823242,
        40.40533447265625,
        40.09553146362305,
        40.638126373291016,
        41.49443435668945,
        41.26305389404297,
        41.40607452392578,
        40.005184173583984,
        39.74068069458008,
        41.128440856933594,
        39.32819366455078,
        39.506126403808594,
        41.35924530029297,
        41.56992721557617,
        41.1014289855957,
        40.76626205444336,
        39.53642654418945,
        41.59272384643555,
        40.466094970703125,
        40.94875717163086,
        40.783470153808594,
        42.57958221435547,
        40.1245002746582,
        40.51299285888672,
        40.10226821899414,
        39.503963470458984,
        41.09380340576172,
        40.298431396484375,
        41.858848571777344,
        41.16382598876953,
        40.85306167602539,
        40.096160888671875,
        41.511138916015625,
        40.28201675415039,
        41.39535903930664,
        40.127601623535156,
        41.599185943603516,
        41.00898742675781,
        40.180091857910156,
        39.6550407409668,
        40.020965576171875,
        39.98925018310547,
        40.119163513183594,
        40.24242401123047,
        39.72901916503906,
        39.92194366455078,
        41.818603515625,
        39.879852294921875,
        41.0803337097168,
        40.947540283203125,
        41.23463821411133,
        41.20524597167969,
        39.129730224609375,
        41.921146392822266,
        39.122318267822266,
        40.25225830078125,
        42.17494201660156,
        41.33595275878906,
        41.30179977416992,
        40.60050582885742,
        40.43419647216797,
        40.28350830078125,
        41.13111877441406,
        41.92042922973633,
        40.846107482910156,
        41.44440841674805,
        41.28028869628906,
        40.329307556152344,
        40.38323974609375,
        40.52427673339844,
        39.54527282714844,
        39.42817687988281,
        40.4403076171875,
        42.01777267456055,
        41.632503509521484,
        40.09173583984375,
        40.59839630126953,
        41.35740280151367,
        39.4583854675293,
        40.358699798583984,
        39.98711013793945,
        40.40678024291992,
        40.35844039916992,
        41.871131896972656,
        41.80890655517578,
        41.73313903808594,
        41.1805419921875,
        40.71719741821289,
        40.592838287353516,
        39.82090759277344,
        40.22382736206055,
        40.51350021362305,
        40.31165313720703,
        41.313499450683594,
        40.61450958251953,
        40.161766052246094,
        40.97897720336914,
        40.03010940551758,
        40.42776107788086,
        40.057647705078125,
        40.9822998046875,
        41.480384826660156,
        39.841697692871094,
        40.717124938964844,
        42.323421478271484,
        40.09160614013672,
        41.2794189453125,
        41.380027770996094,
        41.05826187133789,
        41.862056732177734,
        38.85390090942383,
        39.623374938964844,
        41.156951904296875,
        41.25839614868164,
        41.20501708984375,
        41.09571838378906,
        40.059329986572266,
        40.600006103515625,
        40.7767219543457,
        40.43730163574219,
        40.269439697265625,
        40.496700286865234,
        41.52479934692383,
        41.1557502746582,
        41.107913970947266,
        41.346588134765625,
        41.453392028808594,
        41.600067138671875,
        39.60419845581055,
        41.3750114440918,
        40.90571212768555,
        40.46298599243164,
        41.046321868896484,
        41.499053955078125,
        40.24892044067383,
        41.83972930908203,
        39.7581901550293,
        40.237159729003906,
        40.941104888916016,
        40.47732925415039,
        41.42011260986328,
        40.9777946472168,
        41.35041046142578,
        40.37923812866211,
        39.70610809326172,
        40.33179473876953,
        41.74751281738281,
        41.17749786376953,
        40.934104919433594,
        41.71573257446289,
        41.061561584472656,
        39.63993453979492,
        41.95793914794922,
        41.55756378173828,
        40.200096130371094,
        40.5279426574707,
        41.10255813598633,
        40.1556396484375,
        40.75241470336914,
        17.042089462280273,
        41.77943420410156,
        40.67137908935547,
        41.48358154296875,
        41.08021926879883,
        40.83379364013672,
        41.701377868652344,
        40.7250862121582,
        41.17173385620117,
        41.070682525634766,
        40.52214431762695,
        40.46051788330078,
        39.20661544799805,
        41.43370819091797,
        39.50624084472656,
        40.17514419555664,
        40.59952926635742,
        40.16264343261719,
        40.59805679321289,
        40.334197998046875,
        40.13850784301758,
        40.97521209716797,
        40.32449722290039,
        41.45377731323242,
        40.827972412109375,
        41.64104461669922,
        40.85780715942383,
        40.83621597290039,
        39.700645446777344,
        40.33866882324219,
        41.056602478027344,
        41.981903076171875,
        41.57493591308594,
        40.63264465332031,
        40.39049530029297,
        41.86758041381836,
        40.897281646728516,
        40.042877197265625,
        40.09659194946289,
        41.34439468383789,
        39.69068908691406,
        39.32892608642578,
        41.52846145629883,
        41.6075439453125,
        40.58387756347656,
        40.71995544433594,
        39.253902435302734,
        39.92022705078125,
        41.618751525878906,
        40.8544807434082,
        41.48515701293945,
        40.97896957397461,
        41.506412506103516,
        41.07459259033203,
        39.752079010009766,
        40.58658981323242,
        41.4345703125,
        39.04153060913086,
        40.46100616455078,
        40.738258361816406,
        40.8813362121582,
        41.55949783325195,
        41.0340690612793,
        40.678382873535156,
        41.48225402832031,
        39.65189743041992,
        41.50676345825195,
        40.314754486083984,
        41.49837112426758,
        40.76813507080078,
        40.94202423095703,
        40.31563186645508,
        41.55849075317383,
        40.12701416015625,
        40.72745895385742,
        41.043434143066406,
        40.20055389404297,
        40.679439544677734,
        42.22552490234375,
        39.910308837890625,
        40.96895980834961,
        41.05502700805664,
        41.547061920166016,
        41.42057418823242,
        39.03711700439453,
        40.43201446533203,
        39.82020568847656,
        40.90516662597656,
        40.321712493896484,
        41.50770568847656,
        41.8375244140625,
        41.00358581542969,
        41.52560806274414,
        40.56067657470703,
        40.467735290527344,
        40.39761734008789,
        41.129764556884766,
        40.393104553222656,
        40.952762603759766,
        37.83771514892578,
        41.57794189453125,
        40.03524398803711,
        39.82012176513672,
        40.53181838989258,
        41.43627166748047,
        -3.583298444747925,
        39.78738021850586,
        40.72503662109375,
        39.14262390136719,
        40.66971969604492,
        40.077362060546875,
        40.01613998413086,
        41.35609436035156,
        40.00714874267578,
        39.98077392578125,
        39.770957946777344,
        39.9161376953125,
        40.462100982666016,
        12.808509826660156,
        40.851905822753906,
        41.1223030090332,
        41.23476028442383,
        41.7675666809082,
        39.973873138427734,
        41.52659606933594,
        42.20016098022461,
        41.85387420654297,
        42.104591369628906,
        40.19904327392578,
        40.54646682739258,
        40.5739860534668,
        39.97467803955078,
        40.95419692993164,
        40.10203552246094,
        41.37625503540039,
        40.965721130371094,
        39.18030548095703,
        40.94043731689453,
        40.280029296875,
        40.70964431762695,
        41.089698791503906,
        40.81850814819336,
        39.85237121582031,
        41.22456741333008,
        39.893028259277344,
        39.730018615722656,
        39.52996826171875,
        41.41679763793945,
        41.52711486816406,
        41.326534271240234,
        41.70692825317383,
        41.177433013916016,
        40.93034744262695,
        41.631446838378906,
        41.87854766845703,
        41.83155822753906,
        40.61480712890625,
        40.68648147583008,
        40.404396057128906,
        42.109676361083984,
        41.5787467956543,
        41.602535247802734,
        40.52375030517578,
        39.84731674194336,
        41.59519958496094,
        39.63383865356445,
        41.0565071105957,
        40.64552688598633,
        39.80601119995117,
        41.12434005737305,
        39.648799896240234,
        41.62105178833008,
        40.68922424316406,
        41.8644905090332,
        41.177947998046875,
        41.053199768066406,
        41.286617279052734,
        41.23110580444336,
        40.77531814575195,
        41.34857177734375,
        40.88477325439453,
        40.98659133911133,
        39.89195251464844,
        40.05897903442383,
        40.59165573120117,
        39.37724685668945,
        39.47357177734375,
        40.16075897216797,
        40.834102630615234,
        42.39358139038086,
        40.28487777709961,
        41.277793884277344,
        40.292510986328125,
        39.86467742919922,
        40.70376968383789,
        40.89484786987305,
        41.54781723022461,
        40.718135833740234,
        41.15172576904297,
        40.456241607666016,
        41.559940338134766,
        41.14890670776367,
        41.26761245727539,
        39.97755813598633,
        40.83564376831055,
        41.41387176513672,
        40.34861373901367,
        41.928871154785156,
        41.82303237915039,
        40.05243682861328,
        40.559112548828125,
        41.03306198120117,
        41.91625213623047,
        40.32252883911133,
        41.2236328125,
        40.02739334106445,
        40.93994903564453,
        41.538368225097656,
        41.37955093383789,
        41.48775863647461,
        40.412132263183594,
        40.306915283203125,
        40.02205276489258,
        39.94404220581055,
        39.609676361083984,
        41.59626007080078,
        40.25508499145508,
        41.140377044677734,
        41.22681427001953,
        40.27839279174805,
        39.37541198730469,
        40.88761901855469,
        40.66785430908203,
        41.7514762878418,
        42.58169937133789,
        39.81618118286133,
        40.337318420410156,
        41.17738723754883,
        40.393836975097656,
        40.225013732910156,
        41.0767822265625,
        41.340667724609375,
        38.0410270690918,
        41.062957763671875,
        41.230281829833984,
        40.69699478149414,
        41.531681060791016,
        39.84442901611328,
        41.690242767333984,
        42.13733673095703,
        40.24936294555664,
        40.87596130371094,
        41.541507720947266,
        40.163448333740234,
        39.825923919677734,
        40.465213775634766,
        40.27096176147461,
        40.25261306762695,
        40.41482162475586,
        40.05534744262695,
        41.010860443115234,
        40.21422576904297,
        39.31423568725586,
        41.51191711425781,
        42.27645492553711,
        41.779396057128906,
        41.45504379272461,
        40.135990142822266,
        39.978553771972656,
        41.273948669433594,
        41.179466247558594,
        40.63773727416992,
        42.02273178100586,
        40.280765533447266,
        39.416507720947266,
        42.33763885498047,
        41.926025390625,
        40.39237594604492,
        40.71714401245117,
        41.095848083496094,
        40.0003547668457,
        40.723880767822266,
        40.68235778808594,
        41.656002044677734,
        41.03855514526367,
        41.04720687866211,
        40.62702560424805,
        39.342472076416016,
        41.33835983276367,
        41.40974426269531,
        39.75600051879883,
        42.26145553588867,
        40.319942474365234,
        40.48750686645508,
        41.40964889526367,
        39.307273864746094,
        40.366947174072266,
        41.06706619262695,
        40.852027893066406,
        40.603206634521484,
        38.221946716308594,
        37.68435287475586,
        39.52373504638672,
        40.17360305786133,
        38.845924377441406,
        40.91292953491211,
        41.847103118896484,
        40.19584655761719,
        40.89374542236328,
        40.39707565307617,
        40.75934982299805,
        41.05690002441406,
        41.41447830200195,
        41.05976104736328,
        42.28068923950195,
        40.96818923950195,
        41.304813385009766,
        38.98533630371094,
        41.373817443847656,
        40.35295867919922,
        40.883209228515625,
        40.51213836669922,
        42.076446533203125,
        39.98080825805664,
        40.79313659667969,
        39.7459716796875,
        40.95284652709961,
        39.84233093261719,
        41.37594223022461,
        41.67491149902344,
        41.55452346801758,
        40.90835189819336,
        40.93214416503906,
        42.075740814208984,
        41.09143829345703,
        40.53678894042969,
        41.522071838378906,
        40.77836990356445,
        38.73842239379883,
        40.03622817993164,
        40.63736343383789,
        42.42831039428711,
        39.7415657043457,
        40.606170654296875,
        41.49079895019531,
        40.37458801269531,
        40.84765625,
        40.597572326660156,
        40.629478454589844,
        41.14687728881836,
        40.40834045410156,
        40.05623245239258,
        41.488399505615234,
        41.535099029541016,
        40.82903289794922,
        39.23278045654297,
        41.04520034790039,
        40.99657440185547,
        39.68014144897461,
        40.310691833496094,
        40.21706008911133,
        41.03704071044922,
        40.0600471496582,
        41.3434944152832,
        40.01411056518555,
        41.11025619506836,
        41.811424255371094,
        38.91849899291992,
        39.79018783569336,
        40.93075180053711,
        40.87373733520508,
        40.22197723388672,
        41.14960861206055,
        40.26374053955078,
        41.64403533935547,
        40.50058364868164,
        40.572296142578125,
        39.83122253417969,
        41.557472229003906,
        41.84461212158203,
        40.404266357421875,
        40.36013412475586,
        41.47905731201172,
        40.63204574584961,
        41.242462158203125,
        40.91084289550781,
        40.56759262084961,
        40.81087112426758,
        39.22154998779297,
        40.614749908447266,
        40.2701416015625,
        40.899024963378906,
        40.40774154663086,
        41.848472595214844,
        41.40324020385742,
        41.11578369140625,
        40.424217224121094,
        3.6519196033477783,
        41.67053985595703,
        39.469024658203125,
        40.55667495727539,
        40.980281829833984,
        40.86329650878906,
        40.373226165771484,
        41.09343719482422,
        37.98986053466797,
        39.711116790771484,
        41.17195129394531,
        39.72431182861328,
        41.17109680175781,
        41.122161865234375,
        40.81747055053711,
        41.502708435058594,
        40.86891174316406,
        40.853851318359375,
        40.961029052734375,
        40.07073974609375,
        39.89027404785156,
        40.76451110839844,
        40.47550964355469,
        40.14700698852539,
        39.485530853271484,
        41.49619674682617,
        40.952606201171875,
        39.48903274536133,
        39.389801025390625,
        40.87260818481445,
        41.306129455566406,
        38.991085052490234,
        41.33917999267578,
        38.19771957397461,
        40.97625732421875,
        40.179195404052734,
        41.85263442993164,
        41.21681213378906,
        40.99972152709961,
        41.45598220825195,
        40.222816467285156,
        41.495872497558594,
        41.456417083740234,
        39.85115432739258,
        41.15848922729492,
        41.5854606628418,
        42.27935028076172,
        41.39583206176758,
        40.317298889160156,
        42.027809143066406,
        40.222557067871094,
        40.349273681640625,
        41.480167388916016,
        40.857112884521484,
        40.70266342163086,
        40.08262634277344,
        40.55375671386719,
        41.281105041503906,
        40.27676773071289,
        41.91470718383789,
        40.01432800292969,
        39.862606048583984,
        39.83778762817383,
        40.617671966552734,
        41.7175178527832,
        40.03818893432617,
        41.80128479003906,
        40.14570999145508,
        40.76022720336914,
        41.35567092895508,
        39.66481399536133,
        39.206573486328125,
        41.03495788574219,
        42.16798400878906,
        40.80502700805664,
        40.446590423583984,
        40.6087646484375,
        39.21528244018555,
        41.80897521972656,
        39.9569091796875,
        42.12325668334961,
        41.2058219909668,
        39.97359085083008,
        41.063011169433594,
        41.8157844543457,
        39.906272888183594,
        39.34625244140625,
        41.272010803222656,
        37.542930603027344,
        40.49832534790039,
        40.23122787475586,
        41.19512176513672,
        40.72526168823242,
        41.71620559692383,
        42.103843688964844,
        40.51481628417969,
        40.385013580322266,
        41.0941276550293,
        41.260986328125,
        40.75802993774414,
        41.820037841796875,
        41.14436340332031,
        41.21198272705078,
        41.638736724853516,
        40.686458587646484,
        40.67466735839844,
        41.15534210205078,
        40.78814697265625,
        41.05426788330078,
        41.4984130859375,
        41.48017120361328,
        41.593841552734375,
        38.03786849975586,
        40.96251678466797,
        39.54500961303711,
        40.952388763427734,
        39.913307189941406,
        40.97614288330078,
        41.2999267578125,
        41.09125900268555,
        41.445796966552734,
        39.496822357177734,
        40.88894271850586,
        40.31572341918945,
        39.8903923034668,
        40.20359802246094,
        39.72154235839844,
        40.25090789794922,
        41.18788146972656,
        42.10818099975586,
        40.32482147216797,
        41.633697509765625,
        40.40085220336914,
        40.50235366821289,
        40.882259368896484,
        39.54969787597656,
        40.58489227294922,
        40.16636276245117,
        39.0481071472168,
        41.333106994628906,
        41.49142074584961,
        41.14190673828125,
        41.17144012451172,
        41.685020446777344,
        41.016143798828125,
        40.81266403198242,
        39.62544250488281,
        41.483882904052734,
        41.296016693115234,
        39.82957458496094,
        40.60270309448242,
        41.24883270263672,
        40.673648834228516,
        40.898681640625,
        40.2291259765625,
        39.7353401184082,
        39.2019157409668,
        40.4782600402832,
        39.23406982421875,
        41.548213958740234,
        40.71163558959961,
        41.540069580078125,
        40.992828369140625,
        40.935935974121094,
        41.0245361328125,
        40.83867645263672,
        40.596439361572266,
        39.59296417236328,
        40.86035919189453,
        40.970237731933594,
        39.635704040527344,
        41.27090835571289,
        41.029693603515625,
        40.20337677001953,
        40.87380599975586,
        42.127017974853516,
        41.3338623046875,
        40.00588607788086,
        41.1355094909668,
        40.847129821777344,
        41.47205352783203,
        40.441104888916016,
        41.26259231567383,
        40.34507369995117,
        39.89079284667969,
        41.98533248901367,
        42.2865104675293,
        40.47645950317383,
        40.89079284667969,
        40.08781433105469,
        39.833946228027344,
        40.982208251953125,
        39.17271041870117,
        39.897071838378906,
        39.595794677734375,
        41.93045425415039,
        40.035282135009766,
        41.51039505004883,
        41.798255920410156,
        40.00743865966797,
        41.35639572143555,
        41.33022689819336,
        41.13101577758789,
        41.25223922729492,
        39.22465133666992,
        40.5126953125,
        40.14762496948242,
        40.97153854370117,
        40.82830047607422,
        40.82310485839844,
        40.74245834350586,
        40.890377044677734,
        40.81292724609375,
        40.061649322509766,
        40.8814811706543,
        41.91578674316406,
        42.32244110107422,
        40.723724365234375,
        39.95296859741211,
        40.941246032714844,
        40.09693145751953,
        39.81196212768555,
        39.812660217285156,
        41.4638671875,
        40.443790435791016,
        41.412445068359375,
        41.7015266418457,
        40.972442626953125,
        41.12582778930664,
        41.7279052734375,
        41.64850997924805,
        41.91184997558594,
        40.04922866821289,
        41.05588912963867,
        39.5881462097168,
        41.65290832519531,
        39.34935760498047,
        -11.719402313232422,
        40.04825973510742,
        39.11579513549805,
        41.487850189208984,
        40.70735168457031,
        40.68781661987305,
        38.664669036865234,
        40.2460823059082,
        40.925655364990234,
        40.597652435302734,
        40.69441223144531,
        40.57918930053711,
        40.08623504638672,
        39.98361587524414,
        40.13007736206055,
        38.44036865234375,
        39.95840072631836,
        41.440914154052734,
        41.8531608581543,
        40.497135162353516,
        41.32018280029297,
        39.38858413696289,
        39.98777770996094,
        41.27842330932617,
        40.30192565917969,
        40.467201232910156,
        40.960227966308594,
        41.7485237121582,
        40.46929931640625,
        38.785648345947266,
        41.43598937988281,
        41.396453857421875,
        39.565372467041016,
        40.39645004272461,
        40.41930389404297,
        38.689491271972656,
        39.46818923950195,
        41.290592193603516,
        41.035789489746094,
        41.10839080810547,
        41.255252838134766,
        40.61571502685547,
        39.22770690917969,
        38.96104049682617,
        41.18977355957031,
        42.324771881103516,
        40.96860122680664,
        41.17591857910156,
        40.70451354980469,
        38.78484344482422,
        39.746986389160156,
        42.652099609375,
        41.4034538269043,
        39.858001708984375,
        39.424217224121094,
        40.48629379272461,
        40.212623596191406,
        41.0810432434082,
        39.21922302246094,
        41.15114212036133,
        40.99124526977539,
        41.57753372192383,
        40.840576171875,
        42.08244323730469,
        41.31874084472656,
        40.895511627197266,
        41.30059051513672,
        40.0418701171875,
        41.721763610839844,
        41.316490173339844,
        39.1590690612793,
        40.320980072021484,
        40.77235412597656,
        39.8361701965332,
        40.61957931518555,
        40.964378356933594,
        40.66596221923828,
        40.68159484863281,
        40.6556396484375,
        40.165069580078125,
        40.92938232421875,
        40.91423034667969,
        41.486141204833984,
        39.08205795288086,
        40.76070785522461,
        41.74641799926758,
        41.21242141723633,
        41.14470291137695,
        40.868263244628906,
        40.020957946777344,
        41.3344612121582,
        41.34100341796875,
        40.215660095214844,
        40.71852111816406,
        40.204124450683594,
        40.88238525390625,
        41.054264068603516,
        41.28456115722656,
        39.99912643432617,
        41.51013946533203,
        40.933895111083984,
        40.27305603027344,
        40.462181091308594,
        40.040950775146484,
        41.38286209106445,
        40.79440689086914,
        41.11964797973633,
        40.933815002441406,
        39.240440368652344,
        41.50365447998047,
        41.17303466796875,
        40.10725021362305,
        39.77632522583008,
        41.21035385131836,
        40.71794128417969,
        41.012821197509766,
        42.32450866699219,
        41.37257766723633,
        39.81019973754883,
        40.49612808227539,
        41.141334533691406,
        40.16925048828125,
        40.261558532714844,
        40.53273391723633,
        40.07914352416992,
        40.23125457763672,
        41.22705841064453,
        41.59512710571289,
        41.38715744018555,
        41.7635612487793,
        40.086273193359375,
        41.596981048583984,
        42.07670974731445,
        41.85771942138672,
        40.11221694946289,
        39.43169403076172,
        41.15776443481445,
        41.20386505126953,
        40.81850814819336,
        40.48843765258789,
        40.966365814208984,
        39.56082534790039,
        41.43220901489258,
        40.5327033996582,
        39.45206832885742,
        39.78513717651367,
        40.03775405883789,
        40.38663864135742,
        39.63433074951172,
        39.400814056396484,
        41.39863586425781,
        39.70778274536133,
        41.42314147949219,
        41.492576599121094,
        40.22515106201172,
        40.90359878540039,
        41.49928665161133,
        41.13560104370117,
        38.55654525756836,
        41.07020568847656,
        41.54042434692383,
        40.466739654541016,
        41.488525390625,
        39.692535400390625,
        40.91211700439453,
        41.688812255859375,
        41.42301559448242,
        40.78832244873047,
        41.84794235229492,
        39.87459945678711,
        40.503421783447266,
        40.94953536987305,
        40.183448791503906,
        40.63858413696289,
        41.25678253173828,
        40.121463775634766,
        39.84028244018555,
        40.693172454833984,
        41.36720275878906,
        41.181488037109375,
        40.39162826538086,
        41.25105285644531,
        41.15953063964844,
        40.62090301513672,
        41.433990478515625,
        41.59248352050781,
        41.730770111083984,
        38.627017974853516,
        40.116485595703125,
        41.58400344848633,
        41.279693603515625,
        41.81474685668945,
        41.27210235595703,
        39.521270751953125,
        40.00457763671875,
        41.444820404052734,
        39.27510070800781,
        40.074851989746094,
        41.30388641357422,
        41.290489196777344,
        40.386409759521484,
        40.202735900878906,
        39.779052734375,
        41.90274429321289,
        40.318607330322266,
        40.86116027832031,
        41.436485290527344,
        40.96799087524414,
        41.47333908081055,
        41.214847564697266,
        39.714351654052734,
        41.5281867980957,
        40.94057083129883,
        41.1522331237793,
        40.8014030456543,
        40.321441650390625,
        40.17245101928711,
        41.28062057495117,
        41.73229217529297,
        40.68927764892578,
        39.39493179321289,
        39.78939437866211,
        41.09320068359375,
        40.92788314819336,
        40.926876068115234,
        40.62494659423828,
        41.63686752319336,
        40.888431549072266,
        41.1208381652832,
        40.97821044921875,
        40.16720962524414,
        39.64271545410156,
        40.28342056274414,
        39.79605484008789,
        39.9664192199707,
        41.52569580078125,
        39.91944885253906,
        39.635494232177734,
        40.11982345581055,
        40.8258056640625,
        40.78044891357422,
        41.56151580810547,
        40.40971755981445,
        39.79372024536133,
        41.51477813720703,
        40.84214401245117,
        39.54872512817383,
        41.26800537109375,
        41.82572555541992,
        40.817325592041016,
        40.663055419921875,
        40.91097640991211,
        39.43031692504883,
        40.864295959472656,
        40.6862907409668,
        40.59952926635742,
        40.755123138427734,
        40.249176025390625,
        38.61996841430664,
        40.21287536621094,
        41.368408203125,
        39.37811279296875,
        39.126102447509766,
        41.110389709472656,
        41.375675201416016,
        41.573116302490234,
        39.47788619995117,
        40.82997131347656,
        40.62693405151367,
        39.27098846435547,
        40.54365539550781,
        40.30508041381836,
        39.84623336791992,
        41.6652717590332,
        39.14845657348633,
        39.8148193359375,
        40.39362335205078,
        41.59383010864258,
        40.257328033447266,
        40.8559684753418,
        41.38252258300781,
        39.51778793334961,
        41.456634521484375,
        41.905208587646484,
        40.45779037475586,
        40.07305908203125,
        40.353004455566406,
        41.23727798461914,
        39.038787841796875,
        40.618247985839844,
        40.69776916503906,
        40.48707580566406,
        41.19647216796875,
        40.728328704833984,
        39.566192626953125,
        39.54645538330078,
        40.24248504638672,
        40.622459411621094,
        41.274497985839844,
        40.77845001220703,
        39.57133483886719,
        41.09780502319336,
        39.865150451660156,
        41.39212417602539,
        39.98111343383789,
        41.037967681884766,
        41.52355194091797,
        39.98779296875,
        40.27448272705078,
        41.366207122802734,
        41.56662368774414,
        40.51466369628906,
        39.18999481201172,
        40.85218811035156,
        41.12933349609375,
        41.700382232666016,
        39.49246597290039,
        40.266178131103516,
        39.83452606201172,
        40.687660217285156,
        40.12841796875,
        39.82878494262695,
        41.46625518798828,
        40.60614013671875,
        40.759681701660156,
        40.77866744995117,
        40.70075225830078,
        41.49748611450195,
        40.018150329589844,
        41.10342788696289,
        41.29067611694336,
        39.70892333984375,
        41.075042724609375,
        40.66634750366211,
        39.089900970458984,
        40.159950256347656,
        40.84514617919922,
        39.39914321899414,
        40.265647888183594,
        39.88634490966797,
        41.03361892700195,
        40.52949523925781,
        40.32259750366211,
        41.10997772216797,
        41.290802001953125,
        40.35884475708008,
        39.84331512451172,
        38.865821838378906,
        40.44599914550781,
        41.637306213378906,
        39.702186584472656,
        40.12094497680664,
        38.33811950683594,
        41.735595703125,
        40.99642562866211,
        39.20624923706055,
        39.78938674926758,
        40.85090255737305,
        40.2180061340332,
        38.45722579956055,
        41.42086410522461,
        41.03310775756836,
        39.27272415161133,
        40.84989547729492,
        40.24752426147461,
        40.95048904418945,
        40.451263427734375,
        40.878440856933594,
        41.34687423706055,
        39.86942672729492,
        41.24122619628906,
        39.592655181884766,
        41.33369445800781,
        39.21586990356445,
        40.1429557800293,
        42.081336975097656,
        41.490936279296875,
        40.46955490112305,
        41.78839111328125,
        40.613487243652344,
        41.136138916015625,
        40.039955139160156,
        40.70111846923828,
        41.206478118896484,
        41.49258041381836,
        39.58421325683594,
        41.62746047973633,
        41.499351501464844,
        40.78117752075195,
        40.86275100708008,
        39.42970657348633,
        42.14590072631836,
        38.41500473022461,
        41.35045623779297,
        41.5511360168457,
        41.37499237060547,
        41.19347381591797,
        39.494136810302734,
        41.13742446899414,
        42.26316833496094,
        41.054931640625,
        42.74680709838867,
        38.701900482177734,
        41.0509033203125,
        40.013423919677734,
        41.81399154663086,
        41.216094970703125,
        40.05572509765625,
        39.74238967895508,
        40.43674087524414,
        40.35287857055664,
        38.617088317871094,
        40.69062042236328,
        42.331695556640625,
        41.56794738769531,
        40.29316711425781,
        41.607177734375,
        40.198551177978516,
        40.52752685546875,
        41.10940170288086,
        40.403018951416016,
        39.702449798583984,
        40.70784378051758,
        39.59164047241211,
        39.868560791015625,
        39.970584869384766,
        39.78459167480469,
        41.93545150756836,
        40.580101013183594,
        40.99047088623047,
        41.3045654296875,
        41.55370330810547,
        41.270477294921875,
        40.90407943725586,
        39.17173385620117,
        40.98783874511719,
        41.359989166259766,
        42.165748596191406,
        40.677547454833984,
        39.785789489746094,
        39.37432861328125,
        42.64448547363281,
        40.9674072265625,
        40.153831481933594,
        39.815460205078125,
        40.07591247558594,
        41.20391082763672,
        42.120052337646484,
        40.19935989379883,
        42.95645523071289,
        40.40849304199219,
        40.83680725097656,
        39.799617767333984,
        41.53636169433594,
        39.96773147583008,
        40.7498664855957,
        40.48892593383789,
        41.31214141845703,
        41.400177001953125,
        40.62546920776367,
        40.04618453979492,
        40.88752746582031,
        40.57662582397461,
        40.196712493896484,
        41.490447998046875,
        41.21372985839844,
        41.739566802978516,
        39.9906005859375,
        41.410621643066406,
        42.370323181152344,
        39.918758392333984,
        40.57613754272461,
        42.141239166259766,
        40.44654083251953,
        39.657630920410156,
        41.744815826416016,
        39.98933792114258,
        40.655025482177734,
        39.593833923339844,
        40.954952239990234,
        41.30738067626953,
        40.9989013671875,
        40.999568939208984,
        39.93179702758789,
        39.786136627197266,
        41.13106155395508,
        40.4089469909668,
        39.96268844604492,
        39.901607513427734,
        41.21168899536133,
        40.31756591796875,
        40.34775161743164,
        40.01823806762695,
        41.80823516845703,
        40.28274917602539,
        40.240238189697266,
        41.10757064819336,
        41.11173629760742,
        41.666114807128906,
        40.4166374206543,
        40.84663391113281,
        41.40277099609375,
        39.76357650756836,
        39.76674270629883,
        37.71172332763672,
        41.67440414428711,
        40.98836135864258,
        41.48441696166992,
        40.24321365356445,
        40.43584060668945,
        40.32167434692383,
        40.14949035644531,
        41.19675827026367,
        40.350467681884766,
        40.55396270751953,
        41.50617980957031,
        42.0205192565918,
        41.147613525390625,
        39.973670959472656,
        39.187381744384766,
        41.216163635253906,
        40.41762924194336,
        39.7094841003418,
        40.95976638793945,
        39.60862731933594,
        40.1696662902832,
        40.83531951904297,
        41.280582427978516,
        40.84284973144531,
        39.2430534362793,
        41.185935974121094,
        40.610618591308594,
        40.51200485229492,
        39.25259780883789,
        41.430484771728516,
        40.235252380371094,
        40.27186965942383,
        41.675086975097656,
        40.325233459472656,
        40.17606735229492,
        40.71487045288086,
        41.32501983642578,
        39.8389778137207,
        40.815879821777344,
        40.76533126831055,
        39.898006439208984,
        41.618919372558594,
        40.83183288574219,
        40.263553619384766,
        41.195556640625,
        41.75810241699219,
        40.35831069946289,
        39.970558166503906,
        39.63639450073242,
        41.403568267822266,
        39.37492752075195,
        40.55363845825195,
        41.009613037109375,
        42.01874542236328,
        40.07120895385742,
        40.2083854675293,
        40.58008575439453,
        40.80710220336914,
        41.10123825073242,
        41.07439422607422,
        41.04560470581055,
        40.498207092285156,
        41.36725997924805,
        42.813331604003906,
        42.10505294799805,
        40.79522705078125,
        41.4589729309082,
        40.90801239013672,
        39.912479400634766,
        41.73641586303711,
        40.988059997558594,
        41.279056549072266,
        39.55984878540039,
        41.46957015991211,
        40.26401138305664,
        40.814674377441406,
        41.68798065185547,
        40.15058517456055,
        40.14128112792969,
        41.913658142089844,
        39.184913635253906,
        40.48830032348633,
        40.7144889831543,
        40.864192962646484,
        40.974178314208984,
        40.8726692199707,
        41.25178909301758,
        41.3354606628418,
        39.95372772216797,
        40.09098815917969,
        40.4429931640625,
        40.081626892089844,
        40.96418762207031,
        39.74197006225586,
        41.70322036743164,
        41.39735794067383,
        40.26993179321289,
        41.61611557006836,
        41.52549362182617,
        40.12065505981445,
        41.17897415161133,
        41.889404296875,
        40.197818756103516,
        40.90208435058594,
        39.300113677978516,
        40.378074645996094,
        41.464176177978516,
        40.90216064453125,
        38.777015686035156,
        40.56956481933594,
        40.24588394165039,
        39.66755676269531,
        40.090824127197266,
        41.257564544677734,
        41.36659622192383,
        40.78548812866211,
        40.8310661315918,
        41.56361770629883,
        40.514862060546875,
        41.544288635253906,
        40.77177047729492,
        41.405662536621094,
        42.269325256347656,
        40.29069137573242,
        41.126129150390625,
        41.97516632080078,
        41.09674835205078,
        40.919891357421875,
        40.523067474365234,
        39.88417053222656,
        39.32640838623047,
        41.815555572509766,
        40.58122634887695,
        40.99944305419922,
        42.00443649291992,
        41.016239166259766,
        41.88386917114258,
        40.0448112487793,
        41.10070037841797,
        40.81733703613281,
        41.757450103759766,
        41.179569244384766,
        42.16164779663086,
        40.06858444213867,
        41.120849609375,
        40.56184768676758,
        40.13170623779297,
        40.71672821044922,
        39.29435729980469,
        40.874412536621094,
        38.876277923583984,
        40.77634048461914,
        40.760135650634766,
        41.001708984375,
        41.114479064941406,
        40.00102996826172,
        40.23984146118164,
        41.02244567871094,
        38.86954116821289,
        41.719913482666016,
        40.57826614379883,
        40.31566619873047,
        41.072792053222656,
        40.5097541809082,
        39.80764389038086,
        41.271183013916016,
        40.37993621826172,
        40.8830680847168,
        41.51072311401367,
        40.28609085083008,
        41.652313232421875,
        40.97958755493164,
        41.900367736816406,
        40.8406982421875,
        41.01825714111328,
        40.560489654541016,
        39.04033660888672,
        41.151458740234375,
        40.157066345214844,
        40.42127227783203,
        39.49177169799805,
        39.187015533447266,
        41.34028244018555,
        40.85169982910156,
        39.78672409057617,
        40.63374710083008,
        40.72957992553711,
        40.60693359375,
        41.10494613647461,
        39.48155212402344,
        41.07737731933594,
        41.64765930175781,
        40.940696716308594,
        40.12480163574219,
        40.747413635253906,
        40.83976364135742,
        39.94816589355469,
        40.8254280090332,
        40.47792434692383,
        39.26358413696289,
        39.85316848754883,
        40.73855209350586,
        41.31644821166992,
        40.62154006958008,
        39.441097259521484,
        40.97391128540039,
        40.033714294433594,
        41.21508026123047,
        40.9402961730957,
        41.55453872680664,
        41.94273376464844,
        40.604671478271484,
        41.2072868347168,
        39.89857864379883,
        38.77327346801758,
        40.785606384277344,
        39.27839660644531,
        41.38037872314453,
        40.09653091430664,
        9.866710662841797,
        40.34339141845703,
        40.23841857910156,
        40.301395416259766,
        41.30169677734375,
        40.04518127441406,
        40.691062927246094,
        40.433631896972656,
        39.66570281982422,
        41.15867614746094,
        40.78855514526367,
        41.42604064941406,
        40.1552848815918,
        41.1226921081543,
        41.54372787475586,
        40.43779373168945,
        40.447933197021484,
        40.60102081298828,
        40.68330001831055,
        40.76987075805664,
        40.33347702026367,
        41.91451644897461,
        40.49336624145508,
        41.091243743896484,
        41.22715377807617,
        40.548805236816406,
        40.64168930053711,
        41.59880447387695,
        39.5316162109375,
        41.01245880126953,
        40.40374755859375,
        38.20819091796875,
        37.54655456542969,
        40.60022735595703,
        40.4793586730957,
        40.80259704589844,
        40.9245491027832,
        41.92546081542969,
        40.84150314331055,
        38.775699615478516,
        41.235042572021484,
        40.138572692871094,
        40.85007095336914,
        41.21388626098633,
        41.00261306762695,
        41.339447021484375,
        39.89051818847656,
        41.136531829833984,
        41.68526840209961,
        40.747711181640625,
        41.15489959716797,
        40.43914794921875,
        39.472835540771484,
        41.17219924926758,
        39.47661590576172,
        40.39661407470703,
        40.2538948059082,
        39.97138214111328,
        40.21670913696289,
        39.875877380371094,
        40.54395294189453,
        40.921226501464844,
        40.35401916503906,
        38.715972900390625,
        41.186500549316406,
        40.83134460449219,
        39.56891632080078,
        37.84921646118164,
        39.752464294433594,
        40.935462951660156,
        41.352638244628906,
        41.46323013305664,
        40.68458938598633,
        40.80506896972656,
        40.26469802856445,
        41.00835037231445,
        41.447959899902344,
        42.271873474121094,
        41.7534065246582,
        41.45574951171875,
        40.763092041015625,
        39.60456466674805,
        40.52476501464844,
        41.45674133300781,
        40.83133316040039,
        40.85663986206055,
        40.15629196166992,
        40.69652557373047,
        40.21855926513672,
        39.67073059082031,
        41.21648406982422,
        39.717185974121094,
        40.412654876708984,
        39.75648880004883,
        41.22947311401367,
        39.23101806640625,
        42.10808563232422,
        40.94215774536133,
        41.0892333984375,
        40.55858612060547,
        39.9801025390625,
        41.19888687133789,
        41.67131423950195,
        40.524208068847656,
        40.69869613647461,
        39.89716339111328,
        40.527008056640625,
        42.02437973022461,
        39.93142318725586,
        39.38370895385742,
        39.51694107055664,
        41.132347106933594,
        41.75837326049805,
        41.0008544921875,
        38.66505432128906,
        40.33066940307617,
        40.63691329956055,
        41.34318923950195,
        41.22938919067383,
        40.681724548339844,
        41.388763427734375,
        40.37335968017578,
        42.17684555053711,
        41.653160095214844,
        41.51282501220703,
        40.02344512939453,
        40.88732147216797,
        41.906986236572266,
        39.12249755859375,
        41.588809967041016,
        41.23856735229492,
        42.470943450927734,
        41.7605094909668,
        40.16984939575195,
        38.680206298828125,
        41.46590042114258,
        39.784847259521484,
        41.786808013916016,
        41.02323532104492,
        40.453285217285156,
        40.776573181152344,
        41.31807327270508,
        40.6468505859375,
        42.23370361328125,
        40.82616424560547,
        41.74431228637695,
        40.48883056640625,
        40.935054779052734,
        40.441158294677734,
        40.40927505493164,
        40.9298210144043,
        40.600215911865234,
        40.523101806640625,
        39.96916198730469,
        41.33907699584961,
        41.6002311706543,
        40.297183990478516,
        40.864112854003906,
        41.436988830566406,
        40.01044845581055,
        41.476470947265625,
        39.595375061035156,
        41.073429107666016,
        41.567787170410156,
        41.25505447387695,
        39.805747985839844,
        40.50592041015625,
        40.11073684692383,
        39.69440460205078,
        40.88003158569336,
        41.63370895385742,
        40.04866409301758,
        41.5813102722168,
        41.55034255981445,
        39.83089828491211,
        41.81092834472656,
        39.1609992980957,
        40.09667205810547,
        38.860164642333984,
        40.73423385620117,
        42.025333404541016,
        41.9621696472168,
        41.47352600097656,
        40.30601501464844,
        40.300357818603516,
        41.357975006103516,
        41.46074295043945,
        41.25613784790039,
        39.949710845947266,
        41.663028717041016,
        39.03639602661133,
        39.83346176147461,
        41.74881362915039,
        41.20163345336914,
        41.93288803100586,
        41.128726959228516,
        41.14676284790039,
        40.06671142578125,
        39.703800201416016,
        41.365081787109375,
        41.66316223144531,
        40.901283264160156,
        40.87375259399414,
        41.79548645019531,
        39.415096282958984,
        40.84877014160156,
        41.06211853027344,
        39.202823638916016,
        39.43165969848633,
        41.46952438354492,
        39.776031494140625,
        40.640872955322266,
        41.625797271728516,
        41.064632415771484,
        40.610496520996094,
        39.969932556152344,
        42.04780578613281,
        41.011837005615234,
        39.64894485473633,
        42.95208740234375,
        39.810577392578125,
        39.830360412597656,
        41.56269454956055,
        41.042236328125,
        39.566864013671875,
        39.07841873168945,
        40.03769302368164,
        41.627296447753906,
        40.397735595703125,
        -2.6785473823547363,
        41.422611236572266,
        40.99287033081055,
        40.622467041015625,
        40.387184143066406,
        40.3938102722168,
        40.8447151184082,
        40.88453674316406,
        40.68836975097656,
        39.92624282836914,
        40.36181640625,
        39.975589752197266,
        40.44171142578125,
        40.908241271972656,
        41.20511245727539,
        40.2401008605957,
        40.41041946411133,
        40.45721435546875,
        40.61967086791992,
        40.22671127319336,
        41.07379913330078,
        41.43791961669922,
        40.81730651855469,
        38.644187927246094,
        42.22183609008789,
        41.15265655517578,
        42.352569580078125,
        40.65511703491211,
        40.600685119628906,
        39.58885955810547,
        40.13636779785156,
        39.47026443481445,
        40.02927780151367,
        41.124385833740234,
        41.3198356628418,
        40.33808517456055,
        42.166038513183594,
        39.1275634765625,
        41.12482833862305,
        41.72494125366211,
        40.31563186645508,
        41.22675704956055,
        42.799034118652344,
        40.37604904174805,
        38.975460052490234,
        41.125221252441406,
        40.14036560058594,
        41.62856674194336,
        40.288291931152344,
        40.46894836425781,
        41.01518630981445,
        40.935035705566406,
        41.331356048583984,
        41.606544494628906,
        41.209190368652344,
        41.85673904418945,
        40.601478576660156,
        42.22799301147461,
        40.757293701171875,
        39.827152252197266,
        40.90283203125,
        41.261573791503906,
        41.35920715332031,
        41.24834060668945,
        40.11387634277344,
        42.0448112487793,
        40.643898010253906,
        40.28160858154297,
        42.72536087036133,
        40.625579833984375,
        40.181217193603516,
        40.59062194824219,
        39.2329216003418,
        41.664642333984375,
        41.247745513916016,
        41.89663314819336,
        40.5568733215332,
        39.58403778076172,
        40.389244079589844,
        41.33010482788086,
        41.608436584472656,
        40.2440299987793,
        41.96952438354492,
        42.542667388916016,
        39.923343658447266,
        39.594303131103516,
        -2.4908905029296875,
        39.97255325317383,
        42.90301513671875,
        38.51202392578125,
        42.1076774597168,
        41.18196105957031,
        40.606014251708984,
        41.275146484375,
        41.665687561035156,
        40.87104415893555,
        41.26045227050781,
        41.33335876464844,
        39.74467086791992,
        42.29898452758789,
        40.16444396972656,
        41.22226333618164,
        40.78583526611328,
        40.89686965942383,
        40.231529235839844,
        41.241756439208984,
        39.397056579589844,
        40.529788970947266,
        39.150733947753906,
        39.736236572265625,
        40.82579040527344,
        40.783382415771484,
        40.390506744384766,
        40.858848571777344,
        39.82414627075195,
        40.78276824951172,
        39.93674850463867,
        40.21746063232422,
        40.35024642944336,
        39.68281173706055,
        40.73322296142578,
        40.11249923706055,
        39.48506546020508,
        40.587860107421875,
        39.9631462097168,
        41.164939880371094,
        41.28998947143555,
        41.01283264160156,
        41.95732498168945,
        40.44618606567383,
        40.30033493041992,
        10.457685470581055,
        40.42870330810547,
        40.8515739440918,
        41.06648635864258,
        41.329376220703125,
        41.50246047973633,
        39.868167877197266,
        41.11585235595703,
        40.55681610107422,
        40.33209991455078,
        41.28602981567383,
        40.50366973876953,
        40.17434310913086,
        40.303443908691406,
        40.49946594238281,
        41.702003479003906,
        38.91523361206055,
        40.90070343017578,
        40.47560119628906,
        40.008453369140625,
        40.48223876953125,
        41.16826248168945,
        41.14189147949219,
        40.295833587646484,
        40.5388298034668,
        40.807891845703125,
        38.863407135009766,
        40.24532699584961,
        39.85463333129883,
        40.52031326293945,
        42.04065704345703,
        40.91646194458008,
        41.009246826171875,
        40.25740432739258,
        39.324974060058594,
        40.533016204833984,
        40.02619934082031,
        41.522064208984375,
        39.99906539916992,
        41.625022888183594,
        40.42792892456055,
        40.367923736572266,
        40.65786361694336,
        39.426292419433594,
        40.8719367980957,
        39.875492095947266,
        40.504512786865234,
        41.1190185546875,
        41.290767669677734,
        42.110660552978516,
        41.42863845825195,
        39.738765716552734,
        40.73179626464844,
        40.223758697509766,
        39.83541488647461,
        41.36861038208008,
        40.41756057739258,
        40.816009521484375,
        40.910911560058594,
        40.62493133544922,
        41.08673858642578,
        38.733421325683594,
        41.231502532958984,
        40.090606689453125,
        40.50935363769531,
        41.12350082397461,
        41.52486801147461,
        40.12449264526367,
        40.955352783203125,
        41.93128967285156,
        40.891334533691406,
        40.54021072387695,
        41.37865447998047,
        41.10415267944336,
        41.01247787475586,
        42.12996292114258,
        40.73879623413086,
        40.29093933105469,
        39.28723907470703,
        41.9398307800293,
        40.303401947021484,
        39.153221130371094,
        39.919918060302734,
        41.03711700439453,
        40.614051818847656,
        40.78269958496094,
        41.5669059753418,
        41.15515899658203,
        41.43961715698242,
        40.5041389465332,
        40.461856842041016,
        41.46637725830078,
        41.19992446899414,
        39.94866943359375,
        41.42534637451172,
        40.46448516845703,
        39.72762680053711,
        40.64204788208008,
        39.61564254760742,
        39.75944137573242,
        40.34309768676758,
        40.3486213684082,
        40.00572967529297,
        40.37282943725586,
        40.55451202392578,
        40.90723419189453,
        41.536197662353516,
        39.83907699584961,
        40.508872985839844,
        40.17588806152344,
        40.65910339355469,
        42.06839370727539,
        42.145469665527344,
        40.365135192871094,
        39.98682403564453,
        41.994686126708984,
        41.254112243652344,
        40.53428649902344,
        40.34640884399414,
        40.501522064208984,
        41.53183364868164,
        40.23894119262695,
        42.15483856201172,
        40.734535217285156,
        40.410064697265625,
        40.776039123535156,
        39.405494689941406,
        41.31513977050781,
        40.03962326049805,
        38.920936584472656,
        40.76641845703125,
        41.916786193847656,
        41.68570327758789,
        39.46638107299805,
        39.972774505615234,
        41.12697982788086,
        40.4162483215332,
        40.868003845214844,
        40.71823501586914,
        40.37388610839844,
        40.64878845214844,
        40.539337158203125,
        40.86048889160156,
        41.35027313232422,
        40.6635627746582,
        39.497764587402344,
        41.229888916015625,
        42.12233352661133,
        41.620975494384766,
        40.68015670776367,
        41.458412170410156,
        41.00685119628906,
        40.38722229003906,
        42.33721923828125,
        40.943660736083984,
        41.35688400268555,
        41.850975036621094,
        39.953914642333984,
        17.875398635864258,
        41.40409469604492,
        41.0190544128418,
        41.54941940307617,
        40.82567596435547,
        41.2581901550293,
        40.94493103027344,
        41.15985870361328,
        18.551559448242188,
        40.8985595703125,
        41.01258087158203,
        41.2984733581543,
        40.924224853515625,
        40.90471267700195,
        41.276100158691406,
        40.946006774902344,
        39.0435676574707,
        41.397212982177734,
        41.33340072631836,
        41.552513122558594,
        40.586910247802734,
        40.09246063232422,
        41.17997741699219,
        40.73112106323242,
        41.860225677490234,
        39.70729446411133,
        41.109222412109375,
        39.154605865478516,
        41.20880126953125,
        40.54763412475586,
        40.68023681640625,
        39.78004455566406,
        40.7310905456543,
        40.96138381958008,
        39.42265319824219,
        41.92937088012695,
        40.52113723754883,
        40.29351043701172,
        40.03740310668945,
        39.30535125732422,
        40.57111358642578,
        41.48713302612305,
        40.631744384765625,
        39.044002532958984,
        40.91252517700195,
        41.38044357299805,
        39.59747314453125,
        40.9061279296875,
        40.577545166015625,
        40.623451232910156,
        40.366668701171875,
        40.50385665893555,
        40.773494720458984,
        40.343387603759766,
        40.07783126831055,
        40.11936569213867,
        39.118621826171875,
        41.36170959472656,
        40.52032470703125,
        40.871150970458984,
        39.386985778808594,
        41.9569091796875,
        39.31749725341797,
        38.932430267333984,
        40.129512786865234,
        40.93397903442383,
        39.37229919433594,
        40.463356018066406,
        41.30757522583008,
        40.28144073486328,
        40.51375961303711,
        40.6968994140625,
        40.95098876953125,
        41.51545333862305,
        39.687713623046875,
        40.13603210449219,
        40.67451477050781,
        40.985870361328125,
        40.37173843383789,
        40.35104751586914,
        39.96939468383789,
        40.54719543457031,
        40.84994888305664,
        40.416770935058594,
        39.42057418823242,
        41.038211822509766,
        41.26013946533203,
        42.07081985473633,
        41.65635681152344,
        41.34041976928711,
        40.4889030456543,
        39.09621810913086,
        40.653865814208984,
        41.15520095825195,
        39.74835968017578,
        40.83163833618164,
        40.3469352722168,
        40.949954986572266,
        40.794151306152344,
        39.54167556762695,
        40.13929748535156,
        41.289066314697266,
        41.77771759033203,
        41.298614501953125,
        40.31435012817383,
        41.798885345458984,
        40.837799072265625,
        41.2264404296875,
        41.4996337890625,
        39.3462028503418,
        39.471214294433594,
        40.29106903076172,
        39.818458557128906,
        40.238162994384766,
        40.76742172241211,
        39.69844055175781,
        41.00856018066406,
        40.39061737060547,
        40.25759506225586,
        41.1611328125,
        41.149070739746094,
        40.89799118041992,
        40.64729309082031,
        41.555152893066406,
        42.389076232910156,
        41.47423553466797,
        41.887054443359375,
        40.897911071777344,
        40.45556640625,
        40.595603942871094,
        39.83016586303711,
        39.54068374633789,
        40.72500991821289,
        41.232505798339844,
        40.61821746826172,
        40.42753219604492,
        41.25102615356445,
        40.130462646484375,
        40.295955657958984,
        40.29846954345703,
        40.56929016113281,
        41.170654296875,
        41.362464904785156,
        41.684024810791016,
        41.48727798461914,
        42.0467529296875,
        40.544036865234375,
        40.3006477355957,
        39.78083419799805,
        41.488990783691406,
        41.56084442138672,
        41.22848129272461,
        41.12228012084961,
        41.44267272949219,
        40.6533317565918,
        40.51891326904297,
        40.10311508178711,
        41.37324142456055,
        42.03083801269531,
        40.22379684448242,
        41.2020149230957,
        41.536014556884766,
        41.670806884765625,
        40.356136322021484,
        39.77228546142578,
        40.70486068725586,
        41.169273376464844,
        41.03486251831055,
        40.996803283691406,
        39.72039794921875,
        40.93636703491211,
        40.61455535888672,
        39.263240814208984,
        39.17420959472656,
        39.79219436645508,
        40.431663513183594,
        41.302520751953125,
        40.308982849121094,
        41.13350296020508,
        41.204769134521484,
        41.91743850708008,
        40.78349685668945,
        40.3534049987793,
        39.98563003540039,
        42.304073333740234,
        40.812015533447266,
        40.73883056640625,
        39.91969680786133,
        41.30977249145508,
        41.29082489013672,
        41.44424819946289,
        40.52476501464844,
        42.181610107421875,
        40.5318717956543,
        40.163108825683594,
        42.154808044433594,
        40.978580474853516,
        40.29914474487305,
        41.22727966308594,
        39.81538391113281,
        40.32619857788086,
        41.253047943115234,
        41.30018997192383,
        41.52308654785156,
        40.87714385986328,
        40.63008499145508,
        41.553001403808594,
        40.69145584106445,
        41.64425277709961,
        40.393585205078125,
        41.344749450683594,
        40.67008972167969,
        40.426483154296875,
        41.44575881958008,
        41.478355407714844,
        41.08513641357422,
        41.071624755859375,
        41.795291900634766,
        40.539432525634766,
        39.67659378051758,
        17.755043029785156,
        42.16218185424805,
        41.92067337036133,
        40.337650299072266,
        40.92534255981445,
        42.47963333129883,
        40.412933349609375,
        42.494422912597656,
        39.77588653564453,
        39.7458610534668,
        40.1423454284668,
        40.288089752197266,
        39.03984069824219,
        41.12438201904297,
        41.47898864746094,
        40.569549560546875,
        41.29670333862305,
        41.60189437866211,
        42.25886535644531,
        41.2877311706543,
        40.487998962402344,
        42.09910202026367,
        40.55802917480469,
        40.174625396728516,
        42.03750991821289,
        39.08290481567383,
        41.22465515136719,
        41.43763732910156,
        40.45085906982422,
        41.8161506652832,
        41.29798889160156,
        41.4372444152832,
        39.7648811340332,
        39.89607238769531,
        40.33528137207031,
        41.56452941894531,
        40.73316192626953,
        40.25003433227539,
        40.319793701171875,
        39.68911361694336,
        41.144901275634766,
        41.81090545654297,
        39.588558197021484,
        40.385990142822266,
        40.712345123291016,
        40.32151412963867,
        40.03841018676758,
        41.193214416503906,
        41.32953643798828,
        40.47615432739258,
        41.61295700073242,
        41.001522064208984,
        40.92879867553711,
        40.32645797729492,
        41.08112716674805,
        41.6725959777832,
        40.19979476928711,
        41.17982482910156,
        40.175987243652344,
        41.5731086730957,
        41.503963470458984,
        40.07386016845703,
        41.0302848815918,
        41.45872116088867,
        40.79167938232422,
        41.916786193847656,
        41.17158889770508,
        39.85787582397461,
        40.05445861816406,
        40.645362854003906,
        41.31371307373047,
        40.39712142944336,
        41.6591911315918,
        41.384422302246094,
        40.7938346862793,
        41.4511604309082,
        40.074920654296875,
        42.10353088378906,
        40.988006591796875,
        40.18889617919922,
        40.52804183959961,
        39.446533203125,
        40.573143005371094,
        40.09070587158203,
        40.77730941772461,
        38.9890251159668,
        41.21711349487305,
        40.37179183959961,
        40.89330291748047,
        39.71015930175781,
        41.48188018798828,
        41.130592346191406,
        41.4927864074707,
        40.59351348876953,
        41.2806510925293,
        41.74470138549805,
        40.25775146484375,
        41.62471008300781,
        40.72440719604492,
        40.98146438598633,
        41.162071228027344,
        16.855302810668945,
        40.36225891113281,
        41.519432067871094,
        40.705142974853516,
        39.93802261352539,
        40.251129150390625,
        39.24904251098633,
        41.19969177246094,
        41.218345642089844,
        40.5571174621582,
        41.21977615356445,
        40.0765380859375,
        39.5806999206543,
        40.44194030761719,
        41.599552154541016,
        40.9190559387207,
        40.15120315551758,
        39.8763542175293,
        41.31981658935547,
        40.606998443603516,
        41.27340316772461,
        39.79826736450195,
        40.53745651245117,
        41.418338775634766,
        40.912532806396484,
        39.87657165527344,
        40.181602478027344,
        39.475990295410156,
        40.97926712036133,
        40.08592987060547,
        38.92776870727539,
        41.047428131103516,
        41.38844680786133,
        41.931034088134766,
        41.608726501464844,
        40.12552261352539,
        41.08523941040039,
        40.41429901123047,
        40.598167419433594,
        41.15678787231445,
        41.31013488769531,
        41.73846435546875,
        41.32537078857422,
        40.46451950073242
      ],
      "episode_lengths": [
        1000,
        1000,
        1000,
        1000,
        1000,
        1000,
        1000,
        1000,
        1000,
        1000,
        1000,
        1000,
        1000,
        1000,
        1000,
        1000,
        1000,
        1000,
        1000,
        1000,
        1000,
        1000,
        1000,
        1000,
        1000,
        1000,
        1000,
        1000,
        1000,
        1000,
        1000,
        1000,
        1000,
        1000,
        1000,
        1000,
        1000,
        1000,
        1000,
        1000,
        1000,
        1000,
        1000,
        1000,
        1000,
        1000,
        1000,
        1000,
        1000,
        1000,
        1000,
        1000,
        1000,
        1000,
        1000,
        1000,
        1000,
        1000,
        1000,
        1000,
        1000,
        1000,
        1000,
        1000,
        1000,
        1000,
        1000,
        1000,
        1000,
        1000,
        1000,
        1000,
        1000,
        1000,
        1000,
        1000,
        1000,
        1000,
        1000,
        1000,
        1000,
        1000,
        1000,
        1000,
        1000,
        1000,
        1000,
        1000,
        1000,
        1000,
        1000,
        1000,
        1000,
        1000,
        1000,
        1000,
        1000,
        1000,
        1000,
        1000,
        1000,
        1000,
        1000,
        1000,
        1000,
        1000,
        1000,
        1000,
        1000,
        1000,
        1000,
        1000,
        1000,
        1000,
        1000,
        1000,
        1000,
        1000,
        1000,
        1000,
        1000,
        1000,
        1000,
        1000,
        1000,
        1000,
        1000,
        1000,
        1000,
        1000,
        1000,
        1000,
        1000,
        1000,
        1000,
        1000,
        1000,
        1000,
        1000,
        1000,
        1000,
        1000,
        1000,
        1000,
        1000,
        1000,
        1000,
        1000,
        1000,
        1000,
        1000,
        1000,
        1000,
        1000,
        1000,
        1000,
        1000,
        1000,
        1000,
        1000,
        1000,
        1000,
        1000,
        1000,
        1000,
        1000,
        1000,
        1000,
        1000,
        1000,
        1000,
        1000,
        1000,
        1000,
        1000,
        1000,
        1000,
        1000,
        1000,
        1000,
        1000,
        1000,
        1000,
        1000,
        1000,
        1000,
        1000,
        1000,
        1000,
        1000,
        1000,
        1000,
        1000,
        1000,
        1000,
        1000,
        1000,
        1000,
        1000,
        1000,
        1000,
        1000,
        1000,
        1000,
        1000,
        1000,
        1000,
        1000,
        1000,
        1000,
        1000,
        1000,
        1000,
        1000,
        1000,
        1000,
        1000,
        1000,
        1000,
        1000,
        1000,
        1000,
        1000,
        1000,
        1000,
        1000,
        1000,
        1000,
        1000,
        1000,
        1000,
        1000,
        1000,
        1000,
        1000,
        1000,
        1000,
        1000,
        1000,
        1000,
        1000,
        1000,
        1000,
        1000,
        1000,
        1000,
        1000,
        1000,
        1000,
        1000,
        1000,
        1000,
        1000,
        1000,
        1000,
        1000,
        1000,
        1000,
        1000,
        1000,
        1000,
        1000,
        1000,
        1000,
        1000,
        1000,
        1000,
        1000,
        1000,
        1000,
        1000,
        1000,
        1000,
        1000,
        1000,
        1000,
        1000,
        1000,
        1000,
        1000,
        1000,
        1000,
        1000,
        1000,
        1000,
        1000,
        1000,
        1000,
        1000,
        1000,
        1000,
        1000,
        1000,
        1000,
        1000,
        1000,
        1000,
        1000,
        1000,
        1000,
        1000,
        1000,
        1000,
        1000,
        1000,
        1000,
        1000,
        1000,
        1000,
        1000,
        1000,
        1000,
        1000,
        1000,
        1000,
        1000,
        1000,
        1000,
        1000,
        1000,
        1000,
        1000,
        1000,
        1000,
        1000,
        1000,
        1000,
        1000,
        1000,
        1000,
        1000,
        1000,
        1000,
        1000,
        1000,
        1000,
        1000,
        1000,
        1000,
        1000,
        1000,
        1000,
        1000,
        1000,
        1000,
        1000,
        1000,
        1000,
        1000,
        1000,
        1000,
        1000,
        1000,
        1000,
        1000,
        1000,
        1000,
        1000,
        1000,
        1000,
        1000,
        1000,
        1000,
        1000,
        1000,
        1000,
        1000,
        1000,
        1000,
        1000,
        1000,
        1000,
        1000,
        1000,
        1000,
        1000,
        1000,
        1000,
        1000,
        1000,
        1000,
        1000,
        1000,
        1000,
        1000,
        1000,
        1000,
        1000,
        1000,
        1000,
        1000,
        1000,
        1000,
        1000,
        1000,
        1000,
        1000,
        1000,
        1000,
        1000,
        1000,
        1000,
        1000,
        1000,
        1000,
        1000,
        1000,
        1000,
        1000,
        1000,
        1000,
        1000,
        1000,
        1000,
        1000,
        1000,
        1000,
        1000,
        1000,
        1000,
        1000,
        1000,
        1000,
        1000,
        1000,
        1000,
        1000,
        1000,
        1000,
        1000,
        1000,
        1000,
        1000,
        1000,
        1000,
        1000,
        1000,
        1000,
        1000,
        1000,
        1000,
        1000,
        1000,
        1000,
        1000,
        1000,
        1000,
        1000,
        1000,
        1000,
        1000,
        1000,
        1000,
        1000,
        1000,
        1000,
        1000,
        1000,
        1000,
        1000,
        1000,
        1000,
        1000,
        1000,
        1000,
        1000,
        1000,
        1000,
        1000,
        1000,
        1000,
        1000,
        1000,
        1000,
        1000,
        1000,
        1000,
        1000,
        1000,
        1000,
        1000,
        1000,
        1000,
        1000,
        1000,
        1000,
        1000,
        1000,
        1000,
        1000,
        1000,
        1000,
        1000,
        1000,
        1000,
        1000,
        1000,
        1000,
        1000,
        1000,
        1000,
        1000,
        1000,
        1000,
        1000,
        1000,
        1000,
        1000,
        1000,
        1000,
        1000,
        1000,
        1000,
        1000,
        1000,
        1000,
        1000,
        1000,
        1000,
        1000,
        1000,
        1000,
        1000,
        1000,
        1000,
        1000,
        1000,
        1000,
        1000,
        1000,
        1000,
        1000,
        1000,
        1000,
        1000,
        1000,
        1000,
        1000,
        1000,
        1000,
        1000,
        1000,
        1000,
        1000,
        1000,
        1000,
        1000,
        1000,
        1000,
        1000,
        1000,
        1000,
        1000,
        1000,
        1000,
        1000,
        1000,
        1000,
        1000,
        1000,
        1000,
        1000,
        1000,
        1000,
        1000,
        1000,
        1000,
        1000,
        1000,
        1000,
        1000,
        1000,
        1000,
        1000,
        1000,
        1000,
        1000,
        1000,
        1000,
        1000,
        1000,
        1000,
        1000,
        1000,
        1000,
        1000,
        1000,
        1000,
        1000,
        1000,
        1000,
        1000,
        1000,
        1000,
        1000,
        1000,
        1000,
        1000,
        1000,
        1000,
        1000,
        1000,
        1000,
        1000,
        1000,
        1000,
        1000,
        1000,
        1000,
        1000,
        1000,
        1000,
        1000,
        1000,
        1000,
        1000,
        1000,
        1000,
        1000,
        1000,
        1000,
        1000,
        1000,
        1000,
        1000,
        1000,
        1000,
        1000,
        1000,
        1000,
        1000,
        1000,
        1000,
        1000,
        1000,
        1000,
        1000,
        1000,
        1000,
        1000,
        1000,
        1000,
        1000,
        1000,
        1000,
        1000,
        1000,
        1000,
        1000,
        1000,
        1000,
        1000,
        1000,
        1000,
        1000,
        1000,
        1000,
        1000,
        1000,
        1000,
        1000,
        1000,
        1000,
        1000,
        1000,
        1000,
        1000,
        1000,
        1000,
        1000,
        1000,
        1000,
        1000,
        1000,
        1000,
        1000,
        1000,
        1000,
        1000,
        1000,
        1000,
        1000,
        1000,
        1000,
        1000,
        1000,
        1000,
        1000,
        1000,
        1000,
        1000,
        1000,
        1000,
        1000,
        1000,
        1000,
        1000,
        1000,
        1000,
        1000,
        1000,
        1000,
        1000,
        1000,
        1000,
        1000,
        1000,
        1000,
        1000,
        1000,
        1000,
        1000,
        1000,
        1000,
        1000,
        1000,
        1000,
        1000,
        1000,
        1000,
        1000,
        1000,
        1000,
        1000,
        1000,
        1000,
        1000,
        1000,
        1000,
        1000,
        1000,
        1000,
        1000,
        1000,
        1000,
        1000,
        1000,
        1000,
        1000,
        1000,
        1000,
        1000,
        1000,
        1000,
        1000,
        1000,
        1000,
        1000,
        83,
        1000,
        1000,
        1000,
        1000,
        1000,
        1000,
        1000,
        1000,
        1000,
        1000,
        1000,
        1000,
        1000,
        1000,
        1000,
        1000,
        1000,
        1000,
        1000,
        1000,
        1000,
        1000,
        1000,
        1000,
        1000,
        1000,
        1000,
        1000,
        1000,
        1000,
        1000,
        1000,
        1000,
        1000,
        1000,
        1000,
        1000,
        1000,
        1000,
        1000,
        1000,
        1000,
        1000,
        1000,
        1000,
        1000,
        1000,
        1000,
        1000,
        1000,
        1000,
        1000,
        1000,
        1000,
        1000,
        1000,
        1000,
        1000,
        1000,
        1000,
        1000,
        1000,
        1000,
        1000,
        1000,
        1000,
        1000,
        1000,
        1000,
        1000,
        1000,
        1000,
        1000,
        1000,
        1000,
        1000,
        1000,
        1000,
        1000,
        1000,
        1000,
        1000,
        1000,
        1000,
        1000,
        1000,
        1000,
        1000,
        1000,
        1000,
        1000,
        1000,
        1000,
        1000,
        1000,
        1000,
        1000,
        1000,
        1000,
        1000,
        1000,
        1000,
        1000,
        1000,
        1000,
        1000,
        1000,
        1000,
        1000,
        1000,
        1000,
        1000,
        1000,
        1000,
        1000,
        1000,
        1000,
        1000,
        1000,
        1000,
        1000,
        1000,
        1000,
        1000,
        1000,
        1000,
        1000,
        1000,
        1000,
        1000,
        1000,
        1000,
        1000,
        1000,
        1000,
        1000,
        1000,
        1000,
        1000,
        1000,
        1000,
        1000,
        1000,
        1000,
        1000,
        1000,
        1000,
        1000,
        1000,
        1000,
        1000,
        1000,
        1000,
        1000,
        1000,
        1000,
        1000,
        1000,
        1000,
        1000,
        1000,
        1000,
        1000,
        1000,
        1000,
        1000,
        1000,
        1000,
        1000,
        1000,
        1000,
        1000,
        1000,
        1000,
        1000,
        1000,
        1000,
        1000,
        557,
        1000,
        1000,
        1000,
        1000,
        1000,
        1000,
        1000,
        1000,
        1000,
        1000,
        1000,
        1000,
        1000,
        1000,
        1000,
        1000,
        1000,
        1000,
        1000,
        1000,
        1000,
        1000,
        1000,
        1000,
        1000,
        1000,
        1000,
        1000,
        1000,
        1000,
        1000,
        1000,
        1000,
        1000,
        1000,
        1000,
        1000,
        1000,
        1000,
        1000,
        1000,
        1000,
        1000,
        1000,
        1000,
        1000,
        1000,
        1000,
        1000,
        1000,
        1000,
        1000,
        1000,
        1000,
        1000,
        1000,
        1000,
        1000,
        1000,
        1000,
        1000,
        1000,
        1000,
        1000,
        1000,
        1000,
        1000,
        1000,
        1000,
        1000,
        1000,
        1000,
        1000,
        1000,
        1000,
        1000,
        1000,
        1000,
        1000,
        1000,
        1000,
        1000,
        1000,
        1000,
        1000,
        1000,
        1000,
        1000,
        1000,
        1000,
        1000,
        1000,
        1000,
        1000,
        1000,
        1000,
        1000,
        1000,
        1000,
        1000,
        1000,
        1000,
        580,
        1000,
        1000,
        1000,
        1000,
        1000,
        1000,
        1000,
        1000,
        1000,
        1000,
        1000,
        1000,
        1000,
        1000,
        1000,
        1000,
        1000,
        1000,
        1000,
        1000,
        1000,
        1000,
        1000,
        1000,
        1000,
        1000,
        1000,
        1000,
        1000,
        1000,
        1000,
        1000,
        1000,
        563,
        1000,
        1000,
        1000,
        1000,
        1000,
        1000,
        1000,
        1000,
        1000,
        1000,
        1000,
        1000,
        1000,
        1000,
        1000,
        1000,
        1000,
        1000,
        1000,
        1000,
        1000,
        1000,
        1000,
        1000,
        1000,
        1000,
        1000,
        1000,
        1000,
        1000,
        1000,
        1000,
        1000,
        1000,
        1000,
        1000,
        1000,
        1000,
        1000,
        1000,
        1000,
        1000,
        1000,
        1000,
        1000,
        1000,
        1000,
        1000,
        1000,
        1000,
        1000,
        1000,
        1000,
        1000,
        1000,
        1000,
        1000,
        1000,
        1000,
        1000,
        1000,
        1000,
        1000,
        1000,
        1000,
        1000,
        1000,
        1000,
        1000,
        1000,
        1000,
        1000,
        1000,
        1000,
        1000,
        1000,
        1000,
        1000,
        1000,
        1000,
        1000,
        1000,
        1000,
        1000,
        1000,
        1000,
        1000,
        1000,
        1000,
        1000,
        1000,
        1000,
        1000,
        1000,
        1000,
        1000,
        1000,
        1000,
        1000,
        1000,
        1000,
        1000,
        1000,
        1000,
        1000,
        1000,
        1000,
        1000,
        1000,
        1000,
        1000,
        1000,
        1000,
        1000,
        1000,
        1000,
        1000,
        1000,
        1000,
        1000,
        1000,
        1000,
        1000,
        1000,
        1000,
        1000,
        1000,
        1000,
        1000,
        1000,
        1000,
        1000,
        1000,
        1000,
        1000,
        1000,
        1000,
        1000,
        1000,
        1000,
        1000,
        1000,
        1000,
        1000,
        1000,
        1000,
        1000,
        1000,
        1000,
        1000,
        1000,
        1000,
        1000,
        1000,
        1000,
        1000,
        1000,
        1000,
        1000,
        1000,
        1000,
        1000,
        1000,
        1000,
        1000,
        1000,
        1000,
        1000,
        1000,
        1000,
        1000,
        1000,
        1000,
        1000,
        1000,
        1000,
        1000,
        1000,
        1000,
        1000,
        1000,
        1000,
        1000,
        1000,
        1000,
        1000,
        1000,
        1000,
        1000,
        1000,
        1000,
        1000,
        1000,
        1000,
        1000,
        1000,
        1000,
        1000,
        1000,
        1000,
        1000,
        1000,
        1000,
        1000,
        1000,
        1000,
        1000,
        1000,
        1000,
        186,
        1000,
        1000,
        1000,
        1000,
        1000,
        1000,
        1000,
        1000,
        1000,
        1000,
        1000,
        1000,
        1000,
        1000,
        1000,
        1000,
        1000,
        1000,
        1000,
        1000,
        1000,
        1000,
        1000,
        1000,
        1000,
        1000,
        1000,
        1000,
        1000,
        1000,
        1000,
        1000,
        1000,
        1000,
        1000,
        1000,
        1000,
        1000,
        1000,
        1000,
        1000,
        1000,
        1000,
        1000,
        1000,
        1000,
        1000,
        1000,
        1000,
        1000,
        1000,
        1000,
        1000,
        1000,
        1000,
        1000,
        1000,
        1000,
        1000,
        1000,
        1000,
        1000,
        1000,
        1000,
        1000,
        1000,
        1000,
        1000,
        1000,
        1000,
        1000,
        1000,
        1000,
        1000,
        1000,
        1000,
        1000,
        1000,
        1000,
        1000,
        1000,
        1000,
        1000,
        1000,
        1000,
        1000,
        1000,
        1000,
        1000,
        1000,
        1000,
        1000,
        1000,
        1000,
        1000,
        1000,
        1000,
        1000,
        1000,
        1000,
        1000,
        1000,
        1000,
        1000,
        1000,
        1000,
        1000,
        1000,
        1000,
        1000,
        1000,
        1000,
        1000,
        1000,
        1000,
        1000,
        1000,
        1000,
        1000,
        1000,
        1000,
        1000,
        1000,
        1000,
        1000,
        1000,
        1000,
        1000,
        1000,
        1000,
        1000,
        1000,
        1000,
        1000,
        1000,
        1000,
        1000,
        1000,
        1000,
        1000,
        1000,
        1000,
        1000,
        1000,
        1000,
        1000,
        1000,
        1000,
        1000,
        1000,
        1000,
        1000,
        1000,
        1000,
        1000,
        1000,
        1000,
        1000,
        1000,
        1000,
        1000,
        1000,
        1000,
        1000,
        1000,
        1000,
        1000,
        579,
        1000,
        1000,
        1000,
        1000,
        1000,
        1000,
        1000,
        1000,
        1000,
        1000,
        1000,
        1000,
        1000,
        1000,
        1000,
        1000,
        1000,
        1000,
        1000,
        1000,
        1000,
        1000,
        1000,
        1000,
        1000,
        1000,
        1000,
        1000,
        1000,
        1000,
        1000,
        1000,
        1000,
        1000,
        1000,
        1000,
        1000,
        1000,
        1000,
        1000,
        1000,
        1000,
        1000,
        1000,
        1000,
        1000,
        1000,
        1000,
        1000,
        1000,
        1000,
        1000,
        1000,
        1000,
        1000,
        1000,
        1000,
        1000,
        1000,
        1000,
        1000,
        1000,
        1000,
        1000,
        1000,
        1000,
        1000,
        1000,
        1000,
        1000,
        1000,
        1000,
        1000,
        1000,
        1000,
        1000,
        1000,
        1000,
        1000,
        1000,
        1000,
        1000,
        1000,
        1000,
        1000,
        1000,
        1000,
        1000,
        1000,
        1000,
        1000,
        1000,
        1000,
        1000,
        1000,
        1000,
        1000,
        1000,
        1000,
        1000,
        1000,
        1000,
        1000,
        1000,
        1000,
        1000,
        1000,
        1000,
        1000,
        1000,
        1000,
        1000,
        1000,
        1000,
        1000,
        1000,
        1000,
        1000,
        1000,
        1000,
        1000,
        1000,
        1000,
        1000,
        1000,
        1000,
        1000,
        1000,
        1000,
        1000,
        1000,
        1000,
        1000,
        1000,
        1000,
        1000,
        1000,
        1000,
        1000,
        1000,
        1000,
        1000,
        1000,
        1000,
        1000,
        1000,
        1000,
        1000,
        1000,
        1000,
        1000,
        1000,
        1000,
        1000,
        1000,
        1000,
        1000,
        1000,
        1000,
        1000,
        1000,
        1000,
        1000,
        1000,
        1000,
        1000,
        1000,
        1000,
        1000,
        1000,
        1000,
        1000,
        1000,
        1000,
        1000,
        1000,
        1000,
        1000,
        1000,
        1000,
        1000,
        1000,
        1000,
        1000,
        1000,
        1000,
        1000,
        1000,
        1000,
        1000,
        1000,
        1000,
        1000,
        1000,
        1000,
        1000,
        1000,
        1000,
        1000,
        1000,
        1000,
        1000,
        1000,
        1000,
        1000,
        1000,
        1000,
        1000,
        1000,
        1000,
        1000,
        1000,
        1000,
        1000,
        1000,
        1000,
        1000,
        1000,
        1000,
        1000,
        1000,
        1000,
        1000,
        1000,
        1000,
        1000,
        1000,
        1000,
        1000,
        1000,
        1000,
        1000,
        1000,
        1000,
        1000,
        1000,
        1000,
        1000,
        1000,
        1000,
        1000,
        1000,
        1000,
        1000,
        1000,
        1000,
        1000,
        1000,
        1000,
        1000,
        1000,
        1000,
        1000,
        1000,
        1000,
        1000,
        1000,
        1000,
        1000,
        1000,
        1000,
        1000,
        1000,
        1000,
        1000,
        1000,
        1000,
        1000,
        1000,
        1000,
        1000,
        1000,
        1000,
        1000,
        1000,
        1000,
        1000,
        1000,
        1000,
        1000,
        1000,
        1000,
        1000,
        1000,
        1000,
        1000,
        1000,
        1000,
        1000,
        1000,
        1000,
        1000,
        1000,
        1000,
        1000,
        1000,
        1000,
        1000,
        1000,
        1000,
        1000,
        1000,
        1000,
        1000,
        1000,
        1000,
        1000,
        1000,
        1000,
        1000,
        1000,
        1000,
        1000,
        1000,
        1000,
        1000,
        1000,
        1000,
        1000,
        1000,
        1000,
        1000,
        1000,
        1000,
        1000,
        1000,
        1000,
        1000,
        1000,
        1000,
        1000,
        1000,
        1000,
        1000,
        1000,
        1000,
        1000,
        1000,
        1000,
        1000,
        1000,
        1000,
        1000,
        1000,
        1000,
        1000,
        1000,
        1000,
        1000,
        1000,
        1000,
        1000,
        1000,
        1000,
        1000,
        1000,
        1000,
        1000,
        1000,
        1000,
        1000,
        1000,
        1000,
        1000,
        1000,
        1000,
        1000,
        1000,
        1000,
        1000,
        1000,
        1000,
        1000,
        1000,
        1000,
        1000,
        1000,
        1000,
        1000,
        1000,
        1000,
        1000,
        1000,
        1000,
        1000,
        1000,
        1000,
        1000,
        1000,
        1000,
        1000,
        1000,
        1000,
        1000,
        1000,
        1000,
        1000,
        1000,
        1000,
        1000,
        1000,
        1000,
        1000,
        1000,
        1000,
        1000,
        1000,
        1000,
        1000,
        1000,
        1000,
        1000,
        569,
        1000,
        1000,
        1000,
        1000,
        1000,
        1000,
        1000,
        1000,
        1000,
        1000,
        1000,
        1000,
        1000,
        1000,
        1000,
        1000,
        1000,
        1000,
        1000,
        1000,
        1000,
        1000,
        1000,
        1000,
        1000,
        1000,
        1000,
        1000,
        1000,
        1000,
        1000,
        1000,
        1000,
        1000,
        1000,
        1000,
        1000,
        1000,
        1000,
        1000,
        1000,
        1000,
        1000,
        1000,
        1000,
        1000,
        1000,
        1000,
        1000,
        1000,
        1000,
        1000,
        1000,
        1000,
        1000,
        1000,
        1000,
        1000,
        1000,
        1000,
        1000,
        1000,
        1000,
        1000,
        1000,
        1000,
        1000,
        1000,
        1000,
        1000,
        1000,
        1000,
        1000,
        1000,
        1000,
        1000,
        1000,
        1000,
        1000,
        1000,
        1000,
        1000,
        1000,
        1000,
        1000,
        1000,
        1000,
        1000,
        1000,
        1000,
        1000,
        1000,
        1000,
        1000,
        1000,
        1000,
        1000,
        1000,
        1000,
        1000,
        1000,
        1000,
        1000,
        1000,
        144,
        1000,
        1000,
        1000,
        1000,
        1000,
        1000,
        1000,
        1000,
        1000,
        1000,
        1000,
        1000,
        788,
        1000,
        1000,
        1000,
        1000,
        1000,
        1000,
        1000,
        1000,
        1000,
        1000,
        1000,
        1000,
        1000,
        1000,
        1000,
        1000,
        1000,
        1000,
        1000,
        1000,
        1000,
        1000,
        1000,
        1000,
        1000,
        1000,
        1000,
        1000,
        1000,
        1000,
        1000,
        1000,
        1000,
        1000,
        1000,
        1000,
        1000,
        1000,
        1000,
        1000,
        1000,
        1000,
        1000,
        1000,
        1000,
        1000,
        1000,
        1000,
        1000,
        1000,
        1000,
        1000,
        1000,
        1000,
        1000,
        1000,
        1000,
        1000,
        1000,
        1000,
        1000,
        1000,
        1000,
        1000,
        1000,
        1000,
        1000,
        1000,
        1000,
        1000,
        1000,
        1000,
        1000,
        1000,
        1000,
        1000,
        1000,
        1000,
        1000,
        1000,
        1000,
        1000,
        1000,
        1000,
        1000,
        1000,
        1000,
        1000,
        1000,
        1000,
        1000,
        1000,
        1000,
        1000,
        1000,
        1000,
        1000,
        1000,
        1000,
        1000,
        1000,
        1000,
        1000,
        1000,
        1000,
        1000,
        1000,
        1000,
        1000,
        1000,
        1000,
        1000,
        1000,
        1000,
        1000,
        1000,
        1000,
        1000,
        1000,
        1000,
        1000,
        1000,
        1000,
        1000,
        1000,
        1000,
        1000,
        1000,
        1000,
        1000,
        1000,
        1000,
        1000,
        1000,
        1000,
        1000,
        1000,
        1000,
        1000,
        1000,
        1000,
        1000,
        1000,
        1000,
        1000,
        1000,
        1000,
        1000,
        1000,
        1000,
        1000,
        1000,
        1000,
        1000,
        1000,
        1000,
        1000,
        1000,
        1000,
        1000,
        1000,
        1000,
        1000,
        1000,
        1000,
        1000,
        1000,
        1000,
        1000,
        1000,
        1000,
        1000,
        1000,
        1000,
        1000,
        1000,
        1000,
        1000,
        1000,
        1000,
        1000,
        1000,
        1000,
        1000,
        1000,
        1000,
        1000,
        1000,
        1000,
        1000,
        1000,
        1000,
        1000,
        1000,
        1000,
        1000,
        1000,
        1000,
        1000,
        1000,
        1000,
        1000,
        1000,
        1000,
        1000,
        1000,
        1000,
        1000,
        1000,
        1000,
        1000,
        1000,
        1000,
        1000,
        1000,
        1000,
        1000,
        1000,
        1000,
        1000,
        1000,
        1000,
        1000,
        1000,
        1000,
        1000,
        1000,
        1000,
        1000,
        1000,
        1000,
        1000,
        1000,
        1000,
        1000,
        1000,
        1000,
        1000,
        1000,
        1000,
        1000,
        1000,
        1000,
        1000,
        1000,
        1000,
        1000,
        1000,
        1000,
        1000,
        1000,
        1000,
        1000,
        1000,
        1000,
        1000,
        1000,
        1000,
        1000,
        1000,
        1000,
        1000,
        1000,
        1000,
        1000,
        1000,
        1000,
        1000,
        1000,
        1000,
        1000,
        1000,
        1000,
        1000,
        1000,
        1000,
        1000,
        1000,
        1000,
        1000,
        1000,
        1000,
        1000,
        1000,
        1000,
        1000,
        1000,
        1000,
        1000,
        1000,
        1000,
        1000,
        1000,
        1000,
        1000,
        1000,
        1000,
        1000,
        1000,
        1000,
        1000,
        1000,
        1000,
        1000,
        1000,
        1000,
        1000,
        1000,
        1000,
        1000,
        1000,
        1000,
        1000,
        1000,
        1000,
        1000,
        1000,
        1000,
        1000,
        1000,
        1000,
        1000,
        1000,
        1000,
        1000,
        1000,
        1000,
        1000,
        1000,
        1000,
        1000,
        1000,
        1000,
        1000,
        1000,
        1000,
        1000,
        1000,
        1000,
        1000,
        1000,
        1000,
        1000,
        1000,
        1000,
        1000,
        1000,
        1000,
        1000,
        1000,
        1000,
        1000,
        1000,
        1000,
        1000,
        1000,
        1000,
        1000,
        1000,
        1000,
        1000,
        1000,
        1000,
        1000,
        1000,
        1000,
        1000,
        1000,
        1000,
        1000,
        1000,
        1000,
        1000,
        1000,
        1000,
        1000,
        1000,
        1000,
        1000,
        1000,
        1000,
        1000,
        1000,
        1000,
        1000,
        1000,
        1000,
        1000,
        1000,
        1000,
        1000,
        1000,
        1000,
        1000,
        1000,
        1000,
        1000,
        1000,
        1000,
        1000,
        1000,
        1000,
        1000,
        1000,
        1000,
        1000,
        1000,
        1000,
        1000,
        1000,
        1000,
        1000,
        1000,
        1000,
        1000,
        1000,
        1000,
        1000,
        1000,
        1000,
        1000,
        1000,
        1000,
        1000,
        1000,
        1000,
        1000,
        1000,
        1000,
        1000,
        1000,
        1000,
        1000,
        1000,
        1000,
        1000,
        1000,
        1000,
        1000,
        1000,
        1000,
        1000,
        1000,
        1000,
        1000,
        1000,
        1000,
        1000,
        1000,
        1000,
        1000,
        1000,
        1000,
        1000,
        1000,
        1000,
        1000,
        1000,
        1000,
        1000,
        1000,
        1000,
        1000,
        1000,
        1000,
        1000,
        1000,
        1000,
        1000,
        1000,
        1000,
        1000,
        1000,
        1000,
        1000,
        1000,
        1000,
        1000,
        1000,
        1000,
        1000,
        1000,
        1000,
        1000,
        1000,
        1000,
        1000,
        1000,
        1000,
        1000,
        1000,
        1000,
        1000,
        1000,
        1000,
        1000,
        1000,
        1000,
        1000,
        1000,
        1000,
        1000,
        1000,
        1000,
        1000,
        1000,
        1000,
        1000,
        1000,
        1000,
        1000,
        1000,
        1000,
        1000,
        1000,
        400,
        1000,
        1000,
        1000,
        1000,
        1000,
        1000,
        1000,
        1000,
        1000,
        1000,
        1000,
        1000,
        1000,
        1000,
        1000,
        1000,
        1000,
        1000,
        1000,
        1000,
        1000,
        1000,
        1000,
        1000,
        1000,
        1000,
        1000,
        1000,
        1000,
        1000,
        1000,
        1000,
        1000,
        1000,
        1000,
        1000,
        1000,
        1000,
        1000,
        1000,
        1000,
        1000,
        1000,
        1000,
        1000,
        1000,
        1000,
        1000,
        1000,
        1000,
        1000,
        1000,
        1000,
        1000,
        1000,
        1000,
        1000,
        1000,
        1000,
        1000,
        1000,
        1000,
        1000,
        1000,
        1000,
        1000,
        1000,
        1000,
        1000,
        1000,
        1000,
        1000,
        1000,
        1000,
        1000,
        1000,
        1000,
        1000,
        1000,
        1000,
        1000,
        1000,
        1000,
        1000,
        1000,
        1000,
        1000,
        1000,
        1000,
        1000,
        1000,
        1000,
        1000,
        1000,
        1000,
        1000,
        1000,
        1000,
        1000,
        1000,
        1000,
        1000,
        1000,
        1000,
        1000,
        1000,
        1000,
        1000,
        1000,
        1000,
        1000,
        1000,
        1000,
        1000,
        1000,
        1000,
        1000,
        1000,
        1000,
        1000,
        1000,
        1000,
        1000,
        1000,
        1000,
        1000,
        1000,
        1000,
        1000,
        1000,
        1000,
        1000,
        1000,
        1000,
        1000,
        1000,
        1000,
        1000,
        1000,
        1000,
        1000,
        1000,
        1000,
        1000,
        1000,
        1000,
        1000,
        1000,
        1000,
        1000,
        1000,
        1000,
        1000,
        1000,
        1000,
        1000,
        1000,
        1000,
        1000,
        1000,
        1000,
        1000,
        1000,
        1000,
        1000,
        1000,
        1000,
        1000,
        1000,
        1000,
        1000,
        1000,
        1000,
        1000,
        1000,
        1000,
        1000,
        1000,
        1000,
        1000,
        1000,
        1000,
        1000,
        1000,
        1000,
        1000,
        1000,
        1000,
        1000,
        1000,
        1000,
        1000,
        1000,
        1000,
        1000,
        1000,
        1000,
        1000,
        1000,
        1000,
        1000,
        1000,
        1000,
        1000,
        1000,
        1000,
        1000,
        1000,
        1000,
        1000,
        1000,
        1000,
        1000,
        1000,
        1000,
        1000,
        1000,
        1000,
        1000,
        1000,
        1000,
        1000,
        1000,
        1000,
        1000,
        1000,
        1000,
        1000,
        1000,
        1000,
        1000,
        1000,
        1000,
        1000,
        1000,
        1000,
        1000,
        1000,
        1000,
        1000,
        1000,
        1000,
        1000,
        1000,
        1000,
        1000,
        1000,
        1000,
        1000,
        1000,
        1000,
        1000,
        1000,
        1000,
        1000,
        1000,
        1000,
        1000,
        1000,
        1000,
        1000,
        1000,
        1000,
        1000,
        1000,
        1000,
        1000,
        1000,
        1000,
        1000,
        1000,
        1000,
        1000,
        1000,
        1000,
        1000,
        1000,
        1000,
        1000,
        1000,
        1000,
        1000,
        1000,
        1000,
        1000,
        1000,
        1000,
        1000,
        1000,
        1000,
        1000,
        1000,
        1000,
        1000,
        1000,
        1000,
        1000,
        1000,
        1000,
        1000,
        1000,
        1000,
        1000,
        1000,
        1000,
        1000,
        1000,
        1000,
        1000,
        1000,
        1000,
        1000,
        1000,
        1000,
        1000,
        1000,
        1000,
        1000,
        1000,
        1000,
        1000,
        1000,
        1000,
        1000,
        1000,
        1000,
        1000,
        1000,
        1000,
        1000,
        1000,
        1000,
        1000,
        1000,
        1000,
        1000,
        1000,
        1000,
        1000,
        1000,
        1000,
        1000,
        1000,
        1000,
        1000,
        1000,
        1000,
        1000,
        1000,
        1000,
        1000,
        1000,
        1000,
        1000,
        1000,
        1000,
        1000,
        1000,
        1000,
        1000,
        1000,
        1000,
        1000,
        1000,
        1000,
        1000,
        1000,
        1000,
        1000,
        1000,
        1000,
        1000,
        1000,
        1000,
        1000,
        1000,
        1000,
        1000,
        1000,
        1000,
        1000,
        1000,
        1000,
        1000,
        1000,
        1000,
        1000,
        1000,
        1000,
        1000,
        1000,
        1000,
        1000,
        1000,
        1000,
        1000,
        1000,
        1000,
        1000,
        1000,
        1000,
        1000,
        1000,
        1000,
        1000,
        1000,
        1000,
        1000,
        1000,
        1000,
        1000,
        1000,
        1000,
        1000,
        1000,
        1000,
        1000,
        1000,
        1000,
        1000,
        1000,
        1000,
        1000,
        1000,
        1000,
        1000,
        1000,
        1000,
        1000,
        1000,
        1000,
        1000,
        1000,
        1000,
        1000,
        1000,
        1000,
        1000,
        1000,
        1000,
        1000,
        1000,
        1000,
        1000,
        1000,
        1000,
        1000,
        1000,
        1000,
        1000,
        1000,
        1000,
        1000,
        1000,
        1000,
        1000,
        1000,
        1000,
        1000,
        1000,
        1000,
        1000,
        1000,
        1000,
        1000,
        1000,
        1000,
        1000,
        1000,
        1000,
        1000,
        1000,
        1000,
        1000,
        1000,
        1000,
        1000,
        1000,
        1000,
        1000,
        1000,
        1000,
        1000,
        1000,
        1000,
        1000,
        1000,
        1000,
        1000,
        1000,
        1000,
        1000,
        1000,
        1000,
        1000,
        1000,
        1000,
        1000,
        1000,
        1000,
        1000,
        1000,
        1000,
        1000,
        1000,
        1000,
        1000,
        1000,
        1000,
        1000,
        1000,
        1000,
        1000,
        1000,
        1000,
        1000,
        1000,
        1000,
        1000,
        1000,
        1000,
        1000,
        1000,
        1000,
        1000,
        1000,
        1000,
        1000,
        1000,
        1000,
        1000,
        1000,
        1000,
        1000,
        1000,
        1000,
        1000,
        1000,
        1000,
        1000,
        1000,
        1000,
        1000,
        1000,
        1000,
        1000,
        1000,
        1000,
        1000,
        1000,
        1000,
        1000,
        1000,
        1000,
        1000,
        1000,
        1000,
        1000,
        1000,
        1000,
        1000,
        1000,
        1000,
        1000,
        1000,
        1000,
        1000,
        1000,
        1000,
        1000,
        1000,
        1000,
        1000,
        1000,
        1000,
        1000,
        1000,
        1000,
        1000,
        1000,
        1000,
        1000,
        1000,
        1000,
        1000,
        1000,
        1000,
        1000,
        1000,
        1000,
        1000,
        1000,
        1000,
        1000,
        1000,
        1000,
        1000,
        1000,
        1000,
        1000,
        1000,
        1000,
        1000,
        1000,
        1000,
        1000,
        1000,
        1000,
        1000,
        1000,
        1000,
        1000,
        1000,
        1000,
        1000,
        1000,
        1000,
        1000,
        1000,
        1000,
        1000,
        1000,
        1000,
        1000,
        1000,
        1000,
        1000,
        1000,
        1000,
        1000,
        1000,
        1000,
        1000,
        1000,
        1000,
        1000,
        1000,
        1000,
        1000,
        1000,
        1000,
        1000,
        1000,
        1000,
        1000,
        1000,
        1000,
        1000,
        1000,
        1000,
        1000,
        1000,
        1000,
        1000,
        1000,
        1000,
        1000,
        1000,
        1000,
        1000,
        1000,
        1000,
        1000,
        1000,
        1000,
        1000,
        1000,
        1000,
        1000,
        1000,
        1000,
        1000,
        1000,
        1000,
        1000,
        1000,
        1000,
        1000,
        1000,
        1000,
        1000,
        1000,
        1000,
        1000,
        1000,
        1000,
        1000,
        1000,
        1000,
        1000,
        1000,
        1000,
        1000,
        1000,
        1000,
        1000,
        1000,
        1000,
        1000,
        1000,
        1000,
        1000,
        1000,
        1000,
        1000,
        1000,
        1000,
        1000,
        1000,
        1000,
        1000,
        1000,
        1000,
        1000,
        1000,
        1000,
        1000,
        1000,
        1000,
        1000,
        1000,
        1000,
        1000,
        1000,
        1000,
        1000,
        1000,
        1000,
        1000,
        1000,
        1000,
        1000,
        1000,
        1000,
        1000,
        1000,
        1000,
        1000,
        1000,
        1000,
        1000,
        1000,
        1000,
        1000,
        1000,
        1000,
        1000,
        1000,
        1000,
        1000,
        1000,
        1000,
        1000,
        1000,
        1000,
        1000,
        1000,
        1000,
        1000,
        1000,
        1000,
        1000,
        1000,
        1000,
        1000,
        1000,
        1000,
        1000,
        1000,
        1000,
        1000,
        1000,
        1000,
        1000,
        1000,
        1000,
        1000,
        1000,
        1000,
        1000,
        1000,
        1000,
        1000,
        1000,
        1000,
        1000,
        1000,
        1000,
        1000,
        1000,
        1000,
        1000,
        1000,
        1000,
        1000,
        1000,
        1000,
        1000,
        1000,
        1000,
        1000,
        1000,
        1000,
        1000,
        1000,
        1000,
        1000,
        1000,
        1000,
        1000,
        1000,
        1000,
        1000,
        1000,
        1000,
        1000,
        1000,
        1000,
        1000,
        1000,
        1000,
        1000,
        1000,
        1000,
        1000,
        1000,
        1000,
        1000,
        1000,
        1000,
        1000,
        1000,
        1000,
        1000,
        1000,
        1000,
        1000,
        1000,
        1000,
        1000,
        1000,
        1000,
        1000,
        1000,
        1000,
        1000,
        1000,
        1000,
        1000,
        1000,
        1000,
        1000,
        1000,
        1000,
        1000,
        1000,
        1000,
        1000,
        1000,
        1000,
        1000,
        1000,
        1000,
        1000,
        1000,
        1000,
        1000,
        1000,
        1000,
        1000,
        1000,
        1000,
        1000,
        1000,
        1000,
        1000,
        1000,
        1000,
        1000,
        1000,
        1000,
        1000,
        1000,
        1000,
        1000,
        1000,
        1000,
        1000,
        1000,
        1000,
        1000,
        1000,
        1000,
        1000,
        1000,
        1000,
        1000,
        1000,
        1000,
        1000,
        1000,
        1000,
        1000,
        1000,
        1000,
        1000,
        1000,
        1000,
        1000,
        1000,
        1000,
        1000,
        1000,
        1000,
        1000,
        1000,
        1000,
        1000,
        1000,
        1000,
        1000,
        1000,
        1000,
        1000,
        1000,
        1000,
        1000,
        1000,
        1000,
        1000,
        1000,
        1000,
        1000,
        1000,
        1000,
        1000,
        1000,
        1000,
        1000,
        1000,
        1000,
        1000,
        1000,
        1000,
        1000,
        1000,
        1000,
        1000,
        1000,
        1000,
        1000,
        1000,
        76,
        1000,
        1000,
        1000,
        1000,
        1000,
        1000,
        1000,
        1000,
        1000,
        1000,
        1000,
        1000,
        1000,
        1000,
        1000,
        1000,
        1000,
        1000,
        1000,
        1000,
        1000,
        1000,
        1000,
        1000,
        1000,
        1000,
        1000,
        1000,
        1000,
        1000,
        1000,
        1000,
        1000,
        1000,
        1000,
        1000,
        1000,
        1000,
        1000,
        1000,
        1000,
        1000,
        1000,
        1000,
        1000,
        1000,
        1000,
        1000,
        1000,
        1000,
        1000,
        1000,
        1000,
        1000,
        1000,
        1000,
        1000,
        1000,
        1000,
        1000,
        1000,
        1000,
        1000,
        1000,
        1000,
        1000,
        1000,
        1000,
        1000,
        1000,
        1000,
        1000,
        1000,
        1000,
        1000,
        1000,
        1000,
        1000,
        1000,
        1000,
        1000,
        1000,
        1000,
        1000,
        1000,
        115,
        1000,
        1000,
        1000,
        1000,
        1000,
        1000,
        1000,
        1000,
        1000,
        1000,
        1000,
        1000,
        1000,
        1000,
        1000,
        1000,
        1000,
        1000,
        1000,
        1000,
        1000,
        1000,
        1000,
        1000,
        1000,
        1000,
        1000,
        1000,
        1000,
        1000,
        1000,
        1000,
        1000,
        1000,
        1000,
        1000,
        1000,
        1000,
        1000,
        1000,
        1000,
        1000,
        1000,
        1000,
        1000,
        1000,
        1000,
        1000,
        1000,
        1000,
        1000,
        1000,
        1000,
        1000,
        1000,
        1000,
        1000,
        1000,
        1000,
        1000,
        1000,
        1000,
        1000,
        1000,
        1000,
        1000,
        1000,
        1000,
        1000,
        1000,
        1000,
        1000,
        1000,
        1000,
        1000,
        1000,
        1000,
        1000,
        1000,
        1000,
        1000,
        1000,
        1000,
        1000,
        1000,
        1000,
        1000,
        1000,
        1000,
        1000,
        1000,
        1000,
        1000,
        1000,
        1000,
        1000,
        1000,
        1000,
        1000,
        1000,
        1000,
        1000,
        1000,
        1000,
        1000,
        1000,
        1000,
        1000,
        1000,
        1000,
        1000,
        1000,
        1000,
        1000,
        1000,
        1000,
        1000,
        1000,
        1000,
        1000,
        1000,
        1000,
        1000,
        1000,
        1000,
        1000,
        1000,
        1000,
        1000,
        1000,
        1000,
        1000,
        1000,
        1000,
        1000,
        1000,
        1000,
        1000,
        1000,
        1000,
        1000,
        1000,
        1000,
        1000,
        1000,
        1000,
        1000,
        1000,
        1000,
        1000,
        1000,
        1000,
        1000,
        1000,
        1000,
        1000,
        1000,
        1000,
        1000,
        1000,
        1000,
        1000,
        1000,
        1000,
        1000,
        1000,
        1000,
        1000,
        1000,
        1000,
        1000,
        1000,
        1000,
        1000,
        1000,
        1000,
        1000,
        1000,
        1000,
        1000,
        1000,
        1000,
        1000,
        1000,
        1000,
        1000,
        1000,
        1000,
        1000,
        1000,
        1000,
        1000,
        1000,
        1000,
        1000,
        1000,
        1000,
        1000,
        1000,
        1000,
        1000,
        1000,
        559,
        1000,
        1000,
        1000,
        1000,
        1000,
        1000,
        1000,
        591,
        1000,
        1000,
        1000,
        1000,
        1000,
        1000,
        1000,
        1000,
        1000,
        1000,
        1000,
        1000,
        1000,
        1000,
        1000,
        1000,
        1000,
        1000,
        1000,
        1000,
        1000,
        1000,
        1000,
        1000,
        1000,
        1000,
        1000,
        1000,
        1000,
        1000,
        1000,
        1000,
        1000,
        1000,
        1000,
        1000,
        1000,
        1000,
        1000,
        1000,
        1000,
        1000,
        1000,
        1000,
        1000,
        1000,
        1000,
        1000,
        1000,
        1000,
        1000,
        1000,
        1000,
        1000,
        1000,
        1000,
        1000,
        1000,
        1000,
        1000,
        1000,
        1000,
        1000,
        1000,
        1000,
        1000,
        1000,
        1000,
        1000,
        1000,
        1000,
        1000,
        1000,
        1000,
        1000,
        1000,
        1000,
        1000,
        1000,
        1000,
        1000,
        1000,
        1000,
        1000,
        1000,
        1000,
        1000,
        1000,
        1000,
        1000,
        1000,
        1000,
        1000,
        1000,
        1000,
        1000,
        1000,
        1000,
        1000,
        1000,
        1000,
        1000,
        1000,
        1000,
        1000,
        1000,
        1000,
        1000,
        1000,
        1000,
        1000,
        1000,
        1000,
        1000,
        1000,
        1000,
        1000,
        1000,
        1000,
        1000,
        1000,
        1000,
        1000,
        1000,
        1000,
        1000,
        1000,
        1000,
        1000,
        1000,
        1000,
        1000,
        1000,
        1000,
        1000,
        1000,
        1000,
        1000,
        1000,
        1000,
        1000,
        1000,
        1000,
        1000,
        1000,
        1000,
        1000,
        1000,
        1000,
        1000,
        1000,
        1000,
        1000,
        1000,
        1000,
        1000,
        1000,
        1000,
        1000,
        1000,
        1000,
        1000,
        1000,
        1000,
        1000,
        1000,
        1000,
        1000,
        1000,
        1000,
        1000,
        1000,
        1000,
        1000,
        1000,
        1000,
        1000,
        1000,
        1000,
        1000,
        1000,
        1000,
        1000,
        1000,
        1000,
        1000,
        1000,
        1000,
        1000,
        1000,
        1000,
        1000,
        1000,
        1000,
        1000,
        1000,
        1000,
        1000,
        1000,
        1000,
        1000,
        1000,
        1000,
        1000,
        1000,
        1000,
        1000,
        1000,
        1000,
        1000,
        1000,
        559,
        1000,
        1000,
        1000,
        1000,
        1000,
        1000,
        1000,
        1000,
        1000,
        1000,
        1000,
        1000,
        1000,
        1000,
        1000,
        1000,
        1000,
        1000,
        1000,
        1000,
        1000,
        1000,
        1000,
        1000,
        1000,
        1000,
        1000,
        1000,
        1000,
        1000,
        1000,
        1000,
        1000,
        1000,
        1000,
        1000,
        1000,
        1000,
        1000,
        1000,
        1000,
        1000,
        1000,
        1000,
        1000,
        1000,
        1000,
        1000,
        1000,
        1000,
        1000,
        1000,
        1000,
        1000,
        1000,
        1000,
        1000,
        1000,
        1000,
        1000,
        1000,
        1000,
        1000,
        1000,
        1000,
        1000,
        1000,
        1000,
        1000,
        1000,
        1000,
        1000,
        1000,
        1000,
        1000,
        1000,
        1000,
        1000,
        1000,
        1000,
        1000,
        1000,
        1000,
        1000,
        1000,
        1000,
        1000,
        1000,
        1000,
        1000,
        1000,
        1000,
        1000,
        1000,
        1000,
        1000,
        1000,
        1000,
        1000,
        1000,
        582,
        1000,
        1000,
        1000,
        1000,
        1000,
        1000,
        1000,
        1000,
        1000,
        1000,
        1000,
        1000,
        1000,
        1000,
        1000,
        1000,
        1000,
        1000,
        1000,
        1000,
        1000,
        1000,
        1000,
        1000,
        1000,
        1000,
        1000,
        1000,
        1000,
        1000,
        1000,
        1000,
        1000,
        1000,
        1000,
        1000,
        1000,
        1000,
        1000,
        1000,
        1000,
        1000,
        1000
      ],
      "mean_reward": 40.520851135253906,
      "std_reward": 2.418800115585327,
      "sem_reward": 0.03779375180602074,
      "mean_length": 997.785888671875,
      "actions_finite": true,
      "episodes": 4096,
      "initial_observation_sha256": "dddfc254ad84d866ca2bc7b66a0c6d7ce40e6460fd34d4e798e08c0a3b9c8b71",
      "source_stream_sha256": "87c831c638f45285d9b0dc3abcbcb6cabb1e3a3cefb26a13d082ad816c7c734b",
      "source_value_count": 98304000,
      "endpoint_count_per_action": 1
    }
  }
}nt.info:mdl:sourceAsset> with value @UsdPreviewSurface.mdl@.

2026-08-09 11:02:05 [19,643ms] [Warning] [omni.usd] Warning: in GetNodeDiscoveryResults at line 136 of /builds/omniverse/usd-ci/USD/pxr/usd/usdShade/shaderDefUtils.cpp -- Unable to resolve info:sourceAsset </UsdPrimvarReader_string.info:mdl:sourceAsset> with value @UsdPreviewSurface.mdl@.

2026-08-09 11:02:05 [19,643ms] [Warning] [omni.usd] Warning: in GetNodeDiscoveryResults at line 136 of /builds/omniverse/usd-ci/USD/pxr/usd/usdShade/shaderDefUtils.cpp -- Unable to resolve info:sourceAsset </UsdPrimvarReader_normal.info:mdl:sourceAsset> with value @UsdPreviewSurface.mdl@.

2026-08-09 11:02:05 [19,643ms] [Warning] [omni.usd] Warning: in GetNodeDiscoveryResults at line 136 of /builds/omniverse/usd-ci/USD/pxr/usd/usdShade/shaderDefUtils.cpp -- Unable to resolve info:sourceAsset </UsdPrimvarReader_point.info:mdl:sourceAsset> with value @UsdPreviewSurface.mdl@.

2026-08-09 11:02:05 [19,643ms] [Warning] [omni.usd] Warning: in GetNodeDiscoveryResults at line 136 of /builds/omniverse/usd-ci/USD/pxr/usd/usdShade/shaderDefUtils.cpp -- Unable to resolve info:sourceAsset </UsdPrimvarReader_vector.info:mdl:sourceAsset> with value @UsdPreviewSurface.mdl@.

2026-08-09 11:02:05 [19,643ms] [Warning] [omni.usd] Warning: in GetNodeDiscoveryResults at line 136 of /builds/omniverse/usd-ci/USD/pxr/usd/usdShade/shaderDefUtils.cpp -- Unable to resolve info:sourceAsset </UsdPrimvarReader_matrix.info:mdl:sourceAsset> with value @UsdPreviewSurface.mdl@.

2026-08-09 11:02:05 [19,643ms] [Warning] [omni.usd] Warning: in GetNodeDiscoveryResults at line 136 of /builds/omniverse/usd-ci/USD/pxr/usd/usdShade/shaderDefUtils.cpp -- Unable to resolve info:sourceAsset </UsdTransform2d.info:mdl:sourceAsset> with value @UsdPreviewSurface.mdl@.

