[robosuite WARNING] No private macro file found! (macros.py:57)
[robosuite WARNING] It is recommended to use a private macro file (macros.py:58)
[robosuite WARNING] To setup, run: python /mnt/data/users/haoyu/workspace/code/fpo-control/manipulation_experiments/thirdparty/robosuite/robosuite/scripts/setup_macros.py (macros.py:59)
[robosuite WARNING] Could not import robosuite_models. Some robots may not be available. If you want to use these robots, please install robosuite_models from source (https://github.com/ARISE-Initiative/robosuite_models) or through pip install. (__init__.py:30)
2026-08-09 13:31:35,770 | INFO | Loading policy from /home/haoyu/workspace/code/fpo-control/manipulation_experiments/downloaded_checkpoints/trc7rbt0_step_110000/policy...
2026-08-09 13:31:35,770 | INFO | Loading config from /home/haoyu/workspace/code/fpo-control/manipulation_experiments/downloaded_checkpoints/trc7rbt0_step_110000/policy/config.json...
2026-08-09 13:31:35,770 | INFO | Image features: ['observation.images.agentview']
2026-08-09 13:31:35,770 | INFO | State features: ['observation.state']
2026-08-09 13:31:35,770 | INFO | Constructing FlowMatchingPolicy from config...
[ViT Init] Inferred image size from dataset: 84x84
2026-08-09 13:31:35,855 | INFO | Loading model weights from /home/haoyu/workspace/code/fpo-control/manipulation_experiments/downloaded_checkpoints/trc7rbt0_step_110000/policy/model.safetensors...
2026-08-09 13:31:36,300 | INFO | Loaded and applied EMA weights from checkpoint
2026-08-09 13:31:36,301 | INFO | Policy loaded successfully
2026-08-09 13:31:36,301 | INFO | Policy config: horizon=16, n_action_steps=8, sampling_steps=10
2026-08-09 13:31:36,796 | INFO | direction=0 seed=20261000 sign=-1 envs=8
num_visible_gpus: 1 [1] render_override: 1
2026-08-09 13:31:36,796 | INFO | Production mode: using gymnasium.vector.AsyncVectorEnv
2026-08-09 13:31:36,796 | INFO | Video key: agentview
2026-08-09 13:31:36,796 | INFO | Using image observation keys: ['agentview']
[robosuite INFO] Loading controller configuration from: /mnt/data/users/haoyu/workspace/code/fpo-control/manipulation_experiments/thirdparty/robosuite/robosuite/controllers/config/robots/default_panda.json (composite_controller_factory.py:121)
2026-08-09 13:31:36,797 | INFO | Loading controller configuration from: /mnt/data/users/haoyu/workspace/code/fpo-control/manipulation_experiments/thirdparty/robosuite/robosuite/controllers/config/robots/default_panda.json
render_gpu_device_id: 1
2026-08-09 13:31:38,603 | INFO | Successfully created NutAssemblySquare environment via robosuite.make() with cameras at 84x84
2026-08-09 13:31:38,604 | INFO | Configured cameras: ['agentview']
[robosuite WARNING] No private macro file found! (macros.py:57)
[robosuite WARNING] It is recommended to use a private macro file (macros.py:58)
[robosuite WARNING] To setup, run: python /mnt/data/users/haoyu/workspace/code/fpo-control/manipulation_experiments/thirdparty/robosuite/robosuite/scripts/setup_macros.py (macros.py:59)
[robosuite WARNING] No private macro file found! (macros.py:57)
[robosuite WARNING] It is recommended to use a private macro file (macros.py:58)
[robosuite WARNING] To setup, run: python /mnt/data/users/haoyu/workspace/code/fpo-control/manipulation_experiments/thirdparty/robosuite/robosuite/scripts/setup_macros.py (macros.py:59)
[robosuite WARNING] No private macro file found! (macros.py:57)
[robosuite WARNING] It is recommended to use a private macro file (macros.py:58)
[robosuite WARNING] To setup, run: python /mnt/data/users/haoyu/workspace/code/fpo-control/manipulation_experiments/thirdparty/robosuite/robosuite/scripts/setup_macros.py (macros.py:59)
[robosuite WARNING] No private macro file found! (macros.py:57)
[robosuite WARNING] It is recommended to use a private macro file (macros.py:58)
[robosuite WARNING] To setup, run: python /mnt/data/users/haoyu/workspace/code/fpo-control/manipulation_experiments/thirdparty/robosuite/robosuite/scripts/setup_macros.py (macros.py:59)
[robosuite WARNING] No private macro file found! (macros.py:57)
[robosuite WARNING] It is recommended to use a private macro file (macros.py:58)
[robosuite WARNING] To setup, run: python /mnt/data/users/haoyu/workspace/code/fpo-control/manipulation_experiments/thirdparty/robosuite/robosuite/scripts/setup_macros.py (macros.py:59)
[robosuite WARNING] No private macro file found! (macros.py:57)
[robosuite WARNING] It is recommended to use a private macro file (macros.py:58)
[robosuite WARNING] To setup, run: python /mnt/data/users/haoyu/workspace/code/fpo-control/manipulation_experiments/thirdparty/robosuite/robosuite/scripts/setup_macros.py (macros.py:59)
[robosuite WARNING] No private macro file found! (macros.py:57)
[robosuite WARNING] It is recommended to use a private macro file (macros.py:58)
[robosuite WARNING] To setup, run: python /mnt/data/users/haoyu/workspace/code/fpo-control/manipulation_experiments/thirdparty/robosuite/robosuite/scripts/setup_macros.py (macros.py:59)
[robosuite WARNING] No private macro file found! (macros.py:57)
[robosuite WARNING] It is recommended to use a private macro file (macros.py:58)
[robosuite WARNING] To setup, run: python /mnt/data/users/haoyu/workspace/code/fpo-control/manipulation_experiments/thirdparty/robosuite/robosuite/scripts/setup_macros.py (macros.py:59)
[robosuite WARNING] Could not import robosuite_models. Some robots may not be available. If you want to use these robots, please install robosuite_models from source (https://github.com/ARISE-Initiative/robosuite_models) or through pip install. (__init__.py:30)
[robosuite WARNING] Could not import robosuite_models. Some robots may not be available. If you want to use these robots, please install robosuite_models from source (https://github.com/ARISE-Initiative/robosuite_models) or through pip install. (__init__.py:30)
[robosuite WARNING] Could not import robosuite_models. Some robots may not be available. If you want to use these robots, please install robosuite_models from source (https://github.com/ARISE-Initiative/robosuite_models) or through pip install. (__init__.py:30)
[robosuite WARNING] Could not import robosuite_models. Some robots may not be available. If you want to use these robots, please install robosuite_models from source (https://github.com/ARISE-Initiative/robosuite_models) or through pip install. (__init__.py:30)
[robosuite WARNING] Could not import robosuite_models. Some robots may not be available. If you want to use these robots, please install robosuite_models from source (https://github.com/ARISE-Initiative/robosuite_models) or through pip install. (__init__.py:30)
[robosuite WARNING] Could not import robosuite_models. Some robots may not be available. If you want to use these robots, please install robosuite_models from source (https://github.com/ARISE-Initiative/robosuite_models) or through pip install. (__init__.py:30)
[robosuite WARNING] Could not import robosuite_models. Some robots may not be available. If you want to use these robots, please install robosuite_models from source (https://github.com/ARISE-Initiative/robosuite_models) or through pip install. (__init__.py:30)
[robosuite WARNING] Could not import robosuite_models. Some robots may not be available. If you want to use these robots, please install robosuite_models from source (https://github.com/ARISE-Initiative/robosuite_models) or through pip install. (__init__.py:30)
2026-08-09 13:31:47,576 | INFO | Video key: agentview
2026-08-09 13:31:47,576 | INFO | Using image observation keys: ['agentview']
[robosuite INFO] Loading controller configuration from: /mnt/data/users/haoyu/workspace/code/fpo-control/manipulation_experiments/thirdparty/robosuite/robosuite/controllers/config/robots/default_panda.json (composite_controller_factory.py:121)
2026-08-09 13:31:47,576 | INFO | Loading controller configuration from: /mnt/data/users/haoyu/workspace/code/fpo-control/manipulation_experiments/thirdparty/robosuite/robosuite/controllers/config/robots/default_panda.json
render_gpu_device_id: 1
2026-08-09 13:31:47,596 | INFO | Video key: agentview
2026-08-09 13:31:47,596 | INFO | Using image observation keys: ['agentview']
[robosuite INFO] Loading controller configuration from: /mnt/data/users/haoyu/workspace/code/fpo-control/manipulation_experiments/thirdparty/robosuite/robosuite/controllers/config/robots/default_panda.json (composite_controller_factory.py:121)
2026-08-09 13:31:47,596 | INFO | Loading controller configuration from: /mnt/data/users/haoyu/workspace/code/fpo-control/manipulation_experiments/thirdparty/robosuite/robosuite/controllers/config/robots/default_panda.json
render_gpu_device_id: 1
2026-08-09 13:31:47,687 | INFO | Video key: agentview
2026-08-09 13:31:47,687 | INFO | Using image observation keys: ['agentview']
[robosuite INFO] Loading controller configuration from: /mnt/data/users/haoyu/workspace/code/fpo-control/manipulation_experiments/thirdparty/robosuite/robosuite/controllers/config/robots/default_panda.json (composite_controller_factory.py:121)
2026-08-09 13:31:47,687 | INFO | Loading controller configuration from: /mnt/data/users/haoyu/workspace/code/fpo-control/manipulation_experiments/thirdparty/robosuite/robosuite/controllers/config/robots/default_panda.json
render_gpu_device_id: 1
2026-08-09 13:31:47,699 | INFO | Video key: agentview
2026-08-09 13:31:47,699 | INFO | Using image observation keys: ['agentview']
[robosuite INFO] Loading controller configuration from: /mnt/data/users/haoyu/workspace/code/fpo-control/manipulation_experiments/thirdparty/robosuite/robosuite/controllers/config/robots/default_panda.json (composite_controller_factory.py:121)
2026-08-09 13:31:47,699 | INFO | Loading controller configuration from: /mnt/data/users/haoyu/workspace/code/fpo-control/manipulation_experiments/thirdparty/robosuite/robosuite/controllers/config/robots/default_panda.json
render_gpu_device_id: 1
2026-08-09 13:31:47,709 | INFO | Video key: agentview
2026-08-09 13:31:47,709 | INFO | Using image observation keys: ['agentview']
[robosuite INFO] Loading controller configuration from: /mnt/data/users/haoyu/workspace/code/fpo-control/manipulation_experiments/thirdparty/robosuite/robosuite/controllers/config/robots/default_panda.json (composite_controller_factory.py:121)
2026-08-09 13:31:47,710 | INFO | Loading controller configuration from: /mnt/data/users/haoyu/workspace/code/fpo-control/manipulation_experiments/thirdparty/robosuite/robosuite/controllers/config/robots/default_panda.json
render_gpu_device_id: 1
2026-08-09 13:31:47,716 | INFO | Video key: agentview
2026-08-09 13:31:47,716 | INFO | Using image observation keys: ['agentview']
[robosuite INFO] Loading controller configuration from: /mnt/data/users/haoyu/workspace/code/fpo-control/manipulation_experiments/thirdparty/robosuite/robosuite/controllers/config/robots/default_panda.json (composite_controller_factory.py:121)
2026-08-09 13:31:47,716 | INFO | Loading controller configuration from: /mnt/data/users/haoyu/workspace/code/fpo-control/manipulation_experiments/thirdparty/robosuite/robosuite/controllers/config/robots/default_panda.json
render_gpu_device_id: 1
2026-08-09 13:31:47,720 | INFO | Video key: agentview
2026-08-09 13:31:47,720 | INFO | Using image observation keys: ['agentview']
2026-08-09 13:31:47,720 | INFO | Video key: agentview
2026-08-09 13:31:47,720 | INFO | Using image observation keys: ['agentview']
[robosuite INFO] Loading controller configuration from: /mnt/data/users/haoyu/workspace/code/fpo-control/manipulation_experiments/thirdparty/robosuite/robosuite/controllers/config/robots/default_panda.json (composite_controller_factory.py:121)
2026-08-09 13:31:47,721 | INFO | Loading controller configuration from: /mnt/data/users/haoyu/workspace/code/fpo-control/manipulation_experiments/thirdparty/robosuite/robosuite/controllers/config/robots/default_panda.json
render_gpu_device_id: 1
[robosuite INFO] Loading controller configuration from: /mnt/data/users/haoyu/workspace/code/fpo-control/manipulation_experiments/thirdparty/robosuite/robosuite/controllers/config/robots/default_panda.json (composite_controller_factory.py:121)
2026-08-09 13:31:47,721 | INFO | Loading controller configuration from: /mnt/data/users/haoyu/workspace/code/fpo-control/manipulation_experiments/thirdparty/robosuite/robosuite/controllers/config/robots/default_panda.json
render_gpu_device_id: 1
2026-08-09 13:31:49,430 | INFO | Successfully created NutAssemblySquare environment via robosuite.make() with cameras at 84x84
2026-08-09 13:31:49,430 | INFO | Configured cameras: ['agentview']
2026-08-09 13:31:49,435 | INFO | Successfully created NutAssemblySquare environment via robosuite.make() with cameras at 84x84
2026-08-09 13:31:49,435 | INFO | Configured cameras: ['agentview']
2026-08-09 13:31:49,500 | INFO | Successfully created NutAssemblySquare environment via robosuite.make() with cameras at 84x84
2026-08-09 13:31:49,500 | INFO | Configured cameras: ['agentview']
2026-08-09 13:31:49,501 | INFO | Successfully created NutAssemblySquare environment via robosuite.make() with cameras at 84x84
2026-08-09 13:31:49,501 | INFO | Configured cameras: ['agentview']
2026-08-09 13:31:49,507 | INFO | Successfully created NutAssemblySquare environment via robosuite.make() with cameras at 84x84
2026-08-09 13:31:49,507 | INFO | Configured cameras: ['agentview']
2026-08-09 13:31:49,508 | INFO | Successfully created NutAssemblySquare environment via robosuite.make() with cameras at 84x84
2026-08-09 13:31:49,508 | INFO | Configured cameras: ['agentview']
2026-08-09 13:31:49,560 | INFO | Successfully created NutAssemblySquare environment via robosuite.make() with cameras at 84x84
2026-08-09 13:31:49,560 | INFO | Configured cameras: ['agentview']
2026-08-09 13:31:49,583 | INFO | Successfully created NutAssemblySquare environment via robosuite.make() with cameras at 84x84
2026-08-09 13:31:49,584 | INFO | Configured cameras: ['agentview']
2026-08-09 13:31:51,065 | INFO | Created 8 vectorized Square environments
2026-08-09 13:31:51,065 | INFO | Set video key to 'agentview' for video recording
2026-08-09 13:31:52,098 | INFO | Created observation keys: ['observation.state', 'observation.images.agentview']
2026-08-09 13:31:52,100 | INFO | Created observation keys: ['observation.state', 'observation.images.agentview']
2026-08-09 13:31:52,108 | INFO | Created observation keys: ['observation.state', 'observation.images.agentview']
2026-08-09 13:31:52,108 | INFO | Created observation keys: ['observation.state', 'observation.images.agentview']
2026-08-09 13:31:52,115 | INFO | Created observation keys: ['observation.state', 'observation.images.agentview']
2026-08-09 13:31:52,219 | INFO | Created observation keys: ['observation.state', 'observation.images.agentview']
2026-08-09 13:31:52,264 | INFO | Created observation keys: ['observation.state', 'observation.images.agentview']
2026-08-09 13:31:52,554 | INFO | Created observation keys: ['observation.state', 'observation.images.agentview']
/home/haoyu/workspace/code/fpo-control/manipulation_experiments/thirdparty/miniconda3/envs/fpo_manipulation/lib/python3.10/contextlib.py:103: FutureWarning: `torch.backends.cuda.sdp_kernel()` is deprecated. In the future, this context manager will be removed. Please see `torch.nn.attention.sdpa_kernel()` for the new context manager, with updated signature.
  self.gen = func(*args, **kwds)
2026-08-09 13:32:31,082 | INFO | direction=0 seed=20261000 sign=+1 envs=8
num_visible_gpus: 1 [1] render_override: 1
2026-08-09 13:32:31,083 | INFO | Production mode: using gymnasium.vector.AsyncVectorEnv
2026-08-09 13:32:31,083 | INFO | Video key: agentview
2026-08-09 13:32:31,083 | INFO | Using image observation keys: ['agentview']
[robosuite INFO] Loading controller configuration from: /mnt/data/users/haoyu/workspace/code/fpo-control/manipulation_experiments/thirdparty/robosuite/robosuite/controllers/config/robots/default_panda.json (composite_controller_factory.py:121)
2026-08-09 13:32:31,083 | INFO | Loading controller configuration from: /mnt/data/users/haoyu/workspace/code/fpo-control/manipulation_experiments/thirdparty/robosuite/robosuite/controllers/config/robots/default_panda.json
render_gpu_device_id: 1
2026-08-09 13:32:31,932 | INFO | Successfully created NutAssemblySquare environment via robosuite.make() with cameras at 84x84
2026-08-09 13:32:31,932 | INFO | Configured cameras: ['agentview']
[robosuite WARNING] No private macro file found! (macros.py:57)
[robosuite WARNING] It is recommended to use a private macro file (macros.py:58)
[robosuite WARNING] To setup, run: python /mnt/data/users/haoyu/workspace/code/fpo-control/manipulation_experiments/thirdparty/robosuite/robosuite/scripts/setup_macros.py (macros.py:59)
[robosuite WARNING] No private macro file found! (macros.py:57)
[robosuite WARNING] It is recommended to use a private macro file (macros.py:58)
[robosuite WARNING] To setup, run: python /mnt/data/users/haoyu/workspace/code/fpo-control/manipulation_experiments/thirdparty/robosuite/robosuite/scripts/setup_macros.py (macros.py:59)
[robosuite WARNING] No private macro file found! (macros.py:57)
[robosuite WARNING] It is recommended to use a private macro file (macros.py:58)
[robosuite WARNING] To setup, run: python /mnt/data/users/haoyu/workspace/code/fpo-control/manipulation_experiments/thirdparty/robosuite/robosuite/scripts/setup_macros.py (macros.py:59)
[robosuite WARNING] No private macro file found! (macros.py:57)
[robosuite WARNING] It is recommended to use a private macro file (macros.py:58)
[robosuite WARNING] To setup, run: python /mnt/data/users/haoyu/workspace/code/fpo-control/manipulation_experiments/thirdparty/robosuite/robosuite/scripts/setup_macros.py (macros.py:59)
[robosuite WARNING] No private macro file found! (macros.py:57)
[robosuite WARNING] It is recommended to use a private macro file (macros.py:58)
[robosuite WARNING] To setup, run: python /mnt/data/users/haoyu/workspace/code/fpo-control/manipulation_experiments/thirdparty/robosuite/robosuite/scripts/setup_macros.py (macros.py:59)
[robosuite WARNING] No private macro file found! (macros.py:57)
[robosuite WARNING] It is recommended to use a private macro file (macros.py:58)
[robosuite WARNING] To setup, run: python /mnt/data/users/haoyu/workspace/code/fpo-control/manipulation_experiments/thirdparty/robosuite/robosuite/scripts/setup_macros.py (macros.py:59)
[robosuite WARNING] No private macro file found! (macros.py:57)
[robosuite WARNING] It is recommended to use a private macro file (macros.py:58)
[robosuite WARNING] To setup, run: python /mnt/data/users/haoyu/workspace/code/fpo-control/manipulation_experiments/thirdparty/robosuite/robosuite/scripts/setup_macros.py (macros.py:59)
[robosuite WARNING] No private macro file found! (macros.py:57)
[robosuite WARNING] It is recommended to use a private macro file (macros.py:58)
[robosuite WARNING] To setup, run: python /mnt/data/users/haoyu/workspace/code/fpo-control/manipulation_experiments/thirdparty/robosuite/robosuite/scripts/setup_macros.py (macros.py:59)
[robosuite WARNING] Could not import robosuite_models. Some robots may not be available. If you want to use these robots, please install robosuite_models from source (https://github.com/ARISE-Initiative/robosuite_models) or through pip install. (__init__.py:30)
[robosuite WARNING] Could not import robosuite_models. Some robots may not be available. If you want to use these robots, please install robosuite_models from source (https://github.com/ARISE-Initiative/robosuite_models) or through pip install. (__init__.py:30)
[robosuite WARNING] Could not import robosuite_models. Some robots may not be available. If you want to use these robots, please install robosuite_models from source (https://github.com/ARISE-Initiative/robosuite_models) or through pip install. (__init__.py:30)
[robosuite WARNING] Could not import robosuite_models. Some robots may not be available. If you want to use these robots, please install robosuite_models from source (https://github.com/ARISE-Initiative/robosuite_models) or through pip install. (__init__.py:30)
[robosuite WARNING] Could not import robosuite_models. Some robots may not be available. If you want to use these robots, please install robosuite_models from source (https://github.com/ARISE-Initiative/robosuite_models) or through pip install. (__init__.py:30)
[robosuite WARNING] Could not import robosuite_models. Some robots may not be available. If you want to use these robots, please install robosuite_models from source (https://github.com/ARISE-Initiative/robosuite_models) or through pip install. (__init__.py:30)
[robosuite WARNING] Could not import robosuite_models. Some robots may not be available. If you want to use these robots, please install robosuite_models from source (https://github.com/ARISE-Initiative/robosuite_models) or through pip install. (__init__.py:30)
[robosuite WARNING] Could not import robosuite_models. Some robots may not be available. If you want to use these robots, please install robosuite_models from source (https://github.com/ARISE-Initiative/robosuite_models) or through pip install. (__init__.py:30)
2026-08-09 13:32:40,065 | INFO | Video key: agentview
2026-08-09 13:32:40,065 | INFO | Using image observation keys: ['agentview']
[robosuite INFO] Loading controller configuration from: /mnt/data/users/haoyu/workspace/code/fpo-control/manipulation_experiments/thirdparty/robosuite/robosuite/controllers/config/robots/default_panda.json (composite_controller_factory.py:121)
2026-08-09 13:32:40,065 | INFO | Loading controller configuration from: /mnt/data/users/haoyu/workspace/code/fpo-control/manipulation_experiments/thirdparty/robosuite/robosuite/controllers/config/robots/default_panda.json
render_gpu_device_id: 1
2026-08-09 13:32:40,771 | INFO | Video key: agentview
2026-08-09 13:32:40,771 | INFO | Using image observation keys: ['agentview']
[robosuite INFO] Loading controller configuration from: /mnt/data/users/haoyu/workspace/code/fpo-control/manipulation_experiments/thirdparty/robosuite/robosuite/controllers/config/robots/default_panda.json (composite_controller_factory.py:121)
2026-08-09 13:32:40,771 | INFO | Loading controller configuration from: /mnt/data/users/haoyu/workspace/code/fpo-control/manipulation_experiments/thirdparty/robosuite/robosuite/controllers/config/robots/default_panda.json
render_gpu_device_id: 1
2026-08-09 13:32:41,079 | INFO | Video key: agentview
2026-08-09 13:32:41,079 | INFO | Using image observation keys: ['agentview']
[robosuite INFO] Loading controller configuration from: /mnt/data/users/haoyu/workspace/code/fpo-control/manipulation_experiments/thirdparty/robosuite/robosuite/controllers/config/robots/default_panda.json (composite_controller_factory.py:121)
2026-08-09 13:32:41,079 | INFO | Loading controller configuration from: /mnt/data/users/haoyu/workspace/code/fpo-control/manipulation_experiments/thirdparty/robosuite/robosuite/controllers/config/robots/default_panda.json
render_gpu_device_id: 1
2026-08-09 13:32:41,143 | INFO | Video key: agentview
2026-08-09 13:32:41,144 | INFO | Using image observation keys: ['agentview']
[robosuite INFO] Loading controller configuration from: /mnt/data/users/haoyu/workspace/code/fpo-control/manipulation_experiments/thirdparty/robosuite/robosuite/controllers/config/robots/default_panda.json (composite_controller_factory.py:121)
2026-08-09 13:32:41,144 | INFO | Loading controller configuration from: /mnt/data/users/haoyu/workspace/code/fpo-control/manipulation_experiments/thirdparty/robosuite/robosuite/controllers/config/robots/default_panda.json
render_gpu_device_id: 1
2026-08-09 13:32:41,425 | INFO | Video key: agentview
2026-08-09 13:32:41,425 | INFO | Using image observation keys: ['agentview']
[robosuite INFO] Loading controller configuration from: /mnt/data/users/haoyu/workspace/code/fpo-control/manipulation_experiments/thirdparty/robosuite/robosuite/controllers/config/robots/default_panda.json (composite_controller_factory.py:121)
2026-08-09 13:32:41,425 | INFO | Loading controller configuration from: /mnt/data/users/haoyu/workspace/code/fpo-control/manipulation_experiments/thirdparty/robosuite/robosuite/controllers/config/robots/default_panda.json
render_gpu_device_id: 1
2026-08-09 13:32:41,442 | INFO | Video key: agentview
2026-08-09 13:32:41,442 | INFO | Using image observation keys: ['agentview']
[robosuite INFO] Loading controller configuration from: /mnt/data/users/haoyu/workspace/code/fpo-control/manipulation_experiments/thirdparty/robosuite/robosuite/controllers/config/robots/default_panda.json (composite_controller_factory.py:121)
2026-08-09 13:32:41,442 | INFO | Loading controller configuration from: /mnt/data/users/haoyu/workspace/code/fpo-control/manipulation_experiments/thirdparty/robosuite/robosuite/controllers/config/robots/default_panda.json
render_gpu_device_id: 1
2026-08-09 13:32:41,467 | INFO | Video key: agentview
2026-08-09 13:32:41,467 | INFO | Using image observation keys: ['agentview']
[robosuite INFO] Loading controller configuration from: /mnt/data/users/haoyu/workspace/code/fpo-control/manipulation_experiments/thirdparty/robosuite/robosuite/controllers/config/robots/default_panda.json (composite_controller_factory.py:121)
2026-08-09 13:32:41,467 | INFO | Loading controller configuration from: /mnt/data/users/haoyu/workspace/code/fpo-control/manipulation_experiments/thirdparty/robosuite/robosuite/controllers/config/robots/default_panda.json
render_gpu_device_id: 1
2026-08-09 13:32:41,472 | INFO | Video key: agentview
2026-08-09 13:32:41,472 | INFO | Using image observation keys: ['agentview']
[robosuite INFO] Loading controller configuration from: /mnt/data/users/haoyu/workspace/code/fpo-control/manipulation_experiments/thirdparty/robosuite/robosuite/controllers/config/robots/default_panda.json (composite_controller_factory.py:121)
2026-08-09 13:32:41,472 | INFO | Loading controller configuration from: /mnt/data/users/haoyu/workspace/code/fpo-control/manipulation_experiments/thirdparty/robosuite/robosuite/controllers/config/robots/default_panda.json
render_gpu_device_id: 1
2026-08-09 13:32:41,837 | INFO | Successfully created NutAssemblySquare environment via robosuite.make() with cameras at 84x84
2026-08-09 13:32:41,837 | INFO | Configured cameras: ['agentview']
2026-08-09 13:32:42,615 | INFO | Successfully created NutAssemblySquare environment via robosuite.make() with cameras at 84x84
2026-08-09 13:32:42,615 | INFO | Configured cameras: ['agentview']
2026-08-09 13:32:42,873 | INFO | Successfully created NutAssemblySquare environment via robosuite.make() with cameras at 84x84
2026-08-09 13:32:42,873 | INFO | Configured cameras: ['agentview']
2026-08-09 13:32:42,967 | INFO | Successfully created NutAssemblySquare environment via robosuite.make() with cameras at 84x84
2026-08-09 13:32:42,967 | INFO | Configured cameras: ['agentview']
2026-08-09 13:32:43,209 | INFO | Successfully created NutAssemblySquare environment via robosuite.make() with cameras at 84x84
2026-08-09 13:32:43,210 | INFO | Configured cameras: ['agentview']
2026-08-09 13:32:43,223 | INFO | Successfully created NutAssemblySquare environment via robosuite.make() with cameras at 84x84
2026-08-09 13:32:43,223 | INFO | Configured cameras: ['agentview']
2026-08-09 13:32:43,266 | INFO | Successfully created NutAssemblySquare environment via robosuite.make() with cameras at 84x84
2026-08-09 13:32:43,266 | INFO | Configured cameras: ['agentview']
2026-08-09 13:32:43,291 | INFO | Successfully created NutAssemblySquare environment via robosuite.make() with cameras at 84x84
2026-08-09 13:32:43,291 | INFO | Configured cameras: ['agentview']
2026-08-09 13:32:44,469 | INFO | Created 8 vectorized Square environments
2026-08-09 13:32:44,469 | INFO | Set video key to 'agentview' for video recording
2026-08-09 13:32:45,502 | INFO | Created observation keys: ['observation.state', 'observation.images.agentview']
2026-08-09 13:32:45,511 | INFO | Created observation keys: ['observation.state', 'observation.images.agentview']
2026-08-09 13:32:45,515 | INFO | Created observation keys: ['observation.state', 'observation.images.agentview']
2026-08-09 13:32:45,524 | INFO | Created observation keys: ['observation.state', 'observation.images.agentview']
2026-08-09 13:32:45,537 | INFO | Created observation keys: ['observation.state', 'observation.images.agentview']
2026-08-09 13:32:45,592 | INFO | Created observation keys: ['observation.state', 'observation.images.agentview']
2026-08-09 13:32:45,595 | INFO | Created observation keys: ['observation.state', 'observation.images.agentview']
2026-08-09 13:32:45,597 | INFO | Created observation keys: ['observation.state', 'observation.images.agentview']
2026-08-09 13:33:22,717 | INFO | direction=1 seed=20261001 sign=-1 envs=8
num_visible_gpus: 1 [1] render_override: 1
2026-08-09 13:33:22,718 | INFO | Production mode: using gymnasium.vector.AsyncVectorEnv
2026-08-09 13:33:22,718 | INFO | Video key: agentview
2026-08-09 13:33:22,718 | INFO | Using image observation keys: ['agentview']
[robosuite INFO] Loading controller configuration from: /mnt/data/users/haoyu/workspace/code/fpo-control/manipulation_experiments/thirdparty/robosuite/robosuite/controllers/config/robots/default_panda.json (composite_controller_factory.py:121)
2026-08-09 13:33:22,718 | INFO | Loading controller configuration from: /mnt/data/users/haoyu/workspace/code/fpo-control/manipulation_experiments/thirdparty/robosuite/robosuite/controllers/config/robots/default_panda.json
render_gpu_device_id: 1
2026-08-09 13:33:23,555 | INFO | Successfully created NutAssemblySquare environment via robosuite.make() with cameras at 84x84
2026-08-09 13:33:23,555 | INFO | Configured cameras: ['agentview']
[robosuite WARNING] No private macro file found! (macros.py:57)
[robosuite WARNING] It is recommended to use a private macro file (macros.py:58)
[robosuite WARNING] To setup, run: python /mnt/data/users/haoyu/workspace/code/fpo-control/manipulation_experiments/thirdparty/robosuite/robosuite/scripts/setup_macros.py (macros.py:59)
[robosuite WARNING] No private macro file found! (macros.py:57)
[robosuite WARNING] It is recommended to use a private macro file (macros.py:58)
[robosuite WARNING] To setup, run: python /mnt/data/users/haoyu/workspace/code/fpo-control/manipulation_experiments/thirdparty/robosuite/robosuite/scripts/setup_macros.py (macros.py:59)
[robosuite WARNING] No private macro file found! (macros.py:57)
[robosuite WARNING] It is recommended to use a private macro file (macros.py:58)
[robosuite WARNING] To setup, run: python /mnt/data/users/haoyu/workspace/code/fpo-control/manipulation_experiments/thirdparty/robosuite/robosuite/scripts/setup_macros.py (macros.py:59)
[robosuite WARNING] No private macro file found! (macros.py:57)
[robosuite WARNING] It is recommended to use a private macro file (macros.py:58)
[robosuite WARNING] To setup, run: python /mnt/data/users/haoyu/workspace/code/fpo-control/manipulation_experiments/thirdparty/robosuite/robosuite/scripts/setup_macros.py (macros.py:59)
[robosuite WARNING] No private macro file found! (macros.py:57)
[robosuite WARNING] It is recommended to use a private macro file (macros.py:58)
[robosuite WARNING] To setup, run: python /mnt/data/users/haoyu/workspace/code/fpo-control/manipulation_experiments/thirdparty/robosuite/robosuite/scripts/setup_macros.py (macros.py:59)
[robosuite WARNING] No private macro file found! (macros.py:57)
[robosuite WARNING] It is recommended to use a private macro file (macros.py:58)
[robosuite WARNING] To setup, run: python /mnt/data/users/haoyu/workspace/code/fpo-control/manipulation_experiments/thirdparty/robosuite/robosuite/scripts/setup_macros.py (macros.py:59)
[robosuite WARNING] No private macro file found! (macros.py:57)
[robosuite WARNING] It is recommended to use a private macro file (macros.py:58)
[robosuite WARNING] To setup, run: python /mnt/data/users/haoyu/workspace/code/fpo-control/manipulation_experiments/thirdparty/robosuite/robosuite/scripts/setup_macros.py (macros.py:59)
[robosuite WARNING] No private macro file found! (macros.py:57)
[robosuite WARNING] It is recommended to use a private macro file (macros.py:58)
[robosuite WARNING] To setup, run: python /mnt/data/users/haoyu/workspace/code/fpo-control/manipulation_experiments/thirdparty/robosuite/robosuite/scripts/setup_macros.py (macros.py:59)
[robosuite WARNING] Could not import robosuite_models. Some robots may not be available. If you want to use these robots, please install robosuite_models from source (https://github.com/ARISE-Initiative/robosuite_models) or through pip install. (__init__.py:30)
[robosuite WARNING] Could not import robosuite_models. Some robots may not be available. If you want to use these robots, please install robosuite_models from source (https://github.com/ARISE-Initiative/robosuite_models) or through pip install. (__init__.py:30)
[robosuite WARNING] Could not import robosuite_models. Some robots may not be available. If you want to use these robots, please install robosuite_models from source (https://github.com/ARISE-Initiative/robosuite_models) or through pip install. (__init__.py:30)
[robosuite WARNING] Could not import robosuite_models. Some robots may not be available. If you want to use these robots, please install robosuite_models from source (https://github.com/ARISE-Initiative/robosuite_models) or through pip install. (__init__.py:30)
[robosuite WARNING] Could not import robosuite_models. Some robots may not be available. If you want to use these robots, please install robosuite_models from source (https://github.com/ARISE-Initiative/robosuite_models) or through pip install. (__init__.py:30)
[robosuite WARNING] Could not import robosuite_models. Some robots may not be available. If you want to use these robots, please install robosuite_models from source (https://github.com/ARISE-Initiative/robosuite_models) or through pip install. (__init__.py:30)
[robosuite WARNING] Could not import robosuite_models. Some robots may not be available. If you want to use these robots, please install robosuite_models from source (https://github.com/ARISE-Initiative/robosuite_models) or through pip install. (__init__.py:30)
[robosuite WARNING] Could not import robosuite_models. Some robots may not be available. If you want to use these robots, please install robosuite_models from source (https://github.com/ARISE-Initiative/robosuite_models) or through pip install. (__init__.py:30)
2026-08-09 13:33:31,936 | INFO | Video key: agentview
2026-08-09 13:33:31,936 | INFO | Using image observation keys: ['agentview']
[robosuite INFO] Loading controller configuration from: /mnt/data/users/haoyu/workspace/code/fpo-control/manipulation_experiments/thirdparty/robosuite/robosuite/controllers/config/robots/default_panda.json (composite_controller_factory.py:121)
2026-08-09 13:33:31,936 | INFO | Loading controller configuration from: /mnt/data/users/haoyu/workspace/code/fpo-control/manipulation_experiments/thirdparty/robosuite/robosuite/controllers/config/robots/default_panda.json
render_gpu_device_id: 1
2026-08-09 13:33:32,323 | INFO | Video key: agentview
2026-08-09 13:33:32,323 | INFO | Using image observation keys: ['agentview']
[robosuite INFO] Loading controller configuration from: /mnt/data/users/haoyu/workspace/code/fpo-control/manipulation_experiments/thirdparty/robosuite/robosuite/controllers/config/robots/default_panda.json (composite_controller_factory.py:121)
2026-08-09 13:33:32,323 | INFO | Loading controller configuration from: /mnt/data/users/haoyu/workspace/code/fpo-control/manipulation_experiments/thirdparty/robosuite/robosuite/controllers/config/robots/default_panda.json
render_gpu_device_id: 1
2026-08-09 13:33:32,700 | INFO | Video key: agentview
2026-08-09 13:33:32,700 | INFO | Using image observation keys: ['agentview']
[robosuite INFO] Loading controller configuration from: /mnt/data/users/haoyu/workspace/code/fpo-control/manipulation_experiments/thirdparty/robosuite/robosuite/controllers/config/robots/default_panda.json (composite_controller_factory.py:121)
2026-08-09 13:33:32,700 | INFO | Loading controller configuration from: /mnt/data/users/haoyu/workspace/code/fpo-control/manipulation_experiments/thirdparty/robosuite/robosuite/controllers/config/robots/default_panda.json
render_gpu_device_id: 1
2026-08-09 13:33:32,724 | INFO | Video key: agentview
2026-08-09 13:33:32,724 | INFO | Using image observation keys: ['agentview']
[robosuite INFO] Loading controller configuration from: /mnt/data/users/haoyu/workspace/code/fpo-control/manipulation_experiments/thirdparty/robosuite/robosuite/controllers/config/robots/default_panda.json (composite_controller_factory.py:121)
2026-08-09 13:33:32,724 | INFO | Loading controller configuration from: /mnt/data/users/haoyu/workspace/code/fpo-control/manipulation_experiments/thirdparty/robosuite/robosuite/controllers/config/robots/default_panda.json
render_gpu_device_id: 1
2026-08-09 13:33:32,744 | INFO | Video key: agentview
2026-08-09 13:33:32,744 | INFO | Using image observation keys: ['agentview']
[robosuite INFO] Loading controller configuration from: /mnt/data/users/haoyu/workspace/code/fpo-control/manipulation_experiments/thirdparty/robosuite/robosuite/controllers/config/robots/default_panda.json (composite_controller_factory.py:121)
2026-08-09 13:33:32,745 | INFO | Loading controller configuration from: /mnt/data/users/haoyu/workspace/code/fpo-control/manipulation_experiments/thirdparty/robosuite/robosuite/controllers/config/robots/default_panda.json
render_gpu_device_id: 1
2026-08-09 13:33:32,876 | INFO | Video key: agentview
2026-08-09 13:33:32,876 | INFO | Using image observation keys: ['agentview']
[robosuite INFO] Loading controller configuration from: /mnt/data/users/haoyu/workspace/code/fpo-control/manipulation_experiments/thirdparty/robosuite/robosuite/controllers/config/robots/default_panda.json (composite_controller_factory.py:121)
2026-08-09 13:33:32,876 | INFO | Loading controller configuration from: /mnt/data/users/haoyu/workspace/code/fpo-control/manipulation_experiments/thirdparty/robosuite/robosuite/controllers/config/robots/default_panda.json
render_gpu_device_id: 1
2026-08-09 13:33:32,910 | INFO | Video key: agentview
2026-08-09 13:33:32,910 | INFO | Using image observation keys: ['agentview']
[robosuite INFO] Loading controller configuration from: /mnt/data/users/haoyu/workspace/code/fpo-control/manipulation_experiments/thirdparty/robosuite/robosuite/controllers/config/robots/default_panda.json (composite_controller_factory.py:121)
2026-08-09 13:33:32,911 | INFO | Loading controller configuration from: /mnt/data/users/haoyu/workspace/code/fpo-control/manipulation_experiments/thirdparty/robosuite/robosuite/controllers/config/robots/default_panda.json
render_gpu_device_id: 1
2026-08-09 13:33:32,921 | INFO | Video key: agentview
2026-08-09 13:33:32,921 | INFO | Using image observation keys: ['agentview']
[robosuite INFO] Loading controller configuration from: /mnt/data/users/haoyu/workspace/code/fpo-control/manipulation_experiments/thirdparty/robosuite/robosuite/controllers/config/robots/default_panda.json (composite_controller_factory.py:121)
2026-08-09 13:33:32,921 | INFO | Loading controller configuration from: /mnt/data/users/haoyu/workspace/code/fpo-control/manipulation_experiments/thirdparty/robosuite/robosuite/controllers/config/robots/default_panda.json
render_gpu_device_id: 1
2026-08-09 13:33:33,709 | INFO | Successfully created NutAssemblySquare environment via robosuite.make() with cameras at 84x84
2026-08-09 13:33:33,710 | INFO | Configured cameras: ['agentview']
2026-08-09 13:33:34,110 | INFO | Successfully created NutAssemblySquare environment via robosuite.make() with cameras at 84x84
2026-08-09 13:33:34,110 | INFO | Configured cameras: ['agentview']
2026-08-09 13:33:34,491 | INFO | Successfully created NutAssemblySquare environment via robosuite.make() with cameras at 84x84
2026-08-09 13:33:34,492 | INFO | Configured cameras: ['agentview']
2026-08-09 13:33:34,530 | INFO | Successfully created NutAssemblySquare environment via robosuite.make() with cameras at 84x84
2026-08-09 13:33:34,530 | INFO | Configured cameras: ['agentview']
2026-08-09 13:33:34,533 | INFO | Successfully created NutAssemblySquare environment via robosuite.make() with cameras at 84x84
2026-08-09 13:33:34,533 | INFO | Configured cameras: ['agentview']
2026-08-09 13:33:34,681 | INFO | Successfully created NutAssemblySquare environment via robosuite.make() with cameras at 84x84
2026-08-09 13:33:34,681 | INFO | Configured cameras: ['agentview']
2026-08-09 13:33:34,701 | INFO | Successfully created NutAssemblySquare environment via robosuite.make() with cameras at 84x84
2026-08-09 13:33:34,701 | INFO | Configured cameras: ['agentview']
2026-08-09 13:33:34,747 | INFO | Successfully created NutAssemblySquare environment via robosuite.make() with cameras at 84x84
2026-08-09 13:33:34,748 | INFO | Configured cameras: ['agentview']
2026-08-09 13:33:35,859 | INFO | Created 8 vectorized Square environments
2026-08-09 13:33:35,859 | INFO | Set video key to 'agentview' for video recording
2026-08-09 13:33:36,880 | INFO | Created observation keys: ['observation.state', 'observation.images.agentview']
2026-08-09 13:33:36,892 | INFO | Created observation keys: ['observation.state', 'observation.images.agentview']
2026-08-09 13:33:36,928 | INFO | Created observation keys: ['observation.state', 'observation.images.agentview']
2026-08-09 13:33:36,935 | INFO | Created observation keys: ['observation.state', 'observation.images.agentview']
2026-08-09 13:33:36,974 | INFO | Created observation keys: ['observation.state', 'observation.images.agentview']
2026-08-09 13:33:36,984 | INFO | Created observation keys: ['observation.state', 'observation.images.agentview']
2026-08-09 13:33:36,990 | INFO | Created observation keys: ['observation.state', 'observation.images.agentview']
2026-08-09 13:33:37,003 | INFO | Created observation keys: ['observation.state', 'observation.images.agentview']
2026-08-09 13:34:15,616 | INFO | direction=1 seed=20261001 sign=+1 envs=8
num_visible_gpus: 1 [1] render_override: 1
2026-08-09 13:34:15,616 | INFO | Production mode: using gymnasium.vector.AsyncVectorEnv
2026-08-09 13:34:15,616 | INFO | Video key: agentview
2026-08-09 13:34:15,616 | INFO | Using image observation keys: ['agentview']
[robosuite INFO] Loading controller configuration from: /mnt/data/users/haoyu/workspace/code/fpo-control/manipulation_experiments/thirdparty/robosuite/robosuite/controllers/config/robots/default_panda.json (composite_controller_factory.py:121)
2026-08-09 13:34:15,616 | INFO | Loading controller configuration from: /mnt/data/users/haoyu/workspace/code/fpo-control/manipulation_experiments/thirdparty/robosuite/robosuite/controllers/config/robots/default_panda.json
render_gpu_device_id: 1
2026-08-09 13:34:16,476 | INFO | Successfully created NutAssemblySquare environment via robosuite.make() with cameras at 84x84
2026-08-09 13:34:16,477 | INFO | Configured cameras: ['agentview']
[robosuite WARNING] No private macro file found! (macros.py:57)
[robosuite WARNING] It is recommended to use a private macro file (macros.py:58)
[robosuite WARNING] To setup, run: python /mnt/data/users/haoyu/workspace/code/fpo-control/manipulation_experiments/thirdparty/robosuite/robosuite/scripts/setup_macros.py (macros.py:59)
[robosuite WARNING] No private macro file found! (macros.py:57)
[robosuite WARNING] It is recommended to use a private macro file (macros.py:58)
[robosuite WARNING] To setup, run: python /mnt/data/users/haoyu/workspace/code/fpo-control/manipulation_experiments/thirdparty/robosuite/robosuite/scripts/setup_macros.py (macros.py:59)
[robosuite WARNING] No private macro file found! (macros.py:57)
[robosuite WARNING] It is recommended to use a private macro file (macros.py:58)
[robosuite WARNING] To setup, run: python /mnt/data/users/haoyu/workspace/code/fpo-control/manipulation_experiments/thirdparty/robosuite/robosuite/scripts/setup_macros.py (macros.py:59)
[robosuite WARNING] No private macro file found! (macros.py:57)
[robosuite WARNING] It is recommended to use a private macro file (macros.py:58)
[robosuite WARNING] To setup, run: python /mnt/data/users/haoyu/workspace/code/fpo-control/manipulation_experiments/thirdparty/robosuite/robosuite/scripts/setup_macros.py (macros.py:59)
[robosuite WARNING] No private macro file found! (macros.py:57)
[robosuite WARNING] It is recommended to use a private macro file (macros.py:58)
[robosuite WARNING] To setup, run: python /mnt/data/users/haoyu/workspace/code/fpo-control/manipulation_experiments/thirdparty/robosuite/robosuite/scripts/setup_macros.py (macros.py:59)
[robosuite WARNING] No private macro file found! (macros.py:57)
[robosuite WARNING] It is recommended to use a private macro file (macros.py:58)
[robosuite WARNING] To setup, run: python /mnt/data/users/haoyu/workspace/code/fpo-control/manipulation_experiments/thirdparty/robosuite/robosuite/scripts/setup_macros.py (macros.py:59)
[robosuite WARNING] No private macro file found! (macros.py:57)
[robosuite WARNING] It is recommended to use a private macro file (macros.py:58)
[robosuite WARNING] To setup, run: python /mnt/data/users/haoyu/workspace/code/fpo-control/manipulation_experiments/thirdparty/robosuite/robosuite/scripts/setup_macros.py (macros.py:59)
[robosuite WARNING] No private macro file found! (macros.py:57)
[robosuite WARNING] It is recommended to use a private macro file (macros.py:58)
[robosuite WARNING] To setup, run: python /mnt/data/users/haoyu/workspace/code/fpo-control/manipulation_experiments/thirdparty/robosuite/robosuite/scripts/setup_macros.py (macros.py:59)
[robosuite WARNING] Could not import robosuite_models. Some robots may not be available. If you want to use these robots, please install robosuite_models from source (https://github.com/ARISE-Initiative/robosuite_models) or through pip install. (__init__.py:30)
[robosuite WARNING] Could not import robosuite_models. Some robots may not be available. If you want to use these robots, please install robosuite_models from source (https://github.com/ARISE-Initiative/robosuite_models) or through pip install. (__init__.py:30)
[robosuite WARNING] Could not import robosuite_models. Some robots may not be available. If you want to use these robots, please install robosuite_models from source (https://github.com/ARISE-Initiative/robosuite_models) or through pip install. (__init__.py:30)
[robosuite WARNING] Could not import robosuite_models. Some robots may not be available. If you want to use these robots, please install robosuite_models from source (https://github.com/ARISE-Initiative/robosuite_models) or through pip install. (__init__.py:30)
[robosuite WARNING] Could not import robosuite_models. Some robots may not be available. If you want to use these robots, please install robosuite_models from source (https://github.com/ARISE-Initiative/robosuite_models) or through pip install. (__init__.py:30)
[robosuite WARNING] Could not import robosuite_models. Some robots may not be available. If you want to use these robots, please install robosuite_models from source (https://github.com/ARISE-Initiative/robosuite_models) or through pip install. (__init__.py:30)
[robosuite WARNING] Could not import robosuite_models. Some robots may not be available. If you want to use these robots, please install robosuite_models from source (https://github.com/ARISE-Initiative/robosuite_models) or through pip install. (__init__.py:30)
[robosuite WARNING] Could not import robosuite_models. Some robots may not be available. If you want to use these robots, please install robosuite_models from source (https://github.com/ARISE-Initiative/robosuite_models) or through pip install. (__init__.py:30)
2026-08-09 13:34:24,296 | INFO | Video key: agentview
2026-08-09 13:34:24,296 | INFO | Using image observation keys: ['agentview']
[robosuite INFO] Loading controller configuration from: /mnt/data/users/haoyu/workspace/code/fpo-control/manipulation_experiments/thirdparty/robosuite/robosuite/controllers/config/robots/default_panda.json (composite_controller_factory.py:121)
2026-08-09 13:34:24,296 | INFO | Loading controller configuration from: /mnt/data/users/haoyu/workspace/code/fpo-control/manipulation_experiments/thirdparty/robosuite/robosuite/controllers/config/robots/default_panda.json
render_gpu_device_id: 1
2026-08-09 13:34:24,720 | INFO | Video key: agentview
2026-08-09 13:34:24,720 | INFO | Using image observation keys: ['agentview']
[robosuite INFO] Loading controller configuration from: /mnt/data/users/haoyu/workspace/code/fpo-control/manipulation_experiments/thirdparty/robosuite/robosuite/controllers/config/robots/default_panda.json (composite_controller_factory.py:121)
2026-08-09 13:34:24,720 | INFO | Loading controller configuration from: /mnt/data/users/haoyu/workspace/code/fpo-control/manipulation_experiments/thirdparty/robosuite/robosuite/controllers/config/robots/default_panda.json
render_gpu_device_id: 1
2026-08-09 13:34:25,772 | INFO | Video key: agentview
2026-08-09 13:34:25,772 | INFO | Using image observation keys: ['agentview']
[robosuite INFO] Loading controller configuration from: /mnt/data/users/haoyu/workspace/code/fpo-control/manipulation_experiments/thirdparty/robosuite/robosuite/controllers/config/robots/default_panda.json (composite_controller_factory.py:121)
2026-08-09 13:34:25,773 | INFO | Loading controller configuration from: /mnt/data/users/haoyu/workspace/code/fpo-control/manipulation_experiments/thirdparty/robosuite/robosuite/controllers/config/robots/default_panda.json
render_gpu_device_id: 1
2026-08-09 13:34:25,907 | INFO | Video key: agentview
2026-08-09 13:34:25,907 | INFO | Using image observation keys: ['agentview']
[robosuite INFO] Loading controller configuration from: /mnt/data/users/haoyu/workspace/code/fpo-control/manipulation_experiments/thirdparty/robosuite/robosuite/controllers/config/robots/default_panda.json (composite_controller_factory.py:121)
2026-08-09 13:34:25,907 | INFO | Loading controller configuration from: /mnt/data/users/haoyu/workspace/code/fpo-control/manipulation_experiments/thirdparty/robosuite/robosuite/controllers/config/robots/default_panda.json
render_gpu_device_id: 1
2026-08-09 13:34:25,945 | INFO | Video key: agentview
2026-08-09 13:34:25,946 | INFO | Using image observation keys: ['agentview']
[robosuite INFO] Loading controller configuration from: /mnt/data/users/haoyu/workspace/code/fpo-control/manipulation_experiments/thirdparty/robosuite/robosuite/controllers/config/robots/default_panda.json (composite_controller_factory.py:121)
2026-08-09 13:34:25,946 | INFO | Loading controller configuration from: /mnt/data/users/haoyu/workspace/code/fpo-control/manipulation_experiments/thirdparty/robosuite/robosuite/controllers/config/robots/default_panda.json
render_gpu_device_id: 1
2026-08-09 13:34:26,000 | INFO | Video key: agentview
2026-08-09 13:34:26,000 | INFO | Using image observation keys: ['agentview']
[robosuite INFO] Loading controller configuration from: /mnt/data/users/haoyu/workspace/code/fpo-control/manipulation_experiments/thirdparty/robosuite/robosuite/controllers/config/robots/default_panda.json (composite_controller_factory.py:121)
2026-08-09 13:34:26,001 | INFO | Loading controller configuration from: /mnt/data/users/haoyu/workspace/code/fpo-control/manipulation_experiments/thirdparty/robosuite/robosuite/controllers/config/robots/default_panda.json
render_gpu_device_id: 1
2026-08-09 13:34:26,005 | INFO | Video key: agentview
2026-08-09 13:34:26,005 | INFO | Using image observation keys: ['agentview']
[robosuite INFO] Loading controller configuration from: /mnt/data/users/haoyu/workspace/code/fpo-control/manipulation_experiments/thirdparty/robosuite/robosuite/controllers/config/robots/default_panda.json (composite_controller_factory.py:121)
2026-08-09 13:34:26,005 | INFO | Loading controller configuration from: /mnt/data/users/haoyu/workspace/code/fpo-control/manipulation_experiments/thirdparty/robosuite/robosuite/controllers/config/robots/default_panda.json
render_gpu_device_id: 1
2026-08-09 13:34:26,008 | INFO | Video key: agentview
2026-08-09 13:34:26,008 | INFO | Using image observation keys: ['agentview']
[robosuite INFO] Loading controller configuration from: /mnt/data/users/haoyu/workspace/code/fpo-control/manipulation_experiments/thirdparty/robosuite/robosuite/controllers/config/robots/default_panda.json (composite_controller_factory.py:121)
2026-08-09 13:34:26,008 | INFO | Loading controller configuration from: /mnt/data/users/haoyu/workspace/code/fpo-control/manipulation_experiments/thirdparty/robosuite/robosuite/controllers/config/robots/default_panda.json
render_gpu_device_id: 1
2026-08-09 13:34:26,054 | INFO | Successfully created NutAssemblySquare environment via robosuite.make() with cameras at 84x84
2026-08-09 13:34:26,054 | INFO | Configured cameras: ['agentview']
2026-08-09 13:34:26,499 | INFO | Successfully created NutAssemblySquare environment via robosuite.make() with cameras at 84x84
2026-08-09 13:34:26,499 | INFO | Configured cameras: ['agentview']
2026-08-09 13:34:27,569 | INFO | Successfully created NutAssemblySquare environment via robosuite.make() with cameras at 84x84
2026-08-09 13:34:27,569 | INFO | Configured cameras: ['agentview']
2026-08-09 13:34:27,699 | INFO | Successfully created NutAssemblySquare environment via robosuite.make() with cameras at 84x84
2026-08-09 13:34:27,699 | INFO | Configured cameras: ['agentview']
2026-08-09 13:34:27,797 | INFO | Successfully created NutAssemblySquare environment via robosuite.make() with cameras at 84x84
2026-08-09 13:34:27,797 | INFO | Configured cameras: ['agentview']
2026-08-09 13:34:27,803 | INFO | Successfully created NutAssemblySquare environment via robosuite.make() with cameras at 84x84
2026-08-09 13:34:27,803 | INFO | Configured cameras: ['agentview']
2026-08-09 13:34:27,836 | INFO | Successfully created NutAssemblySquare environment via robosuite.make() with cameras at 84x84
2026-08-09 13:34:27,836 | INFO | Configured cameras: ['agentview']
2026-08-09 13:34:27,909 | INFO | Successfully created NutAssemblySquare environment via robosuite.make() with cameras at 84x84
2026-08-09 13:34:27,910 | INFO | Configured cameras: ['agentview']
2026-08-09 13:34:29,125 | INFO | Created 8 vectorized Square environments
2026-08-09 13:34:29,125 | INFO | Set video key to 'agentview' for video recording
2026-08-09 13:34:30,179 | INFO | Created observation keys: ['observation.state', 'observation.images.agentview']
2026-08-09 13:34:30,187 | INFO | Created observation keys: ['observation.state', 'observation.images.agentview']
2026-08-09 13:34:30,188 | INFO | Created observation keys: ['observation.state', 'observation.images.agentview']
2026-08-09 13:34:30,196 | INFO | Created observation keys: ['observation.state', 'observation.images.agentview']
2026-08-09 13:34:30,223 | INFO | Created observation keys: ['observation.state', 'observation.images.agentview']
2026-08-09 13:34:30,238 | INFO | Created observation keys: ['observation.state', 'observation.images.agentview']
2026-08-09 13:34:30,252 | INFO | Created observation keys: ['observation.state', 'observation.images.agentview']
2026-08-09 13:34:30,264 | INFO | Created observation keys: ['observation.state', 'observation.images.agentview']
2026-08-09 13:35:09,493 | INFO | direction=2 seed=20261002 sign=-1 envs=8
num_visible_gpus: 1 [1] render_override: 1
2026-08-09 13:35:09,494 | INFO | Production mode: using gymnasium.vector.AsyncVectorEnv
2026-08-09 13:35:09,494 | INFO | Video key: agentview
2026-08-09 13:35:09,494 | INFO | Using image observation keys: ['agentview']
[robosuite INFO] Loading controller configuration from: /mnt/data/users/haoyu/workspace/code/fpo-control/manipulation_experiments/thirdparty/robosuite/robosuite/controllers/config/robots/default_panda.json (composite_controller_factory.py:121)
2026-08-09 13:35:09,494 | INFO | Loading controller configuration from: /mnt/data/users/haoyu/workspace/code/fpo-control/manipulation_experiments/thirdparty/robosuite/robosuite/controllers/config/robots/default_panda.json
render_gpu_device_id: 1
2026-08-09 13:35:10,416 | INFO | Successfully created NutAssemblySquare environment via robosuite.make() with cameras at 84x84
2026-08-09 13:35:10,416 | INFO | Configured cameras: ['agentview']
[robosuite WARNING] No private macro file found! (macros.py:57)
[robosuite WARNING] It is recommended to use a private macro file (macros.py:58)
[robosuite WARNING] To setup, run: python /mnt/data/users/haoyu/workspace/code/fpo-control/manipulation_experiments/thirdparty/robosuite/robosuite/scripts/setup_macros.py (macros.py:59)
[robosuite WARNING] No private macro file found! (macros.py:57)
[robosuite WARNING] It is recommended to use a private macro file (macros.py:58)
[robosuite WARNING] To setup, run: python /mnt/data/users/haoyu/workspace/code/fpo-control/manipulation_experiments/thirdparty/robosuite/robosuite/scripts/setup_macros.py (macros.py:59)
[robosuite WARNING] No private macro file found! (macros.py:57)
[robosuite WARNING] It is recommended to use a private macro file (macros.py:58)
[robosuite WARNING] To setup, run: python /mnt/data/users/haoyu/workspace/code/fpo-control/manipulation_experiments/thirdparty/robosuite/robosuite/scripts/setup_macros.py (macros.py:59)
[robosuite WARNING] No private macro file found! (macros.py:57)
[robosuite WARNING] It is recommended to use a private macro file (macros.py:58)
[robosuite WARNING] To setup, run: python /mnt/data/users/haoyu/workspace/code/fpo-control/manipulation_experiments/thirdparty/robosuite/robosuite/scripts/setup_macros.py (macros.py:59)
[robosuite WARNING] No private macro file found! (macros.py:57)
[robosuite WARNING] It is recommended to use a private macro file (macros.py:58)
[robosuite WARNING] To setup, run: python /mnt/data/users/haoyu/workspace/code/fpo-control/manipulation_experiments/thirdparty/robosuite/robosuite/scripts/setup_macros.py (macros.py:59)
[robosuite WARNING] No private macro file found! (macros.py:57)
[robosuite WARNING] It is recommended to use a private macro file (macros.py:58)
[robosuite WARNING] To setup, run: python /mnt/data/users/haoyu/workspace/code/fpo-control/manipulation_experiments/thirdparty/robosuite/robosuite/scripts/setup_macros.py (macros.py:59)
[robosuite WARNING] No private macro file found! (macros.py:57)
[robosuite WARNING] It is recommended to use a private macro file (macros.py:58)
[robosuite WARNING] To setup, run: python /mnt/data/users/haoyu/workspace/code/fpo-control/manipulation_experiments/thirdparty/robosuite/robosuite/scripts/setup_macros.py (macros.py:59)
[robosuite WARNING] No private macro file found! (macros.py:57)
[robosuite WARNING] It is recommended to use a private macro file (macros.py:58)
[robosuite WARNING] To setup, run: python /mnt/data/users/haoyu/workspace/code/fpo-control/manipulation_experiments/thirdparty/robosuite/robosuite/scripts/setup_macros.py (macros.py:59)
[robosuite WARNING] Could not import robosuite_models. Some robots may not be available. If you want to use these robots, please install robosuite_models from source (https://github.com/ARISE-Initiative/robosuite_models) or through pip install. (__init__.py:30)
[robosuite WARNING] Could not import robosuite_models. Some robots may not be available. If you want to use these robots, please install robosuite_models from source (https://github.com/ARISE-Initiative/robosuite_models) or through pip install. (__init__.py:30)
[robosuite WARNING] Could not import robosuite_models. Some robots may not be available. If you want to use these robots, please install robosuite_models from source (https://github.com/ARISE-Initiative/robosuite_models) or through pip install. (__init__.py:30)
[robosuite WARNING] Could not import robosuite_models. Some robots may not be available. If you want to use these robots, please install robosuite_models from source (https://github.com/ARISE-Initiative/robosuite_models) or through pip install. (__init__.py:30)
[robosuite WARNING] Could not import robosuite_models. Some robots may not be available. If you want to use these robots, please install robosuite_models from source (https://github.com/ARISE-Initiative/robosuite_models) or through pip install. (__init__.py:30)
[robosuite WARNING] Could not import robosuite_models. Some robots may not be available. If you want to use these robots, please install robosuite_models from source (https://github.com/ARISE-Initiative/robosuite_models) or through pip install. (__init__.py:30)
[robosuite WARNING] Could not import robosuite_models. Some robots may not be available. If you want to use these robots, please install robosuite_models from source (https://github.com/ARISE-Initiative/robosuite_models) or through pip install. (__init__.py:30)
[robosuite WARNING] Could not import robosuite_models. Some robots may not be available. If you want to use these robots, please install robosuite_models from source (https://github.com/ARISE-Initiative/robosuite_models) or through pip install. (__init__.py:30)
2026-08-09 13:35:18,363 | INFO | Video key: agentview
2026-08-09 13:35:18,363 | INFO | Using image observation keys: ['agentview']
[robosuite INFO] Loading controller configuration from: /mnt/data/users/haoyu/workspace/code/fpo-control/manipulation_experiments/thirdparty/robosuite/robosuite/controllers/config/robots/default_panda.json (composite_controller_factory.py:121)
2026-08-09 13:35:18,364 | INFO | Loading controller configuration from: /mnt/data/users/haoyu/workspace/code/fpo-control/manipulation_experiments/thirdparty/robosuite/robosuite/controllers/config/robots/default_panda.json
render_gpu_device_id: 1
2026-08-09 13:35:19,051 | INFO | Video key: agentview
2026-08-09 13:35:19,051 | INFO | Using image observation keys: ['agentview']
[robosuite INFO] Loading controller configuration from: /mnt/data/users/haoyu/workspace/code/fpo-control/manipulation_experiments/thirdparty/robosuite/robosuite/controllers/config/robots/default_panda.json (composite_controller_factory.py:121)
2026-08-09 13:35:19,051 | INFO | Loading controller configuration from: /mnt/data/users/haoyu/workspace/code/fpo-control/manipulation_experiments/thirdparty/robosuite/robosuite/controllers/config/robots/default_panda.json
render_gpu_device_id: 1
2026-08-09 13:35:19,902 | INFO | Video key: agentview
2026-08-09 13:35:19,902 | INFO | Using image observation keys: ['agentview']
[robosuite INFO] Loading controller configuration from: /mnt/data/users/haoyu/workspace/code/fpo-control/manipulation_experiments/thirdparty/robosuite/robosuite/controllers/config/robots/default_panda.json (composite_controller_factory.py:121)
2026-08-09 13:35:19,903 | INFO | Loading controller configuration from: /mnt/data/users/haoyu/workspace/code/fpo-control/manipulation_experiments/thirdparty/robosuite/robosuite/controllers/config/robots/default_panda.json
render_gpu_device_id: 1
2026-08-09 13:35:19,946 | INFO | Video key: agentview
2026-08-09 13:35:19,946 | INFO | Using image observation keys: ['agentview']
[robosuite INFO] Loading controller configuration from: /mnt/data/users/haoyu/workspace/code/fpo-control/manipulation_experiments/thirdparty/robosuite/robosuite/controllers/config/robots/default_panda.json (composite_controller_factory.py:121)
2026-08-09 13:35:19,946 | INFO | Loading controller configuration from: /mnt/data/users/haoyu/workspace/code/fpo-control/manipulation_experiments/thirdparty/robosuite/robosuite/controllers/config/robots/default_panda.json
render_gpu_device_id: 1
2026-08-09 13:35:19,956 | INFO | Video key: agentview
2026-08-09 13:35:19,956 | INFO | Using image observation keys: ['agentview']
[robosuite INFO] Loading controller configuration from: /mnt/data/users/haoyu/workspace/code/fpo-control/manipulation_experiments/thirdparty/robosuite/robosuite/controllers/config/robots/default_panda.json (composite_controller_factory.py:121)
2026-08-09 13:35:19,956 | INFO | Loading controller configuration from: /mnt/data/users/haoyu/workspace/code/fpo-control/manipulation_experiments/thirdparty/robosuite/robosuite/controllers/config/robots/default_panda.json
render_gpu_device_id: 1
2026-08-09 13:35:20,093 | INFO | Video key: agentview
2026-08-09 13:35:20,093 | INFO | Using image observation keys: ['agentview']
[robosuite INFO] Loading controller configuration from: /mnt/data/users/haoyu/workspace/code/fpo-control/manipulation_experiments/thirdparty/robosuite/robosuite/controllers/config/robots/default_panda.json (composite_controller_factory.py:121)
2026-08-09 13:35:20,093 | INFO | Loading controller configuration from: /mnt/data/users/haoyu/workspace/code/fpo-control/manipulation_experiments/thirdparty/robosuite/robosuite/controllers/config/robots/default_panda.json
render_gpu_device_id: 1
2026-08-09 13:35:20,115 | INFO | Video key: agentview
2026-08-09 13:35:20,116 | INFO | Using image observation keys: ['agentview']
[robosuite INFO] Loading controller configuration from: /mnt/data/users/haoyu/workspace/code/fpo-control/manipulation_experiments/thirdparty/robosuite/robosuite/controllers/config/robots/default_panda.json (composite_controller_factory.py:121)
2026-08-09 13:35:20,116 | INFO | Loading controller configuration from: /mnt/data/users/haoyu/workspace/code/fpo-control/manipulation_experiments/thirdparty/robosuite/robosuite/controllers/config/robots/default_panda.json
render_gpu_device_id: 1
2026-08-09 13:35:20,130 | INFO | Video key: agentview
2026-08-09 13:35:20,130 | INFO | Using image observation keys: ['agentview']
[robosuite INFO] Loading controller configuration from: /mnt/data/users/haoyu/workspace/code/fpo-control/manipulation_experiments/thirdparty/robosuite/robosuite/controllers/config/robots/default_panda.json (composite_controller_factory.py:121)
2026-08-09 13:35:20,130 | INFO | Loading controller configuration from: /mnt/data/users/haoyu/workspace/code/fpo-control/manipulation_experiments/thirdparty/robosuite/robosuite/controllers/config/robots/default_panda.json
render_gpu_device_id: 1
2026-08-09 13:35:20,152 | INFO | Successfully created NutAssemblySquare environment via robosuite.make() with cameras at 84x84
2026-08-09 13:35:20,152 | INFO | Configured cameras: ['agentview']
2026-08-09 13:35:20,844 | INFO | Successfully created NutAssemblySquare environment via robosuite.make() with cameras at 84x84
2026-08-09 13:35:20,844 | INFO | Configured cameras: ['agentview']
2026-08-09 13:35:21,725 | INFO | Successfully created NutAssemblySquare environment via robosuite.make() with cameras at 84x84
2026-08-09 13:35:21,726 | INFO | Configured cameras: ['agentview']
2026-08-09 13:35:21,751 | INFO | Successfully created NutAssemblySquare environment via robosuite.make() with cameras at 84x84
2026-08-09 13:35:21,752 | INFO | Configured cameras: ['agentview']
2026-08-09 13:35:21,779 | INFO | Successfully created NutAssemblySquare environment via robosuite.make() with cameras at 84x84
2026-08-09 13:35:21,779 | INFO | Configured cameras: ['agentview']
2026-08-09 13:35:21,905 | INFO | Successfully created NutAssemblySquare environment via robosuite.make() with cameras at 84x84
2026-08-09 13:35:21,905 | INFO | Configured cameras: ['agentview']
2026-08-09 13:35:21,930 | INFO | Successfully created NutAssemblySquare environment via robosuite.make() with cameras at 84x84
2026-08-09 13:35:21,930 | INFO | Configured cameras: ['agentview']
2026-08-09 13:35:21,947 | INFO | Successfully created NutAssemblySquare environment via robosuite.make() with cameras at 84x84
2026-08-09 13:35:21,947 | INFO | Configured cameras: ['agentview']
2026-08-09 13:35:23,169 | INFO | Created 8 vectorized Square environments
2026-08-09 13:35:23,169 | INFO | Set video key to 'agentview' for video recording
2026-08-09 13:35:24,216 | INFO | Created observation keys: ['observation.state', 'observation.images.agentview']
2026-08-09 13:35:24,219 | INFO | Created observation keys: ['observation.state', 'observation.images.agentview']
2026-08-09 13:35:24,254 | INFO | Created observation keys: ['observation.state', 'observation.images.agentview']
2026-08-09 13:35:24,256 | INFO | Created observation keys: ['observation.state', 'observation.images.agentview']
2026-08-09 13:35:24,262 | INFO | Created observation keys: ['observation.state', 'observation.images.agentview']
2026-08-09 13:35:24,307 | INFO | Created observation keys: ['observation.state', 'observation.images.agentview']
2026-08-09 13:35:24,308 | INFO | Created observation keys: ['observation.state', 'observation.images.agentview']
2026-08-09 13:35:24,311 | INFO | Created observation keys: ['observation.state', 'observation.images.agentview']
2026-08-09 13:36:01,205 | INFO | direction=2 seed=20261002 sign=+1 envs=8
num_visible_gpus: 1 [1] render_override: 1
2026-08-09 13:36:01,206 | INFO | Production mode: using gymnasium.vector.AsyncVectorEnv
2026-08-09 13:36:01,206 | INFO | Video key: agentview
2026-08-09 13:36:01,206 | INFO | Using image observation keys: ['agentview']
[robosuite INFO] Loading controller configuration from: /mnt/data/users/haoyu/workspace/code/fpo-control/manipulation_experiments/thirdparty/robosuite/robosuite/controllers/config/robots/default_panda.json (composite_controller_factory.py:121)
2026-08-09 13:36:01,207 | INFO | Loading controller configuration from: /mnt/data/users/haoyu/workspace/code/fpo-control/manipulation_experiments/thirdparty/robosuite/robosuite/controllers/config/robots/default_panda.json
render_gpu_device_id: 1
2026-08-09 13:36:02,089 | INFO | Successfully created NutAssemblySquare environment via robosuite.make() with cameras at 84x84
2026-08-09 13:36:02,089 | INFO | Configured cameras: ['agentview']
[robosuite WARNING] No private macro file found! (macros.py:57)
[robosuite WARNING] It is recommended to use a private macro file (macros.py:58)
[robosuite WARNING] To setup, run: python /mnt/data/users/haoyu/workspace/code/fpo-control/manipulation_experiments/thirdparty/robosuite/robosuite/scripts/setup_macros.py (macros.py:59)
[robosuite WARNING] No private macro file found! (macros.py:57)
[robosuite WARNING] It is recommended to use a private macro file (macros.py:58)
[robosuite WARNING] To setup, run: python /mnt/data/users/haoyu/workspace/code/fpo-control/manipulation_experiments/thirdparty/robosuite/robosuite/scripts/setup_macros.py (macros.py:59)
[robosuite WARNING] No private macro file found! (macros.py:57)
[robosuite WARNING] It is recommended to use a private macro file (macros.py:58)
[robosuite WARNING] To setup, run: python /mnt/data/users/haoyu/workspace/code/fpo-control/manipulation_experiments/thirdparty/robosuite/robosuite/scripts/setup_macros.py (macros.py:59)
[robosuite WARNING] No private macro file found! (macros.py:57)
[robosuite WARNING] It is recommended to use a private macro file (macros.py:58)
[robosuite WARNING] To setup, run: python /mnt/data/users/haoyu/workspace/code/fpo-control/manipulation_experiments/thirdparty/robosuite/robosuite/scripts/setup_macros.py (macros.py:59)
[robosuite WARNING] No private macro file found! (macros.py:57)
[robosuite WARNING] It is recommended to use a private macro file (macros.py:58)
[robosuite WARNING] To setup, run: python /mnt/data/users/haoyu/workspace/code/fpo-control/manipulation_experiments/thirdparty/robosuite/robosuite/scripts/setup_macros.py (macros.py:59)
[robosuite WARNING] No private macro file found! (macros.py:57)
[robosuite WARNING] It is recommended to use a private macro file (macros.py:58)
[robosuite WARNING] To setup, run: python /mnt/data/users/haoyu/workspace/code/fpo-control/manipulation_experiments/thirdparty/robosuite/robosuite/scripts/setup_macros.py (macros.py:59)
[robosuite WARNING] No private macro file found! (macros.py:57)
[robosuite WARNING] It is recommended to use a private macro file (macros.py:58)
[robosuite WARNING] To setup, run: python /mnt/data/users/haoyu/workspace/code/fpo-control/manipulation_experiments/thirdparty/robosuite/robosuite/scripts/setup_macros.py (macros.py:59)
[robosuite WARNING] No private macro file found! (macros.py:57)
[robosuite WARNING] It is recommended to use a private macro file (macros.py:58)
[robosuite WARNING] To setup, run: python /mnt/data/users/haoyu/workspace/code/fpo-control/manipulation_experiments/thirdparty/robosuite/robosuite/scripts/setup_macros.py (macros.py:59)
[robosuite WARNING] Could not import robosuite_models. Some robots may not be available. If you want to use these robots, please install robosuite_models from source (https://github.com/ARISE-Initiative/robosuite_models) or through pip install. (__init__.py:30)
[robosuite WARNING] Could not import robosuite_models. Some robots may not be available. If you want to use these robots, please install robosuite_models from source (https://github.com/ARISE-Initiative/robosuite_models) or through pip install. (__init__.py:30)
[robosuite WARNING] Could not import robosuite_models. Some robots may not be available. If you want to use these robots, please install robosuite_models from source (https://github.com/ARISE-Initiative/robosuite_models) or through pip install. (__init__.py:30)
[robosuite WARNING] Could not import robosuite_models. Some robots may not be available. If you want to use these robots, please install robosuite_models from source (https://github.com/ARISE-Initiative/robosuite_models) or through pip install. (__init__.py:30)
[robosuite WARNING] Could not import robosuite_models. Some robots may not be available. If you want to use these robots, please install robosuite_models from source (https://github.com/ARISE-Initiative/robosuite_models) or through pip install. (__init__.py:30)
[robosuite WARNING] Could not import robosuite_models. Some robots may not be available. If you want to use these robots, please install robosuite_models from source (https://github.com/ARISE-Initiative/robosuite_models) or through pip install. (__init__.py:30)
[robosuite WARNING] Could not import robosuite_models. Some robots may not be available. If you want to use these robots, please install robosuite_models from source (https://github.com/ARISE-Initiative/robosuite_models) or through pip install. (__init__.py:30)
[robosuite WARNING] Could not import robosuite_models. Some robots may not be available. If you want to use these robots, please install robosuite_models from source (https://github.com/ARISE-Initiative/robosuite_models) or through pip install. (__init__.py:30)
2026-08-09 13:36:09,609 | INFO | Video key: agentview
2026-08-09 13:36:09,609 | INFO | Using image observation keys: ['agentview']
[robosuite INFO] Loading controller configuration from: /mnt/data/users/haoyu/workspace/code/fpo-control/manipulation_experiments/thirdparty/robosuite/robosuite/controllers/config/robots/default_panda.json (composite_controller_factory.py:121)
2026-08-09 13:36:09,609 | INFO | Loading controller configuration from: /mnt/data/users/haoyu/workspace/code/fpo-control/manipulation_experiments/thirdparty/robosuite/robosuite/controllers/config/robots/default_panda.json
render_gpu_device_id: 1
2026-08-09 13:36:09,996 | INFO | Video key: agentview
2026-08-09 13:36:09,996 | INFO | Using image observation keys: ['agentview']
[robosuite INFO] Loading controller configuration from: /mnt/data/users/haoyu/workspace/code/fpo-control/manipulation_experiments/thirdparty/robosuite/robosuite/controllers/config/robots/default_panda.json (composite_controller_factory.py:121)
2026-08-09 13:36:09,997 | INFO | Loading controller configuration from: /mnt/data/users/haoyu/workspace/code/fpo-control/manipulation_experiments/thirdparty/robosuite/robosuite/controllers/config/robots/default_panda.json
render_gpu_device_id: 1
2026-08-09 13:36:11,294 | INFO | Video key: agentview
2026-08-09 13:36:11,295 | INFO | Using image observation keys: ['agentview']
[robosuite INFO] Loading controller configuration from: /mnt/data/users/haoyu/workspace/code/fpo-control/manipulation_experiments/thirdparty/robosuite/robosuite/controllers/config/robots/default_panda.json (composite_controller_factory.py:121)
2026-08-09 13:36:11,295 | INFO | Loading controller configuration from: /mnt/data/users/haoyu/workspace/code/fpo-control/manipulation_experiments/thirdparty/robosuite/robosuite/controllers/config/robots/default_panda.json
render_gpu_device_id: 1
2026-08-09 13:36:11,315 | INFO | Video key: agentview
2026-08-09 13:36:11,315 | INFO | Using image observation keys: ['agentview']
[robosuite INFO] Loading controller configuration from: /mnt/data/users/haoyu/workspace/code/fpo-control/manipulation_experiments/thirdparty/robosuite/robosuite/controllers/config/robots/default_panda.json (composite_controller_factory.py:121)
2026-08-09 13:36:11,315 | INFO | Loading controller configuration from: /mnt/data/users/haoyu/workspace/code/fpo-control/manipulation_experiments/thirdparty/robosuite/robosuite/controllers/config/robots/default_panda.json
render_gpu_device_id: 1
2026-08-09 13:36:11,316 | INFO | Video key: agentview
2026-08-09 13:36:11,317 | INFO | Using image observation keys: ['agentview']
[robosuite INFO] Loading controller configuration from: /mnt/data/users/haoyu/workspace/code/fpo-control/manipulation_experiments/thirdparty/robosuite/robosuite/controllers/config/robots/default_panda.json (composite_controller_factory.py:121)
2026-08-09 13:36:11,317 | INFO | Loading controller configuration from: /mnt/data/users/haoyu/workspace/code/fpo-control/manipulation_experiments/thirdparty/robosuite/robosuite/controllers/config/robots/default_panda.json
render_gpu_device_id: 1
2026-08-09 13:36:11,318 | INFO | Video key: agentview
2026-08-09 13:36:11,318 | INFO | Using image observation keys: ['agentview']
[robosuite INFO] Loading controller configuration from: /mnt/data/users/haoyu/workspace/code/fpo-control/manipulation_experiments/thirdparty/robosuite/robosuite/controllers/config/robots/default_panda.json (composite_controller_factory.py:121)
2026-08-09 13:36:11,318 | INFO | Loading controller configuration from: /mnt/data/users/haoyu/workspace/code/fpo-control/manipulation_experiments/thirdparty/robosuite/robosuite/controllers/config/robots/default_panda.json
render_gpu_device_id: 1
2026-08-09 13:36:11,350 | INFO | Video key: agentview
2026-08-09 13:36:11,350 | INFO | Using image observation keys: ['agentview']
[robosuite INFO] Loading controller configuration from: /mnt/data/users/haoyu/workspace/code/fpo-control/manipulation_experiments/thirdparty/robosuite/robosuite/controllers/config/robots/default_panda.json (composite_controller_factory.py:121)
2026-08-09 13:36:11,350 | INFO | Loading controller configuration from: /mnt/data/users/haoyu/workspace/code/fpo-control/manipulation_experiments/thirdparty/robosuite/robosuite/controllers/config/robots/default_panda.json
render_gpu_device_id: 1
2026-08-09 13:36:11,356 | INFO | Video key: agentview
2026-08-09 13:36:11,356 | INFO | Using image observation keys: ['agentview']
[robosuite INFO] Loading controller configuration from: /mnt/data/users/haoyu/workspace/code/fpo-control/manipulation_experiments/thirdparty/robosuite/robosuite/controllers/config/robots/default_panda.json (composite_controller_factory.py:121)
2026-08-09 13:36:11,356 | INFO | Loading controller configuration from: /mnt/data/users/haoyu/workspace/code/fpo-control/manipulation_experiments/thirdparty/robosuite/robosuite/controllers/config/robots/default_panda.json
render_gpu_device_id: 1
2026-08-09 13:36:11,377 | INFO | Successfully created NutAssemblySquare environment via robosuite.make() with cameras at 84x84
2026-08-09 13:36:11,377 | INFO | Configured cameras: ['agentview']
2026-08-09 13:36:11,760 | INFO | Successfully created NutAssemblySquare environment via robosuite.make() with cameras at 84x84
2026-08-09 13:36:11,761 | INFO | Configured cameras: ['agentview']
2026-08-09 13:36:13,111 | INFO | Successfully created NutAssemblySquare environment via robosuite.make() with cameras at 84x84
2026-08-09 13:36:13,111 | INFO | Configured cameras: ['agentview']
2026-08-09 13:36:13,145 | INFO | Successfully created NutAssemblySquare environment via robosuite.make() with cameras at 84x84
2026-08-09 13:36:13,145 | INFO | Configured cameras: ['agentview']
2026-08-09 13:36:13,146 | INFO | Successfully created NutAssemblySquare environment via robosuite.make() with cameras at 84x84
2026-08-09 13:36:13,146 | INFO | Configured cameras: ['agentview']
2026-08-09 13:36:13,147 | INFO | Successfully created NutAssemblySquare environment via robosuite.make() with cameras at 84x84
2026-08-09 13:36:13,147 | INFO | Configured cameras: ['agentview']
2026-08-09 13:36:13,162 | INFO | Successfully created NutAssemblySquare environment via robosuite.make() with cameras at 84x84
2026-08-09 13:36:13,162 | INFO | Configured cameras: ['agentview']
2026-08-09 13:36:13,250 | INFO | Successfully created NutAssemblySquare environment via robosuite.make() with cameras at 84x84
2026-08-09 13:36:13,250 | INFO | Configured cameras: ['agentview']
2026-08-09 13:36:14,486 | INFO | Created 8 vectorized Square environments
2026-08-09 13:36:14,487 | INFO | Set video key to 'agentview' for video recording
2026-08-09 13:36:15,545 | INFO | Created observation keys: ['observation.state', 'observation.images.agentview']
2026-08-09 13:36:15,580 | INFO | Created observation keys: ['observation.state', 'observation.images.agentview']
2026-08-09 13:36:15,622 | INFO | Created observation keys: ['observation.state', 'observation.images.agentview']
2026-08-09 13:36:15,629 | INFO | Created observation keys: ['observation.state', 'observation.images.agentview']
2026-08-09 13:36:15,631 | INFO | Created observation keys: ['observation.state', 'observation.images.agentview']
2026-08-09 13:36:15,634 | INFO | Created observation keys: ['observation.state', 'observation.images.agentview']
2026-08-09 13:36:15,644 | INFO | Created observation keys: ['observation.state', 'observation.images.agentview']
2026-08-09 13:36:15,661 | INFO | Created observation keys: ['observation.state', 'observation.images.agentview']
2026-08-09 13:36:53,850 | INFO | direction=3 seed=20261003 sign=-1 envs=8
num_visible_gpus: 1 [1] render_override: 1
2026-08-09 13:36:53,850 | INFO | Production mode: using gymnasium.vector.AsyncVectorEnv
2026-08-09 13:36:53,850 | INFO | Video key: agentview
2026-08-09 13:36:53,851 | INFO | Using image observation keys: ['agentview']
[robosuite INFO] Loading controller configuration from: /mnt/data/users/haoyu/workspace/code/fpo-control/manipulation_experiments/thirdparty/robosuite/robosuite/controllers/config/robots/default_panda.json (composite_controller_factory.py:121)
2026-08-09 13:36:53,851 | INFO | Loading controller configuration from: /mnt/data/users/haoyu/workspace/code/fpo-control/manipulation_experiments/thirdparty/robosuite/robosuite/controllers/config/robots/default_panda.json
render_gpu_device_id: 1
2026-08-09 13:36:54,705 | INFO | Successfully created NutAssemblySquare environment via robosuite.make() with cameras at 84x84
2026-08-09 13:36:54,706 | INFO | Configured cameras: ['agentview']
[robosuite WARNING] No private macro file found! (macros.py:57)
[robosuite WARNING] It is recommended to use a private macro file (macros.py:58)
[robosuite WARNING] To setup, run: python /mnt/data/users/haoyu/workspace/code/fpo-control/manipulation_experiments/thirdparty/robosuite/robosuite/scripts/setup_macros.py (macros.py:59)
[robosuite WARNING] No private macro file found! (macros.py:57)
[robosuite WARNING] It is recommended to use a private macro file (macros.py:58)
[robosuite WARNING] To setup, run: python /mnt/data/users/haoyu/workspace/code/fpo-control/manipulation_experiments/thirdparty/robosuite/robosuite/scripts/setup_macros.py (macros.py:59)
[robosuite WARNING] No private macro file found! (macros.py:57)
[robosuite WARNING] It is recommended to use a private macro file (macros.py:58)
[robosuite WARNING] To setup, run: python /mnt/data/users/haoyu/workspace/code/fpo-control/manipulation_experiments/thirdparty/robosuite/robosuite/scripts/setup_macros.py (macros.py:59)
[robosuite WARNING] No private macro file found! (macros.py:57)
[robosuite WARNING] It is recommended to use a private macro file (macros.py:58)
[robosuite WARNING] To setup, run: python /mnt/data/users/haoyu/workspace/code/fpo-control/manipulation_experiments/thirdparty/robosuite/robosuite/scripts/setup_macros.py (macros.py:59)
[robosuite WARNING] No private macro file found! (macros.py:57)
[robosuite WARNING] It is recommended to use a private macro file (macros.py:58)
[robosuite WARNING] To setup, run: python /mnt/data/users/haoyu/workspace/code/fpo-control/manipulation_experiments/thirdparty/robosuite/robosuite/scripts/setup_macros.py (macros.py:59)
[robosuite WARNING] No private macro file found! (macros.py:57)
[robosuite WARNING] It is recommended to use a private macro file (macros.py:58)
[robosuite WARNING] To setup, run: python /mnt/data/users/haoyu/workspace/code/fpo-control/manipulation_experiments/thirdparty/robosuite/robosuite/scripts/setup_macros.py (macros.py:59)
[robosuite WARNING] No private macro file found! (macros.py:57)
[robosuite WARNING] It is recommended to use a private macro file (macros.py:58)
[robosuite WARNING] To setup, run: python /mnt/data/users/haoyu/workspace/code/fpo-control/manipulation_experiments/thirdparty/robosuite/robosuite/scripts/setup_macros.py (macros.py:59)
[robosuite WARNING] No private macro file found! (macros.py:57)
[robosuite WARNING] It is recommended to use a private macro file (macros.py:58)
[robosuite WARNING] To setup, run: python /mnt/data/users/haoyu/workspace/code/fpo-control/manipulation_experiments/thirdparty/robosuite/robosuite/scripts/setup_macros.py (macros.py:59)
[robosuite WARNING] Could not import robosuite_models. Some robots may not be available. If you want to use these robots, please install robosuite_models from source (https://github.com/ARISE-Initiative/robosuite_models) or through pip install. (__init__.py:30)
[robosuite WARNING] Could not import robosuite_models. Some robots may not be available. If you want to use these robots, please install robosuite_models from source (https://github.com/ARISE-Initiative/robosuite_models) or through pip install. (__init__.py:30)
[robosuite WARNING] Could not import robosuite_models. Some robots may not be available. If you want to use these robots, please install robosuite_models from source (https://github.com/ARISE-Initiative/robosuite_models) or through pip install. (__init__.py:30)
[robosuite WARNING] Could not import robosuite_models. Some robots may not be available. If you want to use these robots, please install robosuite_models from source (https://github.com/ARISE-Initiative/robosuite_models) or through pip install. (__init__.py:30)
[robosuite WARNING] Could not import robosuite_models. Some robots may not be available. If you want to use these robots, please install robosuite_models from source (https://github.com/ARISE-Initiative/robosuite_models) or through pip install. (__init__.py:30)
[robosuite WARNING] Could not import robosuite_models. Some robots may not be available. If you want to use these robots, please install robosuite_models from source (https://github.com/ARISE-Initiative/robosuite_models) or through pip install. (__init__.py:30)
[robosuite WARNING] Could not import robosuite_models. Some robots may not be available. If you want to use these robots, please install robosuite_models from source (https://github.com/ARISE-Initiative/robosuite_models) or through pip install. (__init__.py:30)
[robosuite WARNING] Could not import robosuite_models. Some robots may not be available. If you want to use these robots, please install robosuite_models from source (https://github.com/ARISE-Initiative/robosuite_models) or through pip install. (__init__.py:30)
2026-08-09 13:37:03,420 | INFO | Video key: agentview
2026-08-09 13:37:03,420 | INFO | Using image observation keys: ['agentview']
[robosuite INFO] Loading controller configuration from: /mnt/data/users/haoyu/workspace/code/fpo-control/manipulation_experiments/thirdparty/robosuite/robosuite/controllers/config/robots/default_panda.json (composite_controller_factory.py:121)
2026-08-09 13:37:03,421 | INFO | Loading controller configuration from: /mnt/data/users/haoyu/workspace/code/fpo-control/manipulation_experiments/thirdparty/robosuite/robosuite/controllers/config/robots/default_panda.json
render_gpu_device_id: 1
2026-08-09 13:37:03,441 | INFO | Video key: agentview
2026-08-09 13:37:03,441 | INFO | Using image observation keys: ['agentview']
[robosuite INFO] Loading controller configuration from: /mnt/data/users/haoyu/workspace/code/fpo-control/manipulation_experiments/thirdparty/robosuite/robosuite/controllers/config/robots/default_panda.json (composite_controller_factory.py:121)
2026-08-09 13:37:03,441 | INFO | Loading controller configuration from: /mnt/data/users/haoyu/workspace/code/fpo-control/manipulation_experiments/thirdparty/robosuite/robosuite/controllers/config/robots/default_panda.json
render_gpu_device_id: 1
2026-08-09 13:37:03,451 | INFO | Video key: agentview
2026-08-09 13:37:03,451 | INFO | Using image observation keys: ['agentview']
[robosuite INFO] Loading controller configuration from: /mnt/data/users/haoyu/workspace/code/fpo-control/manipulation_experiments/thirdparty/robosuite/robosuite/controllers/config/robots/default_panda.json (composite_controller_factory.py:121)
2026-08-09 13:37:03,451 | INFO | Loading controller configuration from: /mnt/data/users/haoyu/workspace/code/fpo-control/manipulation_experiments/thirdparty/robosuite/robosuite/controllers/config/robots/default_panda.json
render_gpu_device_id: 1
2026-08-09 13:37:03,643 | INFO | Video key: agentview
2026-08-09 13:37:03,643 | INFO | Using image observation keys: ['agentview']
[robosuite INFO] Loading controller configuration from: /mnt/data/users/haoyu/workspace/code/fpo-control/manipulation_experiments/thirdparty/robosuite/robosuite/controllers/config/robots/default_panda.json (composite_controller_factory.py:121)
2026-08-09 13:37:03,644 | INFO | Loading controller configuration from: /mnt/data/users/haoyu/workspace/code/fpo-control/manipulation_experiments/thirdparty/robosuite/robosuite/controllers/config/robots/default_panda.json
render_gpu_device_id: 1
2026-08-09 13:37:04,096 | INFO | Video key: agentview
2026-08-09 13:37:04,096 | INFO | Using image observation keys: ['agentview']
[robosuite INFO] Loading controller configuration from: /mnt/data/users/haoyu/workspace/code/fpo-control/manipulation_experiments/thirdparty/robosuite/robosuite/controllers/config/robots/default_panda.json (composite_controller_factory.py:121)
2026-08-09 13:37:04,096 | INFO | Loading controller configuration from: /mnt/data/users/haoyu/workspace/code/fpo-control/manipulation_experiments/thirdparty/robosuite/robosuite/controllers/config/robots/default_panda.json
render_gpu_device_id: 1
2026-08-09 13:37:04,132 | INFO | Video key: agentview
2026-08-09 13:37:04,133 | INFO | Using image observation keys: ['agentview']
[robosuite INFO] Loading controller configuration from: /mnt/data/users/haoyu/workspace/code/fpo-control/manipulation_experiments/thirdparty/robosuite/robosuite/controllers/config/robots/default_panda.json (composite_controller_factory.py:121)
2026-08-09 13:37:04,133 | INFO | Loading controller configuration from: /mnt/data/users/haoyu/workspace/code/fpo-control/manipulation_experiments/thirdparty/robosuite/robosuite/controllers/config/robots/default_panda.json
render_gpu_device_id: 1
2026-08-09 13:37:04,167 | INFO | Video key: agentview
2026-08-09 13:37:04,167 | INFO | Video key: agentview
2026-08-09 13:37:04,167 | INFO | Using image observation keys: ['agentview']
2026-08-09 13:37:04,167 | INFO | Using image observation keys: ['agentview']
[robosuite INFO] Loading controller configuration from: /mnt/data/users/haoyu/workspace/code/fpo-control/manipulation_experiments/thirdparty/robosuite/robosuite/controllers/config/robots/default_panda.json (composite_controller_factory.py:121)
[robosuite INFO] Loading controller configuration from: /mnt/data/users/haoyu/workspace/code/fpo-control/manipulation_experiments/thirdparty/robosuite/robosuite/controllers/config/robots/default_panda.json (composite_controller_factory.py:121)
2026-08-09 13:37:04,168 | INFO | Loading controller configuration from: /mnt/data/users/haoyu/workspace/code/fpo-control/manipulation_experiments/thirdparty/robosuite/robosuite/controllers/config/robots/default_panda.json
2026-08-09 13:37:04,168 | INFO | Loading controller configuration from: /mnt/data/users/haoyu/workspace/code/fpo-control/manipulation_experiments/thirdparty/robosuite/robosuite/controllers/config/robots/default_panda.json
render_gpu_device_id: 1render_gpu_device_id: 1

2026-08-09 13:37:05,224 | INFO | Successfully created NutAssemblySquare environment via robosuite.make() with cameras at 84x84
2026-08-09 13:37:05,224 | INFO | Configured cameras: ['agentview']
2026-08-09 13:37:05,225 | INFO | Successfully created NutAssemblySquare environment via robosuite.make() with cameras at 84x84
2026-08-09 13:37:05,225 | INFO | Configured cameras: ['agentview']
2026-08-09 13:37:05,298 | INFO | Successfully created NutAssemblySquare environment via robosuite.make() with cameras at 84x84
2026-08-09 13:37:05,298 | INFO | Configured cameras: ['agentview']
2026-08-09 13:37:05,442 | INFO | Successfully created NutAssemblySquare environment via robosuite.make() with cameras at 84x84
2026-08-09 13:37:05,442 | INFO | Configured cameras: ['agentview']
2026-08-09 13:37:05,906 | INFO | Successfully created NutAssemblySquare environment via robosuite.make() with cameras at 84x84
2026-08-09 13:37:05,906 | INFO | Configured cameras: ['agentview']
2026-08-09 13:37:06,075 | INFO | Successfully created NutAssemblySquare environment via robosuite.make() with cameras at 84x84
2026-08-09 13:37:06,075 | INFO | Configured cameras: ['agentview']
2026-08-09 13:37:06,129 | INFO | Successfully created NutAssemblySquare environment via robosuite.make() with cameras at 84x84
2026-08-09 13:37:06,129 | INFO | Configured cameras: ['agentview']
2026-08-09 13:37:06,151 | INFO | Successfully created NutAssemblySquare environment via robosuite.make() with cameras at 84x84
2026-08-09 13:37:06,152 | INFO | Configured cameras: ['agentview']
2026-08-09 13:37:07,488 | INFO | Created 8 vectorized Square environments
2026-08-09 13:37:07,488 | INFO | Set video key to 'agentview' for video recording
2026-08-09 13:37:08,532 | INFO | Created observation keys: ['observation.state', 'observation.images.agentview']
2026-08-09 13:37:08,549 | INFO | Created observation keys: ['observation.state', 'observation.images.agentview']
2026-08-09 13:37:08,614 | INFO | Created observation keys: ['observation.state', 'observation.images.agentview']
2026-08-09 13:37:08,616 | INFO | Created observation keys: ['observation.state', 'observation.images.agentview']
2026-08-09 13:37:08,617 | INFO | Created observation keys: ['observation.state', 'observation.images.agentview']
2026-08-09 13:37:08,632 | INFO | Created observation keys: ['observation.state', 'observation.images.agentview']
2026-08-09 13:37:08,652 | INFO | Created observation keys: ['observation.state', 'observation.images.agentview']
2026-08-09 13:37:08,653 | INFO | Created observation keys: ['observation.state', 'observation.images.agentview']
2026-08-09 13:37:45,720 | INFO | direction=3 seed=20261003 sign=+1 envs=8
num_visible_gpus: 1 [1] render_override: 1
2026-08-09 13:37:45,720 | INFO | Production mode: using gymnasium.vector.AsyncVectorEnv
2026-08-09 13:37:45,721 | INFO | Video key: agentview
2026-08-09 13:37:45,721 | INFO | Using image observation keys: ['agentview']
[robosuite INFO] Loading controller configuration from: /mnt/data/users/haoyu/workspace/code/fpo-control/manipulation_experiments/thirdparty/robosuite/robosuite/controllers/config/robots/default_panda.json (composite_controller_factory.py:121)
2026-08-09 13:37:45,721 | INFO | Loading controller configuration from: /mnt/data/users/haoyu/workspace/code/fpo-control/manipulation_experiments/thirdparty/robosuite/robosuite/controllers/config/robots/default_panda.json
render_gpu_device_id: 1
2026-08-09 13:37:46,544 | INFO | Successfully created NutAssemblySquare environment via robosuite.make() with cameras at 84x84
2026-08-09 13:37:46,544 | INFO | Configured cameras: ['agentview']
[robosuite WARNING] No private macro file found! (macros.py:57)
[robosuite WARNING] It is recommended to use a private macro file (macros.py:58)
[robosuite WARNING] To setup, run: python /mnt/data/users/haoyu/workspace/code/fpo-control/manipulation_experiments/thirdparty/robosuite/robosuite/scripts/setup_macros.py (macros.py:59)
[robosuite WARNING] No private macro file found! (macros.py:57)
[robosuite WARNING] It is recommended to use a private macro file (macros.py:58)
[robosuite WARNING] To setup, run: python /mnt/data/users/haoyu/workspace/code/fpo-control/manipulation_experiments/thirdparty/robosuite/robosuite/scripts/setup_macros.py (macros.py:59)
[robosuite WARNING] No private macro file found! (macros.py:57)
[robosuite WARNING] It is recommended to use a private macro file (macros.py:58)
[robosuite WARNING] To setup, run: python /mnt/data/users/haoyu/workspace/code/fpo-control/manipulation_experiments/thirdparty/robosuite/robosuite/scripts/setup_macros.py (macros.py:59)
[robosuite WARNING] No private macro file found! (macros.py:57)
[robosuite WARNING] It is recommended to use a private macro file (macros.py:58)
[robosuite WARNING] To setup, run: python /mnt/data/users/haoyu/workspace/code/fpo-control/manipulation_experiments/thirdparty/robosuite/robosuite/scripts/setup_macros.py (macros.py:59)
[robosuite WARNING] No private macro file found! (macros.py:57)
[robosuite WARNING] No private macro file found! (macros.py:57)
[robosuite WARNING] It is recommended to use a private macro file (macros.py:58)
[robosuite WARNING] It is recommended to use a private macro file (macros.py:58)
[robosuite WARNING] To setup, run: python /mnt/data/users/haoyu/workspace/code/fpo-control/manipulation_experiments/thirdparty/robosuite/robosuite/scripts/setup_macros.py (macros.py:59)
[robosuite WARNING] To setup, run: python /mnt/data/users/haoyu/workspace/code/fpo-control/manipulation_experiments/thirdparty/robosuite/robosuite/scripts/setup_macros.py (macros.py:59)
[robosuite WARNING] No private macro file found! (macros.py:57)
[robosuite WARNING] It is recommended to use a private macro file (macros.py:58)
[robosuite WARNING] To setup, run: python /mnt/data/users/haoyu/workspace/code/fpo-control/manipulation_experiments/thirdparty/robosuite/robosuite/scripts/setup_macros.py (macros.py:59)
[robosuite WARNING] Could not import robosuite_models. Some robots may not be available. If you want to use these robots, please install robosuite_models from source (https://github.com/ARISE-Initiative/robosuite_models) or through pip install. (__init__.py:30)
[robosuite WARNING] Could not import robosuite_models. Some robots may not be available. If you want to use these robots, please install robosuite_models from source (https://github.com/ARISE-Initiative/robosuite_models) or through pip install. (__init__.py:30)
[robosuite WARNING] No private macro file found! (macros.py:57)
[robosuite WARNING] It is recommended to use a private macro file (macros.py:58)
[robosuite WARNING] To setup, run: python /mnt/data/users/haoyu/workspace/code/fpo-control/manipulation_experiments/thirdparty/robosuite/robosuite/scripts/setup_macros.py (macros.py:59)
[robosuite WARNING] Could not import robosuite_models. Some robots may not be available. If you want to use these robots, please install robosuite_models from source (https://github.com/ARISE-Initiative/robosuite_models) or through pip install. (__init__.py:30)
[robosuite WARNING] Could not import robosuite_models. Some robots may not be available. If you want to use these robots, please install robosuite_models from source (https://github.com/ARISE-Initiative/robosuite_models) or through pip install. (__init__.py:30)
[robosuite WARNING] Could not import robosuite_models. Some robots may not be available. If you want to use these robots, please install robosuite_models from source (https://github.com/ARISE-Initiative/robosuite_models) or through pip install. (__init__.py:30)
[robosuite WARNING] Could not import robosuite_models. Some robots may not be available. If you want to use these robots, please install robosuite_models from source (https://github.com/ARISE-Initiative/robosuite_models) or through pip install. (__init__.py:30)
[robosuite WARNING] Could not import robosuite_models. Some robots may not be available. If you want to use these robots, please install robosuite_models from source (https://github.com/ARISE-Initiative/robosuite_models) or through pip install. (__init__.py:30)
[robosuite WARNING] Could not import robosuite_models. Some robots may not be available. If you want to use these robots, please install robosuite_models from source (https://github.com/ARISE-Initiative/robosuite_models) or through pip install. (__init__.py:30)
2026-08-09 13:37:53,656 | INFO | Video key: agentview
2026-08-09 13:37:53,656 | INFO | Using image observation keys: ['agentview']
[robosuite INFO] Loading controller configuration from: /mnt/data/users/haoyu/workspace/code/fpo-control/manipulation_experiments/thirdparty/robosuite/robosuite/controllers/config/robots/default_panda.json (composite_controller_factory.py:121)
2026-08-09 13:37:53,656 | INFO | Loading controller configuration from: /mnt/data/users/haoyu/workspace/code/fpo-control/manipulation_experiments/thirdparty/robosuite/robosuite/controllers/config/robots/default_panda.json
render_gpu_device_id: 1
2026-08-09 13:37:54,170 | INFO | Video key: agentview
2026-08-09 13:37:54,170 | INFO | Using image observation keys: ['agentview']
[robosuite INFO] Loading controller configuration from: /mnt/data/users/haoyu/workspace/code/fpo-control/manipulation_experiments/thirdparty/robosuite/robosuite/controllers/config/robots/default_panda.json (composite_controller_factory.py:121)
2026-08-09 13:37:54,170 | INFO | Loading controller configuration from: /mnt/data/users/haoyu/workspace/code/fpo-control/manipulation_experiments/thirdparty/robosuite/robosuite/controllers/config/robots/default_panda.json
render_gpu_device_id: 1
2026-08-09 13:37:54,244 | INFO | Video key: agentview
2026-08-09 13:37:54,244 | INFO | Using image observation keys: ['agentview']
[robosuite INFO] Loading controller configuration from: /mnt/data/users/haoyu/workspace/code/fpo-control/manipulation_experiments/thirdparty/robosuite/robosuite/controllers/config/robots/default_panda.json (composite_controller_factory.py:121)
2026-08-09 13:37:54,244 | INFO | Loading controller configuration from: /mnt/data/users/haoyu/workspace/code/fpo-control/manipulation_experiments/thirdparty/robosuite/robosuite/controllers/config/robots/default_panda.json
render_gpu_device_id: 1
2026-08-09 13:37:55,312 | INFO | Video key: agentview
2026-08-09 13:37:55,312 | INFO | Using image observation keys: ['agentview']
[robosuite INFO] Loading controller configuration from: /mnt/data/users/haoyu/workspace/code/fpo-control/manipulation_experiments/thirdparty/robosuite/robosuite/controllers/config/robots/default_panda.json (composite_controller_factory.py:121)
2026-08-09 13:37:55,312 | INFO | Loading controller configuration from: /mnt/data/users/haoyu/workspace/code/fpo-control/manipulation_experiments/thirdparty/robosuite/robosuite/controllers/config/robots/default_panda.json
render_gpu_device_id: 1
2026-08-09 13:37:55,331 | INFO | Video key: agentview
2026-08-09 13:37:55,331 | INFO | Using image observation keys: ['agentview']
[robosuite INFO] Loading controller configuration from: /mnt/data/users/haoyu/workspace/code/fpo-control/manipulation_experiments/thirdparty/robosuite/robosuite/controllers/config/robots/default_panda.json (composite_controller_factory.py:121)
2026-08-09 13:37:55,331 | INFO | Loading controller configuration from: /mnt/data/users/haoyu/workspace/code/fpo-control/manipulation_experiments/thirdparty/robosuite/robosuite/controllers/config/robots/default_panda.json
render_gpu_device_id: 1
2026-08-09 13:37:55,337 | INFO | Video key: agentview
2026-08-09 13:37:55,337 | INFO | Using image observation keys: ['agentview']
[robosuite INFO] Loading controller configuration from: /mnt/data/users/haoyu/workspace/code/fpo-control/manipulation_experiments/thirdparty/robosuite/robosuite/controllers/config/robots/default_panda.json (composite_controller_factory.py:121)
2026-08-09 13:37:55,337 | INFO | Loading controller configuration from: /mnt/data/users/haoyu/workspace/code/fpo-control/manipulation_experiments/thirdparty/robosuite/robosuite/controllers/config/robots/default_panda.json
render_gpu_device_id: 1
2026-08-09 13:37:55,342 | INFO | Video key: agentview
2026-08-09 13:37:55,342 | INFO | Using image observation keys: ['agentview']
[robosuite INFO] Loading controller configuration from: /mnt/data/users/haoyu/workspace/code/fpo-control/manipulation_experiments/thirdparty/robosuite/robosuite/controllers/config/robots/default_panda.json (composite_controller_factory.py:121)
2026-08-09 13:37:55,342 | INFO | Loading controller configuration from: /mnt/data/users/haoyu/workspace/code/fpo-control/manipulation_experiments/thirdparty/robosuite/robosuite/controllers/config/robots/default_panda.json
render_gpu_device_id: 1
2026-08-09 13:37:55,360 | INFO | Video key: agentview
2026-08-09 13:37:55,360 | INFO | Using image observation keys: ['agentview']
[robosuite INFO] Loading controller configuration from: /mnt/data/users/haoyu/workspace/code/fpo-control/manipulation_experiments/thirdparty/robosuite/robosuite/controllers/config/robots/default_panda.json (composite_controller_factory.py:121)
2026-08-09 13:37:55,360 | INFO | Loading controller configuration from: /mnt/data/users/haoyu/workspace/code/fpo-control/manipulation_experiments/thirdparty/robosuite/robosuite/controllers/config/robots/default_panda.json
render_gpu_device_id: 1
2026-08-09 13:37:55,429 | INFO | Successfully created NutAssemblySquare environment via robosuite.make() with cameras at 84x84
2026-08-09 13:37:55,429 | INFO | Configured cameras: ['agentview']
2026-08-09 13:37:55,952 | INFO | Successfully created NutAssemblySquare environment via robosuite.make() with cameras at 84x84
2026-08-09 13:37:55,952 | INFO | Configured cameras: ['agentview']
2026-08-09 13:37:56,020 | INFO | Successfully created NutAssemblySquare environment via robosuite.make() with cameras at 84x84
2026-08-09 13:37:56,020 | INFO | Configured cameras: ['agentview']
2026-08-09 13:37:57,094 | INFO | Successfully created NutAssemblySquare environment via robosuite.make() with cameras at 84x84
2026-08-09 13:37:57,094 | INFO | Configured cameras: ['agentview']
2026-08-09 13:37:57,113 | INFO | Successfully created NutAssemblySquare environment via robosuite.make() with cameras at 84x84
2026-08-09 13:37:57,114 | INFO | Configured cameras: ['agentview']
2026-08-09 13:37:57,134 | INFO | Successfully created NutAssemblySquare environment via robosuite.make() with cameras at 84x84
2026-08-09 13:37:57,134 | INFO | Configured cameras: ['agentview']
2026-08-09 13:37:57,135 | INFO | Successfully created NutAssemblySquare environment via robosuite.make() with cameras at 84x84
2026-08-09 13:37:57,135 | INFO | Configured cameras: ['agentview']
2026-08-09 13:37:57,164 | INFO | Successfully created NutAssemblySquare environment via robosuite.make() with cameras at 84x84
2026-08-09 13:37:57,165 | INFO | Configured cameras: ['agentview']
2026-08-09 13:37:58,266 | INFO | Created 8 vectorized Square environments
2026-08-09 13:37:58,266 | INFO | Set video key to 'agentview' for video recording
2026-08-09 13:37:59,301 | INFO | Created observation keys: ['observation.state', 'observation.images.agentview']
2026-08-09 13:37:59,307 | INFO | Created observation keys: ['observation.state', 'observation.images.agentview']
2026-08-09 13:37:59,321 | INFO | Created observation keys: ['observation.state', 'observation.images.agentview']
2026-08-09 13:37:59,335 | INFO | Created observation keys: ['observation.state', 'observation.images.agentview']
2026-08-09 13:37:59,384 | INFO | Created observation keys: ['observation.state', 'observation.images.agentview']
2026-08-09 13:37:59,387 | INFO | Created observation keys: ['observation.state', 'observation.images.agentview']
2026-08-09 13:37:59,421 | INFO | Created observation keys: ['observation.state', 'observation.images.agentview']
2026-08-09 13:37:59,423 | INFO | Created observation keys: ['observation.state', 'observation.images.agentview']
2026-08-09 13:38:36,899 | INFO | direction=4 seed=20261004 sign=-1 envs=8
num_visible_gpus: 1 [1] render_override: 1
2026-08-09 13:38:36,899 | INFO | Production mode: using gymnasium.vector.AsyncVectorEnv
2026-08-09 13:38:36,899 | INFO | Video key: agentview
2026-08-09 13:38:36,899 | INFO | Using image observation keys: ['agentview']
[robosuite INFO] Loading controller configuration from: /mnt/data/users/haoyu/workspace/code/fpo-control/manipulation_experiments/thirdparty/robosuite/robosuite/controllers/config/robots/default_panda.json (composite_controller_factory.py:121)
2026-08-09 13:38:36,900 | INFO | Loading controller configuration from: /mnt/data/users/haoyu/workspace/code/fpo-control/manipulation_experiments/thirdparty/robosuite/robosuite/controllers/config/robots/default_panda.json
render_gpu_device_id: 1
2026-08-09 13:38:37,751 | INFO | Successfully created NutAssemblySquare environment via robosuite.make() with cameras at 84x84
2026-08-09 13:38:37,751 | INFO | Configured cameras: ['agentview']
[robosuite WARNING] No private macro file found! (macros.py:57)
[robosuite WARNING] It is recommended to use a private macro file (macros.py:58)
[robosuite WARNING] To setup, run: python /mnt/data/users/haoyu/workspace/code/fpo-control/manipulation_experiments/thirdparty/robosuite/robosuite/scripts/setup_macros.py (macros.py:59)
[robosuite WARNING] No private macro file found! (macros.py:57)
[robosuite WARNING] It is recommended to use a private macro file (macros.py:58)
[robosuite WARNING] To setup, run: python /mnt/data/users/haoyu/workspace/code/fpo-control/manipulation_experiments/thirdparty/robosuite/robosuite/scripts/setup_macros.py (macros.py:59)
[robosuite WARNING] No private macro file found! (macros.py:57)
[robosuite WARNING] It is recommended to use a private macro file (macros.py:58)
[robosuite WARNING] To setup, run: python /mnt/data/users/haoyu/workspace/code/fpo-control/manipulation_experiments/thirdparty/robosuite/robosuite/scripts/setup_macros.py (macros.py:59)
[robosuite WARNING] No private macro file found! (macros.py:57)
[robosuite WARNING] It is recommended to use a private macro file (macros.py:58)
[robosuite WARNING] To setup, run: python /mnt/data/users/haoyu/workspace/code/fpo-control/manipulation_experiments/thirdparty/robosuite/robosuite/scripts/setup_macros.py (macros.py:59)
[robosuite WARNING] No private macro file found! (macros.py:57)
[robosuite WARNING] It is recommended to use a private macro file (macros.py:58)
[robosuite WARNING] To setup, run: python /mnt/data/users/haoyu/workspace/code/fpo-control/manipulation_experiments/thirdparty/robosuite/robosuite/scripts/setup_macros.py (macros.py:59)
[robosuite WARNING] No private macro file found! (macros.py:57)
[robosuite WARNING] It is recommended to use a private macro file (macros.py:58)
[robosuite WARNING] To setup, run: python /mnt/data/users/haoyu/workspace/code/fpo-control/manipulation_experiments/thirdparty/robosuite/robosuite/scripts/setup_macros.py (macros.py:59)
[robosuite WARNING] No private macro file found! (macros.py:57)
[robosuite WARNING] It is recommended to use a private macro file (macros.py:58)
[robosuite WARNING] To setup, run: python /mnt/data/users/haoyu/workspace/code/fpo-control/manipulation_experiments/thirdparty/robosuite/robosuite/scripts/setup_macros.py (macros.py:59)
[robosuite WARNING] No private macro file found! (macros.py:57)
[robosuite WARNING] It is recommended to use a private macro file (macros.py:58)
[robosuite WARNING] To setup, run: python /mnt/data/users/haoyu/workspace/code/fpo-control/manipulation_experiments/thirdparty/robosuite/robosuite/scripts/setup_macros.py (macros.py:59)
[robosuite WARNING] Could not import robosuite_models. Some robots may not be available. If you want to use these robots, please install robosuite_models from source (https://github.com/ARISE-Initiative/robosuite_models) or through pip install. (__init__.py:30)
[robosuite WARNING] Could not import robosuite_models. Some robots may not be available. If you want to use these robots, please install robosuite_models from source (https://github.com/ARISE-Initiative/robosuite_models) or through pip install. (__init__.py:30)
[robosuite WARNING] Could not import robosuite_models. Some robots may not be available. If you want to use these robots, please install robosuite_models from source (https://github.com/ARISE-Initiative/robosuite_models) or through pip install. (__init__.py:30)
[robosuite WARNING] Could not import robosuite_models. Some robots may not be available. If you want to use these robots, please install robosuite_models from source (https://github.com/ARISE-Initiative/robosuite_models) or through pip install. (__init__.py:30)
[robosuite WARNING] Could not import robosuite_models. Some robots may not be available. If you want to use these robots, please install robosuite_models from source (https://github.com/ARISE-Initiative/robosuite_models) or through pip install. (__init__.py:30)
[robosuite WARNING] Could not import robosuite_models. Some robots may not be available. If you want to use these robots, please install robosuite_models from source (https://github.com/ARISE-Initiative/robosuite_models) or through pip install. (__init__.py:30)
[robosuite WARNING] Could not import robosuite_models. Some robots may not be available. If you want to use these robots, please install robosuite_models from source (https://github.com/ARISE-Initiative/robosuite_models) or through pip install. (__init__.py:30)
[robosuite WARNING] Could not import robosuite_models. Some robots may not be available. If you want to use these robots, please install robosuite_models from source (https://github.com/ARISE-Initiative/robosuite_models) or through pip install. (__init__.py:30)
2026-08-09 13:38:45,445 | INFO | Video key: agentview
2026-08-09 13:38:45,445 | INFO | Using image observation keys: ['agentview']
[robosuite INFO] Loading controller configuration from: /mnt/data/users/haoyu/workspace/code/fpo-control/manipulation_experiments/thirdparty/robosuite/robosuite/controllers/config/robots/default_panda.json (composite_controller_factory.py:121)
2026-08-09 13:38:45,445 | INFO | Loading controller configuration from: /mnt/data/users/haoyu/workspace/code/fpo-control/manipulation_experiments/thirdparty/robosuite/robosuite/controllers/config/robots/default_panda.json
render_gpu_device_id: 1
2026-08-09 13:38:46,595 | INFO | Video key: agentview
2026-08-09 13:38:46,595 | INFO | Using image observation keys: ['agentview']
[robosuite INFO] Loading controller configuration from: /mnt/data/users/haoyu/workspace/code/fpo-control/manipulation_experiments/thirdparty/robosuite/robosuite/controllers/config/robots/default_panda.json (composite_controller_factory.py:121)
2026-08-09 13:38:46,595 | INFO | Loading controller configuration from: /mnt/data/users/haoyu/workspace/code/fpo-control/manipulation_experiments/thirdparty/robosuite/robosuite/controllers/config/robots/default_panda.json
render_gpu_device_id: 1
2026-08-09 13:38:46,715 | INFO | Video key: agentview
2026-08-09 13:38:46,715 | INFO | Using image observation keys: ['agentview']
[robosuite INFO] Loading controller configuration from: /mnt/data/users/haoyu/workspace/code/fpo-control/manipulation_experiments/thirdparty/robosuite/robosuite/controllers/config/robots/default_panda.json (composite_controller_factory.py:121)
2026-08-09 13:38:46,715 | INFO | Loading controller configuration from: /mnt/data/users/haoyu/workspace/code/fpo-control/manipulation_experiments/thirdparty/robosuite/robosuite/controllers/config/robots/default_panda.json
render_gpu_device_id: 1
2026-08-09 13:38:46,741 | INFO | Video key: agentview
2026-08-09 13:38:46,741 | INFO | Using image observation keys: ['agentview']
[robosuite INFO] Loading controller configuration from: /mnt/data/users/haoyu/workspace/code/fpo-control/manipulation_experiments/thirdparty/robosuite/robosuite/controllers/config/robots/default_panda.json (composite_controller_factory.py:121)
2026-08-09 13:38:46,741 | INFO | Loading controller configuration from: /mnt/data/users/haoyu/workspace/code/fpo-control/manipulation_experiments/thirdparty/robosuite/robosuite/controllers/config/robots/default_panda.json
render_gpu_device_id: 1
2026-08-09 13:38:46,795 | INFO | Video key: agentview
2026-08-09 13:38:46,795 | INFO | Using image observation keys: ['agentview']
[robosuite INFO] Loading controller configuration from: /mnt/data/users/haoyu/workspace/code/fpo-control/manipulation_experiments/thirdparty/robosuite/robosuite/controllers/config/robots/default_panda.json (composite_controller_factory.py:121)
2026-08-09 13:38:46,795 | INFO | Loading controller configuration from: /mnt/data/users/haoyu/workspace/code/fpo-control/manipulation_experiments/thirdparty/robosuite/robosuite/controllers/config/robots/default_panda.json
render_gpu_device_id: 1
2026-08-09 13:38:46,944 | INFO | Video key: agentview
2026-08-09 13:38:46,944 | INFO | Using image observation keys: ['agentview']
[robosuite INFO] Loading controller configuration from: /mnt/data/users/haoyu/workspace/code/fpo-control/manipulation_experiments/thirdparty/robosuite/robosuite/controllers/config/robots/default_panda.json (composite_controller_factory.py:121)
2026-08-09 13:38:46,944 | INFO | Loading controller configuration from: /mnt/data/users/haoyu/workspace/code/fpo-control/manipulation_experiments/thirdparty/robosuite/robosuite/controllers/config/robots/default_panda.json
render_gpu_device_id: 1
2026-08-09 13:38:47,098 | INFO | Video key: agentview
2026-08-09 13:38:47,098 | INFO | Using image observation keys: ['agentview']
[robosuite INFO] Loading controller configuration from: /mnt/data/users/haoyu/workspace/code/fpo-control/manipulation_experiments/thirdparty/robosuite/robosuite/controllers/config/robots/default_panda.json (composite_controller_factory.py:121)
2026-08-09 13:38:47,098 | INFO | Loading controller configuration from: /mnt/data/users/haoyu/workspace/code/fpo-control/manipulation_experiments/thirdparty/robosuite/robosuite/controllers/config/robots/default_panda.json
render_gpu_device_id: 1
2026-08-09 13:38:47,115 | INFO | Video key: agentview
2026-08-09 13:38:47,115 | INFO | Using image observation keys: ['agentview']
[robosuite INFO] Loading controller configuration from: /mnt/data/users/haoyu/workspace/code/fpo-control/manipulation_experiments/thirdparty/robosuite/robosuite/controllers/config/robots/default_panda.json (composite_controller_factory.py:121)
2026-08-09 13:38:47,115 | INFO | Loading controller configuration from: /mnt/data/users/haoyu/workspace/code/fpo-control/manipulation_experiments/thirdparty/robosuite/robosuite/controllers/config/robots/default_panda.json
render_gpu_device_id: 1
2026-08-09 13:38:47,203 | INFO | Successfully created NutAssemblySquare environment via robosuite.make() with cameras at 84x84
2026-08-09 13:38:47,203 | INFO | Configured cameras: ['agentview']
2026-08-09 13:38:48,389 | INFO | Successfully created NutAssemblySquare environment via robosuite.make() with cameras at 84x84
2026-08-09 13:38:48,389 | INFO | Configured cameras: ['agentview']
2026-08-09 13:38:48,511 | INFO | Successfully created NutAssemblySquare environment via robosuite.make() with cameras at 84x84
2026-08-09 13:38:48,511 | INFO | Configured cameras: ['agentview']
2026-08-09 13:38:48,520 | INFO | Successfully created NutAssemblySquare environment via robosuite.make() with cameras at 84x84
2026-08-09 13:38:48,520 | INFO | Configured cameras: ['agentview']
2026-08-09 13:38:48,622 | INFO | Successfully created NutAssemblySquare environment via robosuite.make() with cameras at 84x84
2026-08-09 13:38:48,622 | INFO | Configured cameras: ['agentview']
2026-08-09 13:38:48,924 | INFO | Successfully created NutAssemblySquare environment via robosuite.make() with cameras at 84x84
2026-08-09 13:38:48,924 | INFO | Configured cameras: ['agentview']
2026-08-09 13:38:48,940 | INFO | Successfully created NutAssemblySquare environment via robosuite.make() with cameras at 84x84
2026-08-09 13:38:48,940 | INFO | Configured cameras: ['agentview']
2026-08-09 13:38:48,945 | INFO | Successfully created NutAssemblySquare environment via robosuite.make() with cameras at 84x84
2026-08-09 13:38:48,946 | INFO | Configured cameras: ['agentview']
2026-08-09 13:38:50,250 | INFO | Created 8 vectorized Square environments
2026-08-09 13:38:50,251 | INFO | Set video key to 'agentview' for video recording
2026-08-09 13:38:51,301 | INFO | Created observation keys: ['observation.state', 'observation.images.agentview']
2026-08-09 13:38:51,309 | INFO | Created observation keys: ['observation.state', 'observation.images.agentview']
2026-08-09 13:38:51,315 | INFO | Created observation keys: ['observation.state', 'observation.images.agentview']
2026-08-09 13:38:51,321 | INFO | Created observation keys: ['observation.state', 'observation.images.agentview']
2026-08-09 13:38:51,331 | INFO | Created observation keys: ['observation.state', 'observation.images.agentview']
2026-08-09 13:38:51,382 | INFO | Created observation keys: ['observation.state', 'observation.images.agentview']
2026-08-09 13:38:51,396 | INFO | Created observation keys: ['observation.state', 'observation.images.agentview']
2026-08-09 13:38:51,420 | INFO | Created observation keys: ['observation.state', 'observation.images.agentview']
2026-08-09 13:39:28,798 | INFO | direction=4 seed=20261004 sign=+1 envs=8
num_visible_gpus: 1 [1] render_override: 1
2026-08-09 13:39:28,798 | INFO | Production mode: using gymnasium.vector.AsyncVectorEnv
2026-08-09 13:39:28,799 | INFO | Video key: agentview
2026-08-09 13:39:28,799 | INFO | Using image observation keys: ['agentview']
[robosuite INFO] Loading controller configuration from: /mnt/data/users/haoyu/workspace/code/fpo-control/manipulation_experiments/thirdparty/robosuite/robosuite/controllers/config/robots/default_panda.json (composite_controller_factory.py:121)
2026-08-09 13:39:28,807 | INFO | Loading controller configuration from: /mnt/data/users/haoyu/workspace/code/fpo-control/manipulation_experiments/thirdparty/robosuite/robosuite/controllers/config/robots/default_panda.json
render_gpu_device_id: 1
2026-08-09 13:39:29,923 | INFO | Successfully created NutAssemblySquare environment via robosuite.make() with cameras at 84x84
2026-08-09 13:39:29,923 | INFO | Configured cameras: ['agentview']
[robosuite WARNING] No private macro file found! (macros.py:57)
[robosuite WARNING] It is recommended to use a private macro file (macros.py:58)
[robosuite WARNING] To setup, run: python /mnt/data/users/haoyu/workspace/code/fpo-control/manipulation_experiments/thirdparty/robosuite/robosuite/scripts/setup_macros.py (macros.py:59)
[robosuite WARNING] No private macro file found! (macros.py:57)
[robosuite WARNING] It is recommended to use a private macro file (macros.py:58)
[robosuite WARNING] To setup, run: python /mnt/data/users/haoyu/workspace/code/fpo-control/manipulation_experiments/thirdparty/robosuite/robosuite/scripts/setup_macros.py (macros.py:59)
[robosuite WARNING] No private macro file found! (macros.py:57)
[robosuite WARNING] It is recommended to use a private macro file (macros.py:58)
[robosuite WARNING] To setup, run: python /mnt/data/users/haoyu/workspace/code/fpo-control/manipulation_experiments/thirdparty/robosuite/robosuite/scripts/setup_macros.py (macros.py:59)
[robosuite WARNING] No private macro file found! (macros.py:57)
[robosuite WARNING] It is recommended to use a private macro file (macros.py:58)
[robosuite WARNING] To setup, run: python /mnt/data/users/haoyu/workspace/code/fpo-control/manipulation_experiments/thirdparty/robosuite/robosuite/scripts/setup_macros.py (macros.py:59)
[robosuite WARNING] No private macro file found! (macros.py:57)
[robosuite WARNING] It is recommended to use a private macro file (macros.py:58)
[robosuite WARNING] To setup, run: python /mnt/data/users/haoyu/workspace/code/fpo-control/manipulation_experiments/thirdparty/robosuite/robosuite/scripts/setup_macros.py (macros.py:59)
[robosuite WARNING] No private macro file found! (macros.py:57)
[robosuite WARNING] It is recommended to use a private macro file (macros.py:58)
[robosuite WARNING] To setup, run: python /mnt/data/users/haoyu/workspace/code/fpo-control/manipulation_experiments/thirdparty/robosuite/robosuite/scripts/setup_macros.py (macros.py:59)
[robosuite WARNING] No private macro file found! (macros.py:57)
[robosuite WARNING] It is recommended to use a private macro file (macros.py:58)
[robosuite WARNING] To setup, run: python /mnt/data/users/haoyu/workspace/code/fpo-control/manipulation_experiments/thirdparty/robosuite/robosuite/scripts/setup_macros.py (macros.py:59)
[robosuite WARNING] No private macro file found! (macros.py:57)
[robosuite WARNING] It is recommended to use a private macro file (macros.py:58)
[robosuite WARNING] To setup, run: python /mnt/data/users/haoyu/workspace/code/fpo-control/manipulation_experiments/thirdparty/robosuite/robosuite/scripts/setup_macros.py (macros.py:59)
[robosuite WARNING] Could not import robosuite_models. Some robots may not be available. If you want to use these robots, please install robosuite_models from source (https://github.com/ARISE-Initiative/robosuite_models) or through pip install. (__init__.py:30)
[robosuite WARNING] Could not import robosuite_models. Some robots may not be available. If you want to use these robots, please install robosuite_models from source (https://github.com/ARISE-Initiative/robosuite_models) or through pip install. (__init__.py:30)
[robosuite WARNING] Could not import robosuite_models. Some robots may not be available. If you want to use these robots, please install robosuite_models from source (https://github.com/ARISE-Initiative/robosuite_models) or through pip install. (__init__.py:30)
[robosuite WARNING] Could not import robosuite_models. Some robots may not be available. If you want to use these robots, please install robosuite_models from source (https://github.com/ARISE-Initiative/robosuite_models) or through pip install. (__init__.py:30)
[robosuite WARNING] Could not import robosuite_models. Some robots may not be available. If you want to use these robots, please install robosuite_models from source (https://github.com/ARISE-Initiative/robosuite_models) or through pip install. (__init__.py:30)
[robosuite WARNING] Could not import robosuite_models. Some robots may not be available. If you want to use these robots, please install robosuite_models from source (https://github.com/ARISE-Initiative/robosuite_models) or through pip install. (__init__.py:30)
[robosuite WARNING] Could not import robosuite_models. Some robots may not be available. If you want to use these robots, please install robosuite_models from source (https://github.com/ARISE-Initiative/robosuite_models) or through pip install. (__init__.py:30)
[robosuite WARNING] Could not import robosuite_models. Some robots may not be available. If you want to use these robots, please install robosuite_models from source (https://github.com/ARISE-Initiative/robosuite_models) or through pip install. (__init__.py:30)
2026-08-09 13:39:38,252 | INFO | Video key: agentview
2026-08-09 13:39:38,252 | INFO | Using image observation keys: ['agentview']
[robosuite INFO] Loading controller configuration from: /mnt/data/users/haoyu/workspace/code/fpo-control/manipulation_experiments/thirdparty/robosuite/robosuite/controllers/config/robots/default_panda.json (composite_controller_factory.py:121)
2026-08-09 13:39:38,252 | INFO | Loading controller configuration from: /mnt/data/users/haoyu/workspace/code/fpo-control/manipulation_experiments/thirdparty/robosuite/robosuite/controllers/config/robots/default_panda.json
render_gpu_device_id: 1
2026-08-09 13:39:38,897 | INFO | Video key: agentview
2026-08-09 13:39:38,898 | INFO | Using image observation keys: ['agentview']
[robosuite INFO] Loading controller configuration from: /mnt/data/users/haoyu/workspace/code/fpo-control/manipulation_experiments/thirdparty/robosuite/robosuite/controllers/config/robots/default_panda.json (composite_controller_factory.py:121)
2026-08-09 13:39:38,898 | INFO | Loading controller configuration from: /mnt/data/users/haoyu/workspace/code/fpo-control/manipulation_experiments/thirdparty/robosuite/robosuite/controllers/config/robots/default_panda.json
render_gpu_device_id: 1
2026-08-09 13:39:38,944 | INFO | Video key: agentview
2026-08-09 13:39:38,944 | INFO | Using image observation keys: ['agentview']
[robosuite INFO] Loading controller configuration from: /mnt/data/users/haoyu/workspace/code/fpo-control/manipulation_experiments/thirdparty/robosuite/robosuite/controllers/config/robots/default_panda.json (composite_controller_factory.py:121)
2026-08-09 13:39:38,944 | INFO | Loading controller configuration from: /mnt/data/users/haoyu/workspace/code/fpo-control/manipulation_experiments/thirdparty/robosuite/robosuite/controllers/config/robots/default_panda.json
render_gpu_device_id: 1
2026-08-09 13:39:39,684 | INFO | Video key: agentview
2026-08-09 13:39:39,684 | INFO | Using image observation keys: ['agentview']
[robosuite INFO] Loading controller configuration from: /mnt/data/users/haoyu/workspace/code/fpo-control/manipulation_experiments/thirdparty/robosuite/robosuite/controllers/config/robots/default_panda.json (composite_controller_factory.py:121)
2026-08-09 13:39:39,684 | INFO | Loading controller configuration from: /mnt/data/users/haoyu/workspace/code/fpo-control/manipulation_experiments/thirdparty/robosuite/robosuite/controllers/config/robots/default_panda.json
render_gpu_device_id: 1
2026-08-09 13:39:39,691 | INFO | Video key: agentview
2026-08-09 13:39:39,691 | INFO | Using image observation keys: ['agentview']
[robosuite INFO] Loading controller configuration from: /mnt/data/users/haoyu/workspace/code/fpo-control/manipulation_experiments/thirdparty/robosuite/robosuite/controllers/config/robots/default_panda.json (composite_controller_factory.py:121)
2026-08-09 13:39:39,691 | INFO | Loading controller configuration from: /mnt/data/users/haoyu/workspace/code/fpo-control/manipulation_experiments/thirdparty/robosuite/robosuite/controllers/config/robots/default_panda.json
render_gpu_device_id: 1
2026-08-09 13:39:39,696 | INFO | Video key: agentview
2026-08-09 13:39:39,696 | INFO | Using image observation keys: ['agentview']
[robosuite INFO] Loading controller configuration from: /mnt/data/users/haoyu/workspace/code/fpo-control/manipulation_experiments/thirdparty/robosuite/robosuite/controllers/config/robots/default_panda.json (composite_controller_factory.py:121)
2026-08-09 13:39:39,696 | INFO | Loading controller configuration from: /mnt/data/users/haoyu/workspace/code/fpo-control/manipulation_experiments/thirdparty/robosuite/robosuite/controllers/config/robots/default_panda.json
render_gpu_device_id: 1
2026-08-09 13:39:39,701 | INFO | Video key: agentview
2026-08-09 13:39:39,701 | INFO | Using image observation keys: ['agentview']
[robosuite INFO] Loading controller configuration from: /mnt/data/users/haoyu/workspace/code/fpo-control/manipulation_experiments/thirdparty/robosuite/robosuite/controllers/config/robots/default_panda.json (composite_controller_factory.py:121)
2026-08-09 13:39:39,701 | INFO | Loading controller configuration from: /mnt/data/users/haoyu/workspace/code/fpo-control/manipulation_experiments/thirdparty/robosuite/robosuite/controllers/config/robots/default_panda.json
render_gpu_device_id: 1
2026-08-09 13:39:39,703 | INFO | Video key: agentview
2026-08-09 13:39:39,704 | INFO | Using image observation keys: ['agentview']
[robosuite INFO] Loading controller configuration from: /mnt/data/users/haoyu/workspace/code/fpo-control/manipulation_experiments/thirdparty/robosuite/robosuite/controllers/config/robots/default_panda.json (composite_controller_factory.py:121)
2026-08-09 13:39:39,704 | INFO | Loading controller configuration from: /mnt/data/users/haoyu/workspace/code/fpo-control/manipulation_experiments/thirdparty/robosuite/robosuite/controllers/config/robots/default_panda.json
render_gpu_device_id: 1
2026-08-09 13:39:40,081 | INFO | Successfully created NutAssemblySquare environment via robosuite.make() with cameras at 84x84
2026-08-09 13:39:40,081 | INFO | Configured cameras: ['agentview']
2026-08-09 13:39:40,740 | INFO | Successfully created NutAssemblySquare environment via robosuite.make() with cameras at 84x84
2026-08-09 13:39:40,740 | INFO | Configured cameras: ['agentview']
2026-08-09 13:39:40,764 | INFO | Successfully created NutAssemblySquare environment via robosuite.make() with cameras at 84x84
2026-08-09 13:39:40,764 | INFO | Configured cameras: ['agentview']
2026-08-09 13:39:41,488 | INFO | Successfully created NutAssemblySquare environment via robosuite.make() with cameras at 84x84
2026-08-09 13:39:41,488 | INFO | Configured cameras: ['agentview']
2026-08-09 13:39:41,490 | INFO | Successfully created NutAssemblySquare environment via robosuite.make() with cameras at 84x84
2026-08-09 13:39:41,490 | INFO | Configured cameras: ['agentview']
2026-08-09 13:39:41,511 | INFO | Successfully created NutAssemblySquare environment via robosuite.make() with cameras at 84x84
2026-08-09 13:39:41,511 | INFO | Configured cameras: ['agentview']
2026-08-09 13:39:41,521 | INFO | Successfully created NutAssemblySquare environment via robosuite.make() with cameras at 84x84
2026-08-09 13:39:41,521 | INFO | Configured cameras: ['agentview']
2026-08-09 13:39:41,526 | INFO | Successfully created NutAssemblySquare environment via robosuite.make() with cameras at 84x84
2026-08-09 13:39:41,526 | INFO | Configured cameras: ['agentview']
2026-08-09 13:39:42,663 | INFO | Created 8 vectorized Square environments
2026-08-09 13:39:42,664 | INFO | Set video key to 'agentview' for video recording
2026-08-09 13:39:43,733 | INFO | Created observation keys: ['observation.state', 'observation.images.agentview']
2026-08-09 13:39:43,735 | INFO | Created observation keys: ['observation.state', 'observation.images.agentview']
2026-08-09 13:39:43,740 | INFO | Created observation keys: ['observation.state', 'observation.images.agentview']
2026-08-09 13:39:43,745 | INFO | Created observation keys: ['observation.state', 'observation.images.agentview']
2026-08-09 13:39:43,746 | INFO | Created observation keys: ['observation.state', 'observation.images.agentview']
2026-08-09 13:39:43,758 | INFO | Created observation keys: ['observation.state', 'observation.images.agentview']
2026-08-09 13:39:43,764 | INFO | Created observation keys: ['observation.state', 'observation.images.agentview']
2026-08-09 13:39:43,783 | INFO | Created observation keys: ['observation.state', 'observation.images.agentview']
2026-08-09 13:40:21,255 | INFO | direction=5 seed=20261005 sign=-1 envs=8
num_visible_gpus: 1 [1] render_override: 1
2026-08-09 13:40:21,255 | INFO | Production mode: using gymnasium.vector.AsyncVectorEnv
2026-08-09 13:40:21,255 | INFO | Video key: agentview
2026-08-09 13:40:21,255 | INFO | Using image observation keys: ['agentview']
[robosuite INFO] Loading controller configuration from: /mnt/data/users/haoyu/workspace/code/fpo-control/manipulation_experiments/thirdparty/robosuite/robosuite/controllers/config/robots/default_panda.json (composite_controller_factory.py:121)
2026-08-09 13:40:21,255 | INFO | Loading controller configuration from: /mnt/data/users/haoyu/workspace/code/fpo-control/manipulation_experiments/thirdparty/robosuite/robosuite/controllers/config/robots/default_panda.json
render_gpu_device_id: 1
2026-08-09 13:40:21,995 | INFO | Successfully created NutAssemblySquare environment via robosuite.make() with cameras at 84x84
2026-08-09 13:40:21,995 | INFO | Configured cameras: ['agentview']
[robosuite WARNING] No private macro file found! (macros.py:57)
[robosuite WARNING] It is recommended to use a private macro file (macros.py:58)
[robosuite WARNING] To setup, run: python /mnt/data/users/haoyu/workspace/code/fpo-control/manipulation_experiments/thirdparty/robosuite/robosuite/scripts/setup_macros.py (macros.py:59)
[robosuite WARNING] No private macro file found! (macros.py:57)
[robosuite WARNING] It is recommended to use a private macro file (macros.py:58)
[robosuite WARNING] To setup, run: python /mnt/data/users/haoyu/workspace/code/fpo-control/manipulation_experiments/thirdparty/robosuite/robosuite/scripts/setup_macros.py (macros.py:59)
[robosuite WARNING] No private macro file found! (macros.py:57)
[robosuite WARNING] It is recommended to use a private macro file (macros.py:58)
[robosuite WARNING] To setup, run: python /mnt/data/users/haoyu/workspace/code/fpo-control/manipulation_experiments/thirdparty/robosuite/robosuite/scripts/setup_macros.py (macros.py:59)
[robosuite WARNING] No private macro file found! (macros.py:57)
[robosuite WARNING] It is recommended to use a private macro file (macros.py:58)
[robosuite WARNING] To setup, run: python /mnt/data/users/haoyu/workspace/code/fpo-control/manipulation_experiments/thirdparty/robosuite/robosuite/scripts/setup_macros.py (macros.py:59)
[robosuite WARNING] No private macro file found! (macros.py:57)
[robosuite WARNING] It is recommended to use a private macro file (macros.py:58)
[robosuite WARNING] To setup, run: python /mnt/data/users/haoyu/workspace/code/fpo-control/manipulation_experiments/thirdparty/robosuite/robosuite/scripts/setup_macros.py (macros.py:59)
[robosuite WARNING] No private macro file found! (macros.py:57)
[robosuite WARNING] It is recommended to use a private macro file (macros.py:58)
[robosuite WARNING] To setup, run: python /mnt/data/users/haoyu/workspace/code/fpo-control/manipulation_experiments/thirdparty/robosuite/robosuite/scripts/setup_macros.py (macros.py:59)
[robosuite WARNING] No private macro file found! (macros.py:57)
[robosuite WARNING] It is recommended to use a private macro file (macros.py:58)
[robosuite WARNING] To setup, run: python /mnt/data/users/haoyu/workspace/code/fpo-control/manipulation_experiments/thirdparty/robosuite/robosuite/scripts/setup_macros.py (macros.py:59)
[robosuite WARNING] No private macro file found! (macros.py:57)
[robosuite WARNING] It is recommended to use a private macro file (macros.py:58)
[robosuite WARNING] To setup, run: python /mnt/data/users/haoyu/workspace/code/fpo-control/manipulation_experiments/thirdparty/robosuite/robosuite/scripts/setup_macros.py (macros.py:59)
[robosuite WARNING] Could not import robosuite_models. Some robots may not be available. If you want to use these robots, please install robosuite_models from source (https://github.com/ARISE-Initiative/robosuite_models) or through pip install. (__init__.py:30)
[robosuite WARNING] Could not import robosuite_models. Some robots may not be available. If you want to use these robots, please install robosuite_models from source (https://github.com/ARISE-Initiative/robosuite_models) or through pip install. (__init__.py:30)
[robosuite WARNING] Could not import robosuite_models. Some robots may not be available. If you want to use these robots, please install robosuite_models from source (https://github.com/ARISE-Initiative/robosuite_models) or through pip install. (__init__.py:30)
[robosuite WARNING] Could not import robosuite_models. Some robots may not be available. If you want to use these robots, please install robosuite_models from source (https://github.com/ARISE-Initiative/robosuite_models) or through pip install. (__init__.py:30)
[robosuite WARNING] Could not import robosuite_models. Some robots may not be available. If you want to use these robots, please install robosuite_models from source (https://github.com/ARISE-Initiative/robosuite_models) or through pip install. (__init__.py:30)
[robosuite WARNING] Could not import robosuite_models. Some robots may not be available. If you want to use these robots, please install robosuite_models from source (https://github.com/ARISE-Initiative/robosuite_models) or through pip install. (__init__.py:30)
[robosuite WARNING] Could not import robosuite_models. Some robots may not be available. If you want to use these robots, please install robosuite_models from source (https://github.com/ARISE-Initiative/robosuite_models) or through pip install. (__init__.py:30)
[robosuite WARNING] Could not import robosuite_models. Some robots may not be available. If you want to use these robots, please install robosuite_models from source (https://github.com/ARISE-Initiative/robosuite_models) or through pip install. (__init__.py:30)
2026-08-09 13:40:30,148 | INFO | Video key: agentview
2026-08-09 13:40:30,148 | INFO | Using image observation keys: ['agentview']
[robosuite INFO] Loading controller configuration from: /mnt/data/users/haoyu/workspace/code/fpo-control/manipulation_experiments/thirdparty/robosuite/robosuite/controllers/config/robots/default_panda.json (composite_controller_factory.py:121)
2026-08-09 13:40:30,148 | INFO | Loading controller configuration from: /mnt/data/users/haoyu/workspace/code/fpo-control/manipulation_experiments/thirdparty/robosuite/robosuite/controllers/config/robots/default_panda.json
render_gpu_device_id: 1
2026-08-09 13:40:31,441 | INFO | Video key: agentview
2026-08-09 13:40:31,441 | INFO | Using image observation keys: ['agentview']
[robosuite INFO] Loading controller configuration from: /mnt/data/users/haoyu/workspace/code/fpo-control/manipulation_experiments/thirdparty/robosuite/robosuite/controllers/config/robots/default_panda.json (composite_controller_factory.py:121)
2026-08-09 13:40:31,442 | INFO | Loading controller configuration from: /mnt/data/users/haoyu/workspace/code/fpo-control/manipulation_experiments/thirdparty/robosuite/robosuite/controllers/config/robots/default_panda.json
render_gpu_device_id: 1
2026-08-09 13:40:31,573 | INFO | Video key: agentview
2026-08-09 13:40:31,573 | INFO | Using image observation keys: ['agentview']
[robosuite INFO] Loading controller configuration from: /mnt/data/users/haoyu/workspace/code/fpo-control/manipulation_experiments/thirdparty/robosuite/robosuite/controllers/config/robots/default_panda.json (composite_controller_factory.py:121)
2026-08-09 13:40:31,573 | INFO | Loading controller configuration from: /mnt/data/users/haoyu/workspace/code/fpo-control/manipulation_experiments/thirdparty/robosuite/robosuite/controllers/config/robots/default_panda.json
render_gpu_device_id: 1
2026-08-09 13:40:31,583 | INFO | Video key: agentview
2026-08-09 13:40:31,583 | INFO | Using image observation keys: ['agentview']
[robosuite INFO] Loading controller configuration from: /mnt/data/users/haoyu/workspace/code/fpo-control/manipulation_experiments/thirdparty/robosuite/robosuite/controllers/config/robots/default_panda.json (composite_controller_factory.py:121)
2026-08-09 13:40:31,583 | INFO | Loading controller configuration from: /mnt/data/users/haoyu/workspace/code/fpo-control/manipulation_experiments/thirdparty/robosuite/robosuite/controllers/config/robots/default_panda.json
render_gpu_device_id: 1
2026-08-09 13:40:31,660 | INFO | Video key: agentview
2026-08-09 13:40:31,660 | INFO | Using image observation keys: ['agentview']
[robosuite INFO] Loading controller configuration from: /mnt/data/users/haoyu/workspace/code/fpo-control/manipulation_experiments/thirdparty/robosuite/robosuite/controllers/config/robots/default_panda.json (composite_controller_factory.py:121)
2026-08-09 13:40:31,660 | INFO | Loading controller configuration from: /mnt/data/users/haoyu/workspace/code/fpo-control/manipulation_experiments/thirdparty/robosuite/robosuite/controllers/config/robots/default_panda.json
render_gpu_device_id: 1
2026-08-09 13:40:31,664 | INFO | Video key: agentview
2026-08-09 13:40:31,664 | INFO | Using image observation keys: ['agentview']
[robosuite INFO] Loading controller configuration from: /mnt/data/users/haoyu/workspace/code/fpo-control/manipulation_experiments/thirdparty/robosuite/robosuite/controllers/config/robots/default_panda.json (composite_controller_factory.py:121)
2026-08-09 13:40:31,664 | INFO | Loading controller configuration from: /mnt/data/users/haoyu/workspace/code/fpo-control/manipulation_experiments/thirdparty/robosuite/robosuite/controllers/config/robots/default_panda.json
render_gpu_device_id: 1
2026-08-09 13:40:31,674 | INFO | Video key: agentview
2026-08-09 13:40:31,674 | INFO | Using image observation keys: ['agentview']
[robosuite INFO] Loading controller configuration from: /mnt/data/users/haoyu/workspace/code/fpo-control/manipulation_experiments/thirdparty/robosuite/robosuite/controllers/config/robots/default_panda.json (composite_controller_factory.py:121)
2026-08-09 13:40:31,674 | INFO | Loading controller configuration from: /mnt/data/users/haoyu/workspace/code/fpo-control/manipulation_experiments/thirdparty/robosuite/robosuite/controllers/config/robots/default_panda.json
render_gpu_device_id: 1
2026-08-09 13:40:31,678 | INFO | Video key: agentview
2026-08-09 13:40:31,678 | INFO | Using image observation keys: ['agentview']
[robosuite INFO] Loading controller configuration from: /mnt/data/users/haoyu/workspace/code/fpo-control/manipulation_experiments/thirdparty/robosuite/robosuite/controllers/config/robots/default_panda.json (composite_controller_factory.py:121)
2026-08-09 13:40:31,678 | INFO | Loading controller configuration from: /mnt/data/users/haoyu/workspace/code/fpo-control/manipulation_experiments/thirdparty/robosuite/robosuite/controllers/config/robots/default_panda.json
render_gpu_device_id: 1
2026-08-09 13:40:31,946 | INFO | Successfully created NutAssemblySquare environment via robosuite.make() with cameras at 84x84
2026-08-09 13:40:31,946 | INFO | Configured cameras: ['agentview']
2026-08-09 13:40:33,268 | INFO | Successfully created NutAssemblySquare environment via robosuite.make() with cameras at 84x84
2026-08-09 13:40:33,268 | INFO | Configured cameras: ['agentview']
2026-08-09 13:40:33,390 | INFO | Successfully created NutAssemblySquare environment via robosuite.make() with cameras at 84x84
2026-08-09 13:40:33,390 | INFO | Configured cameras: ['agentview']
2026-08-09 13:40:33,453 | INFO | Successfully created NutAssemblySquare environment via robosuite.make() with cameras at 84x84
2026-08-09 13:40:33,454 | INFO | Configured cameras: ['agentview']
2026-08-09 13:40:33,457 | INFO | Successfully created NutAssemblySquare environment via robosuite.make() with cameras at 84x84
2026-08-09 13:40:33,457 | INFO | Configured cameras: ['agentview']
2026-08-09 13:40:33,468 | INFO | Successfully created NutAssemblySquare environment via robosuite.make() with cameras at 84x84
2026-08-09 13:40:33,468 | INFO | Configured cameras: ['agentview']
2026-08-09 13:40:33,514 | INFO | Successfully created NutAssemblySquare environment via robosuite.make() with cameras at 84x84
2026-08-09 13:40:33,514 | INFO | Configured cameras: ['agentview']
2026-08-09 13:40:33,519 | INFO | Successfully created NutAssemblySquare environment via robosuite.make() with cameras at 84x84
2026-08-09 13:40:33,519 | INFO | Configured cameras: ['agentview']
2026-08-09 13:40:34,735 | INFO | Created 8 vectorized Square environments
2026-08-09 13:40:34,735 | INFO | Set video key to 'agentview' for video recording
2026-08-09 13:40:35,762 | INFO | Created observation keys: ['observation.state', 'observation.images.agentview']
2026-08-09 13:40:35,790 | INFO | Created observation keys: ['observation.state', 'observation.images.agentview']
2026-08-09 13:40:35,801 | INFO | Created observation keys: ['observation.state', 'observation.images.agentview']
2026-08-09 13:40:35,806 | INFO | Created observation keys: ['observation.state', 'observation.images.agentview']
2026-08-09 13:40:35,818 | INFO | Created observation keys: ['observation.state', 'observation.images.agentview']
2026-08-09 13:40:35,825 | INFO | Created observation keys: ['observation.state', 'observation.images.agentview']
2026-08-09 13:40:35,842 | INFO | Created observation keys: ['observation.state', 'observation.images.agentview']
2026-08-09 13:40:35,852 | INFO | Created observation keys: ['observation.state', 'observation.images.agentview']
2026-08-09 13:41:14,094 | INFO | direction=5 seed=20261005 sign=+1 envs=8
num_visible_gpus: 1 [1] render_override: 1
2026-08-09 13:41:14,095 | INFO | Production mode: using gymnasium.vector.AsyncVectorEnv
2026-08-09 13:41:14,095 | INFO | Video key: agentview
2026-08-09 13:41:14,095 | INFO | Using image observation keys: ['agentview']
[robosuite INFO] Loading controller configuration from: /mnt/data/users/haoyu/workspace/code/fpo-control/manipulation_experiments/thirdparty/robosuite/robosuite/controllers/config/robots/default_panda.json (composite_controller_factory.py:121)
2026-08-09 13:41:14,095 | INFO | Loading controller configuration from: /mnt/data/users/haoyu/workspace/code/fpo-control/manipulation_experiments/thirdparty/robosuite/robosuite/controllers/config/robots/default_panda.json
render_gpu_device_id: 1
2026-08-09 13:41:14,991 | INFO | Successfully created NutAssemblySquare environment via robosuite.make() with cameras at 84x84
2026-08-09 13:41:14,991 | INFO | Configured cameras: ['agentview']
[robosuite WARNING] No private macro file found! (macros.py:57)
[robosuite WARNING] It is recommended to use a private macro file (macros.py:58)
[robosuite WARNING] To setup, run: python /mnt/data/users/haoyu/workspace/code/fpo-control/manipulation_experiments/thirdparty/robosuite/robosuite/scripts/setup_macros.py (macros.py:59)
[robosuite WARNING] No private macro file found! (macros.py:57)
[robosuite WARNING] It is recommended to use a private macro file (macros.py:58)
[robosuite WARNING] To setup, run: python /mnt/data/users/haoyu/workspace/code/fpo-control/manipulation_experiments/thirdparty/robosuite/robosuite/scripts/setup_macros.py (macros.py:59)
[robosuite WARNING] No private macro file found! (macros.py:57)
[robosuite WARNING] It is recommended to use a private macro file (macros.py:58)
[robosuite WARNING] To setup, run: python /mnt/data/users/haoyu/workspace/code/fpo-control/manipulation_experiments/thirdparty/robosuite/robosuite/scripts/setup_macros.py (macros.py:59)
[robosuite WARNING] No private macro file found! (macros.py:57)
[robosuite WARNING] It is recommended to use a private macro file (macros.py:58)
[robosuite WARNING] To setup, run: python /mnt/data/users/haoyu/workspace/code/fpo-control/manipulation_experiments/thirdparty/robosuite/robosuite/scripts/setup_macros.py (macros.py:59)
[robosuite WARNING] No private macro file found! (macros.py:57)
[robosuite WARNING] It is recommended to use a private macro file (macros.py:58)
[robosuite WARNING] To setup, run: python /mnt/data/users/haoyu/workspace/code/fpo-control/manipulation_experiments/thirdparty/robosuite/robosuite/scripts/setup_macros.py (macros.py:59)
[robosuite WARNING] No private macro file found! (macros.py:57)
[robosuite WARNING] It is recommended to use a private macro file (macros.py:58)
[robosuite WARNING] To setup, run: python /mnt/data/users/haoyu/workspace/code/fpo-control/manipulation_experiments/thirdparty/robosuite/robosuite/scripts/setup_macros.py (macros.py:59)
[robosuite WARNING] No private macro file found! (macros.py:57)
[robosuite WARNING] It is recommended to use a private macro file (macros.py:58)
[robosuite WARNING] To setup, run: python /mnt/data/users/haoyu/workspace/code/fpo-control/manipulation_experiments/thirdparty/robosuite/robosuite/scripts/setup_macros.py (macros.py:59)
[robosuite WARNING] No private macro file found! (macros.py:57)
[robosuite WARNING] It is recommended to use a private macro file (macros.py:58)
[robosuite WARNING] To setup, run: python /mnt/data/users/haoyu/workspace/code/fpo-control/manipulation_experiments/thirdparty/robosuite/robosuite/scripts/setup_macros.py (macros.py:59)
[robosuite WARNING] Could not import robosuite_models. Some robots may not be available. If you want to use these robots, please install robosuite_models from source (https://github.com/ARISE-Initiative/robosuite_models) or through pip install. (__init__.py:30)
[robosuite WARNING] Could not import robosuite_models. Some robots may not be available. If you want to use these robots, please install robosuite_models from source (https://github.com/ARISE-Initiative/robosuite_models) or through pip install. (__init__.py:30)
[robosuite WARNING] Could not import robosuite_models. Some robots may not be available. If you want to use these robots, please install robosuite_models from source (https://github.com/ARISE-Initiative/robosuite_models) or through pip install. (__init__.py:30)
[robosuite WARNING] Could not import robosuite_models. Some robots may not be available. If you want to use these robots, please install robosuite_models from source (https://github.com/ARISE-Initiative/robosuite_models) or through pip install. (__init__.py:30)
[robosuite WARNING] Could not import robosuite_models. Some robots may not be available. If you want to use these robots, please install robosuite_models from source (https://github.com/ARISE-Initiative/robosuite_models) or through pip install. (__init__.py:30)
[robosuite WARNING] Could not import robosuite_models. Some robots may not be available. If you want to use these robots, please install robosuite_models from source (https://github.com/ARISE-Initiative/robosuite_models) or through pip install. (__init__.py:30)
[robosuite WARNING] Could not import robosuite_models. Some robots may not be available. If you want to use these robots, please install robosuite_models from source (https://github.com/ARISE-Initiative/robosuite_models) or through pip install. (__init__.py:30)
[robosuite WARNING] Could not import robosuite_models. Some robots may not be available. If you want to use these robots, please install robosuite_models from source (https://github.com/ARISE-Initiative/robosuite_models) or through pip install. (__init__.py:30)
2026-08-09 13:41:22,510 | INFO | Video key: agentview
2026-08-09 13:41:22,510 | INFO | Using image observation keys: ['agentview']
[robosuite INFO] Loading controller configuration from: /mnt/data/users/haoyu/workspace/code/fpo-control/manipulation_experiments/thirdparty/robosuite/robosuite/controllers/config/robots/default_panda.json (composite_controller_factory.py:121)
2026-08-09 13:41:22,510 | INFO | Loading controller configuration from: /mnt/data/users/haoyu/workspace/code/fpo-control/manipulation_experiments/thirdparty/robosuite/robosuite/controllers/config/robots/default_panda.json
render_gpu_device_id: 1
2026-08-09 13:41:23,860 | INFO | Video key: agentview
2026-08-09 13:41:23,860 | INFO | Using image observation keys: ['agentview']
[robosuite INFO] Loading controller configuration from: /mnt/data/users/haoyu/workspace/code/fpo-control/manipulation_experiments/thirdparty/robosuite/robosuite/controllers/config/robots/default_panda.json (composite_controller_factory.py:121)
2026-08-09 13:41:23,861 | INFO | Loading controller configuration from: /mnt/data/users/haoyu/workspace/code/fpo-control/manipulation_experiments/thirdparty/robosuite/robosuite/controllers/config/robots/default_panda.json
render_gpu_device_id: 1
2026-08-09 13:41:24,061 | INFO | Video key: agentview
2026-08-09 13:41:24,061 | INFO | Using image observation keys: ['agentview']
[robosuite INFO] Loading controller configuration from: /mnt/data/users/haoyu/workspace/code/fpo-control/manipulation_experiments/thirdparty/robosuite/robosuite/controllers/config/robots/default_panda.json (composite_controller_factory.py:121)
2026-08-09 13:41:24,061 | INFO | Loading controller configuration from: /mnt/data/users/haoyu/workspace/code/fpo-control/manipulation_experiments/thirdparty/robosuite/robosuite/controllers/config/robots/default_panda.json
render_gpu_device_id: 1
2026-08-09 13:41:24,100 | INFO | Video key: agentview
2026-08-09 13:41:24,100 | INFO | Using image observation keys: ['agentview']
[robosuite INFO] Loading controller configuration from: /mnt/data/users/haoyu/workspace/code/fpo-control/manipulation_experiments/thirdparty/robosuite/robosuite/controllers/config/robots/default_panda.json (composite_controller_factory.py:121)
2026-08-09 13:41:24,101 | INFO | Loading controller configuration from: /mnt/data/users/haoyu/workspace/code/fpo-control/manipulation_experiments/thirdparty/robosuite/robosuite/controllers/config/robots/default_panda.json
render_gpu_device_id: 1
2026-08-09 13:41:24,217 | INFO | Video key: agentview
2026-08-09 13:41:24,217 | INFO | Using image observation keys: ['agentview']
[robosuite INFO] Loading controller configuration from: /mnt/data/users/haoyu/workspace/code/fpo-control/manipulation_experiments/thirdparty/robosuite/robosuite/controllers/config/robots/default_panda.json (composite_controller_factory.py:121)
2026-08-09 13:41:24,217 | INFO | Loading controller configuration from: /mnt/data/users/haoyu/workspace/code/fpo-control/manipulation_experiments/thirdparty/robosuite/robosuite/controllers/config/robots/default_panda.json
render_gpu_device_id: 1
2026-08-09 13:41:24,298 | INFO | Successfully created NutAssemblySquare environment via robosuite.make() with cameras at 84x84
2026-08-09 13:41:24,299 | INFO | Configured cameras: ['agentview']
2026-08-09 13:41:24,392 | INFO | Video key: agentview
2026-08-09 13:41:24,392 | INFO | Using image observation keys: ['agentview']
[robosuite INFO] Loading controller configuration from: /mnt/data/users/haoyu/workspace/code/fpo-control/manipulation_experiments/thirdparty/robosuite/robosuite/controllers/config/robots/default_panda.json (composite_controller_factory.py:121)
2026-08-09 13:41:24,392 | INFO | Loading controller configuration from: /mnt/data/users/haoyu/workspace/code/fpo-control/manipulation_experiments/thirdparty/robosuite/robosuite/controllers/config/robots/default_panda.json
render_gpu_device_id: 1
2026-08-09 13:41:24,422 | INFO | Video key: agentview
2026-08-09 13:41:24,422 | INFO | Using image observation keys: ['agentview']
[robosuite INFO] Loading controller configuration from: /mnt/data/users/haoyu/workspace/code/fpo-control/manipulation_experiments/thirdparty/robosuite/robosuite/controllers/config/robots/default_panda.json (composite_controller_factory.py:121)
2026-08-09 13:41:24,422 | INFO | Loading controller configuration from: /mnt/data/users/haoyu/workspace/code/fpo-control/manipulation_experiments/thirdparty/robosuite/robosuite/controllers/config/robots/default_panda.json
render_gpu_device_id: 1
2026-08-09 13:41:24,427 | INFO | Video key: agentview
2026-08-09 13:41:24,428 | INFO | Using image observation keys: ['agentview']
[robosuite INFO] Loading controller configuration from: /mnt/data/users/haoyu/workspace/code/fpo-control/manipulation_experiments/thirdparty/robosuite/robosuite/controllers/config/robots/default_panda.json (composite_controller_factory.py:121)
2026-08-09 13:41:24,428 | INFO | Loading controller configuration from: /mnt/data/users/haoyu/workspace/code/fpo-control/manipulation_experiments/thirdparty/robosuite/robosuite/controllers/config/robots/default_panda.json
render_gpu_device_id: 1
2026-08-09 13:41:25,728 | INFO | Successfully created NutAssemblySquare environment via robosuite.make() with cameras at 84x84
2026-08-09 13:41:25,729 | INFO | Configured cameras: ['agentview']
2026-08-09 13:41:25,901 | INFO | Successfully created NutAssemblySquare environment via robosuite.make() with cameras at 84x84
2026-08-09 13:41:25,901 | INFO | Configured cameras: ['agentview']
2026-08-09 13:41:25,923 | INFO | Successfully created NutAssemblySquare environment via robosuite.make() with cameras at 84x84
2026-08-09 13:41:25,923 | INFO | Configured cameras: ['agentview']
2026-08-09 13:41:26,047 | INFO | Successfully created NutAssemblySquare environment via robosuite.make() with cameras at 84x84
2026-08-09 13:41:26,047 | INFO | Configured cameras: ['agentview']
2026-08-09 13:41:26,212 | INFO | Successfully created NutAssemblySquare environment via robosuite.make() with cameras at 84x84
2026-08-09 13:41:26,212 | INFO | Configured cameras: ['agentview']
2026-08-09 13:41:26,286 | INFO | Successfully created NutAssemblySquare environment via robosuite.make() with cameras at 84x84
2026-08-09 13:41:26,286 | INFO | Configured cameras: ['agentview']
2026-08-09 13:41:26,317 | INFO | Successfully created NutAssemblySquare environment via robosuite.make() with cameras at 84x84
2026-08-09 13:41:26,317 | INFO | Configured cameras: ['agentview']
2026-08-09 13:41:27,442 | INFO | Created 8 vectorized Square environments
2026-08-09 13:41:27,443 | INFO | Set video key to 'agentview' for video recording
2026-08-09 13:41:28,473 | INFO | Created observation keys: ['observation.state', 'observation.images.agentview']
2026-08-09 13:41:28,508 | INFO | Created observation keys: ['observation.state', 'observation.images.agentview']
2026-08-09 13:41:28,509 | INFO | Created observation keys: ['observation.state', 'observation.images.agentview']
2026-08-09 13:41:28,513 | INFO | Created observation keys: ['observation.state', 'observation.images.agentview']
2026-08-09 13:41:28,519 | INFO | Created observation keys: ['observation.state', 'observation.images.agentview']
2026-08-09 13:41:28,523 | INFO | Created observation keys: ['observation.state', 'observation.images.agentview']
2026-08-09 13:41:28,528 | INFO | Created observation keys: ['observation.state', 'observation.images.agentview']
2026-08-09 13:41:28,540 | INFO | Created observation keys: ['observation.state', 'observation.images.agentview']
2026-08-09 13:42:03,772 | INFO | direction=6 seed=20261006 sign=-1 envs=8
num_visible_gpus: 1 [1] render_override: 1
2026-08-09 13:42:03,772 | INFO | Production mode: using gymnasium.vector.AsyncVectorEnv
2026-08-09 13:42:03,772 | INFO | Video key: agentview
2026-08-09 13:42:03,772 | INFO | Using image observation keys: ['agentview']
[robosuite INFO] Loading controller configuration from: /mnt/data/users/haoyu/workspace/code/fpo-control/manipulation_experiments/thirdparty/robosuite/robosuite/controllers/config/robots/default_panda.json (composite_controller_factory.py:121)
2026-08-09 13:42:03,773 | INFO | Loading controller configuration from: /mnt/data/users/haoyu/workspace/code/fpo-control/manipulation_experiments/thirdparty/robosuite/robosuite/controllers/config/robots/default_panda.json
render_gpu_device_id: 1
2026-08-09 13:42:04,524 | INFO | Successfully created NutAssemblySquare environment via robosuite.make() with cameras at 84x84
2026-08-09 13:42:04,525 | INFO | Configured cameras: ['agentview']
[robosuite WARNING] No private macro file found! (macros.py:57)
[robosuite WARNING] It is recommended to use a private macro file (macros.py:58)
[robosuite WARNING] To setup, run: python /mnt/data/users/haoyu/workspace/code/fpo-control/manipulation_experiments/thirdparty/robosuite/robosuite/scripts/setup_macros.py (macros.py:59)
[robosuite WARNING] No private macro file found! (macros.py:57)
[robosuite WARNING] It is recommended to use a private macro file (macros.py:58)
[robosuite WARNING] To setup, run: python /mnt/data/users/haoyu/workspace/code/fpo-control/manipulation_experiments/thirdparty/robosuite/robosuite/scripts/setup_macros.py (macros.py:59)
[robosuite WARNING] No private macro file found! (macros.py:57)
[robosuite WARNING] It is recommended to use a private macro file (macros.py:58)
[robosuite WARNING] To setup, run: python /mnt/data/users/haoyu/workspace/code/fpo-control/manipulation_experiments/thirdparty/robosuite/robosuite/scripts/setup_macros.py (macros.py:59)
[robosuite WARNING] No private macro file found! (macros.py:57)
[robosuite WARNING] It is recommended to use a private macro file (macros.py:58)
[robosuite WARNING] To setup, run: python /mnt/data/users/haoyu/workspace/code/fpo-control/manipulation_experiments/thirdparty/robosuite/robosuite/scripts/setup_macros.py (macros.py:59)
[robosuite WARNING] No private macro file found! (macros.py:57)
[robosuite WARNING] It is recommended to use a private macro file (macros.py:58)
[robosuite WARNING] To setup, run: python /mnt/data/users/haoyu/workspace/code/fpo-control/manipulation_experiments/thirdparty/robosuite/robosuite/scripts/setup_macros.py (macros.py:59)
[robosuite WARNING] No private macro file found! (macros.py:57)
[robosuite WARNING] It is recommended to use a private macro file (macros.py:58)
[robosuite WARNING] To setup, run: python /mnt/data/users/haoyu/workspace/code/fpo-control/manipulation_experiments/thirdparty/robosuite/robosuite/scripts/setup_macros.py (macros.py:59)
[robosuite WARNING] No private macro file found! (macros.py:57)
[robosuite WARNING] It is recommended to use a private macro file (macros.py:58)
[robosuite WARNING] To setup, run: python /mnt/data/users/haoyu/workspace/code/fpo-control/manipulation_experiments/thirdparty/robosuite/robosuite/scripts/setup_macros.py (macros.py:59)
[robosuite WARNING] No private macro file found! (macros.py:57)
[robosuite WARNING] It is recommended to use a private macro file (macros.py:58)
[robosuite WARNING] To setup, run: python /mnt/data/users/haoyu/workspace/code/fpo-control/manipulation_experiments/thirdparty/robosuite/robosuite/scripts/setup_macros.py (macros.py:59)
[robosuite WARNING] Could not import robosuite_models. Some robots may not be available. If you want to use these robots, please install robosuite_models from source (https://github.com/ARISE-Initiative/robosuite_models) or through pip install. (__init__.py:30)
[robosuite WARNING] Could not import robosuite_models. Some robots may not be available. If you want to use these robots, please install robosuite_models from source (https://github.com/ARISE-Initiative/robosuite_models) or through pip install. (__init__.py:30)
[robosuite WARNING] Could not import robosuite_models. Some robots may not be available. If you want to use these robots, please install robosuite_models from source (https://github.com/ARISE-Initiative/robosuite_models) or through pip install. (__init__.py:30)
[robosuite WARNING] Could not import robosuite_models. Some robots may not be available. If you want to use these robots, please install robosuite_models from source (https://github.com/ARISE-Initiative/robosuite_models) or through pip install. (__init__.py:30)
[robosuite WARNING] Could not import robosuite_models. Some robots may not be available. If you want to use these robots, please install robosuite_models from source (https://github.com/ARISE-Initiative/robosuite_models) or through pip install. (__init__.py:30)
[robosuite WARNING] Could not import robosuite_models. Some robots may not be available. If you want to use these robots, please install robosuite_models from source (https://github.com/ARISE-Initiative/robosuite_models) or through pip install. (__init__.py:30)
[robosuite WARNING] Could not import robosuite_models. Some robots may not be available. If you want to use these robots, please install robosuite_models from source (https://github.com/ARISE-Initiative/robosuite_models) or through pip install. (__init__.py:30)
[robosuite WARNING] Could not import robosuite_models. Some robots may not be available. If you want to use these robots, please install robosuite_models from source (https://github.com/ARISE-Initiative/robosuite_models) or through pip install. (__init__.py:30)
2026-08-09 13:42:12,711 | INFO | Video key: agentview
2026-08-09 13:42:12,711 | INFO | Using image observation keys: ['agentview']
[robosuite INFO] Loading controller configuration from: /mnt/data/users/haoyu/workspace/code/fpo-control/manipulation_experiments/thirdparty/robosuite/robosuite/controllers/config/robots/default_panda.json (composite_controller_factory.py:121)
2026-08-09 13:42:12,711 | INFO | Loading controller configuration from: /mnt/data/users/haoyu/workspace/code/fpo-control/manipulation_experiments/thirdparty/robosuite/robosuite/controllers/config/robots/default_panda.json
render_gpu_device_id: 1
2026-08-09 13:42:13,574 | INFO | Video key: agentview
2026-08-09 13:42:13,574 | INFO | Using image observation keys: ['agentview']
[robosuite INFO] Loading controller configuration from: /mnt/data/users/haoyu/workspace/code/fpo-control/manipulation_experiments/thirdparty/robosuite/robosuite/controllers/config/robots/default_panda.json (composite_controller_factory.py:121)
2026-08-09 13:42:13,574 | INFO | Loading controller configuration from: /mnt/data/users/haoyu/workspace/code/fpo-control/manipulation_experiments/thirdparty/robosuite/robosuite/controllers/config/robots/default_panda.json
render_gpu_device_id: 1
2026-08-09 13:42:14,204 | INFO | Video key: agentview
2026-08-09 13:42:14,205 | INFO | Using image observation keys: ['agentview']
[robosuite INFO] Loading controller configuration from: /mnt/data/users/haoyu/workspace/code/fpo-control/manipulation_experiments/thirdparty/robosuite/robosuite/controllers/config/robots/default_panda.json (composite_controller_factory.py:121)
2026-08-09 13:42:14,205 | INFO | Loading controller configuration from: /mnt/data/users/haoyu/workspace/code/fpo-control/manipulation_experiments/thirdparty/robosuite/robosuite/controllers/config/robots/default_panda.json
render_gpu_device_id: 1
2026-08-09 13:42:14,232 | INFO | Video key: agentview
2026-08-09 13:42:14,232 | INFO | Using image observation keys: ['agentview']
[robosuite INFO] Loading controller configuration from: /mnt/data/users/haoyu/workspace/code/fpo-control/manipulation_experiments/thirdparty/robosuite/robosuite/controllers/config/robots/default_panda.json (composite_controller_factory.py:121)
2026-08-09 13:42:14,232 | INFO | Loading controller configuration from: /mnt/data/users/haoyu/workspace/code/fpo-control/manipulation_experiments/thirdparty/robosuite/robosuite/controllers/config/robots/default_panda.json
render_gpu_device_id: 1
2026-08-09 13:42:14,261 | INFO | Video key: agentview
2026-08-09 13:42:14,262 | INFO | Using image observation keys: ['agentview']
[robosuite INFO] Loading controller configuration from: /mnt/data/users/haoyu/workspace/code/fpo-control/manipulation_experiments/thirdparty/robosuite/robosuite/controllers/config/robots/default_panda.json (composite_controller_factory.py:121)
2026-08-09 13:42:14,262 | INFO | Loading controller configuration from: /mnt/data/users/haoyu/workspace/code/fpo-control/manipulation_experiments/thirdparty/robosuite/robosuite/controllers/config/robots/default_panda.json
render_gpu_device_id: 1
2026-08-09 13:42:14,271 | INFO | Video key: agentview
2026-08-09 13:42:14,271 | INFO | Using image observation keys: ['agentview']
[robosuite INFO] Loading controller configuration from: /mnt/data/users/haoyu/workspace/code/fpo-control/manipulation_experiments/thirdparty/robosuite/robosuite/controllers/config/robots/default_panda.json (composite_controller_factory.py:121)
2026-08-09 13:42:14,271 | INFO | Loading controller configuration from: /mnt/data/users/haoyu/workspace/code/fpo-control/manipulation_experiments/thirdparty/robosuite/robosuite/controllers/config/robots/default_panda.json
render_gpu_device_id: 1
2026-08-09 13:42:14,283 | INFO | Video key: agentview
2026-08-09 13:42:14,283 | INFO | Using image observation keys: ['agentview']
[robosuite INFO] Loading controller configuration from: /mnt/data/users/haoyu/workspace/code/fpo-control/manipulation_experiments/thirdparty/robosuite/robosuite/controllers/config/robots/default_panda.json (composite_controller_factory.py:121)
2026-08-09 13:42:14,283 | INFO | Loading controller configuration from: /mnt/data/users/haoyu/workspace/code/fpo-control/manipulation_experiments/thirdparty/robosuite/robosuite/controllers/config/robots/default_panda.json
render_gpu_device_id: 1
2026-08-09 13:42:14,284 | INFO | Video key: agentview
2026-08-09 13:42:14,284 | INFO | Using image observation keys: ['agentview']
[robosuite INFO] Loading controller configuration from: /mnt/data/users/haoyu/workspace/code/fpo-control/manipulation_experiments/thirdparty/robosuite/robosuite/controllers/config/robots/default_panda.json (composite_controller_factory.py:121)
2026-08-09 13:42:14,284 | INFO | Loading controller configuration from: /mnt/data/users/haoyu/workspace/code/fpo-control/manipulation_experiments/thirdparty/robosuite/robosuite/controllers/config/robots/default_panda.json
render_gpu_device_id: 1
2026-08-09 13:42:14,505 | INFO | Successfully created NutAssemblySquare environment via robosuite.make() with cameras at 84x84
2026-08-09 13:42:14,505 | INFO | Configured cameras: ['agentview']
2026-08-09 13:42:15,408 | INFO | Successfully created NutAssemblySquare environment via robosuite.make() with cameras at 84x84
2026-08-09 13:42:15,408 | INFO | Configured cameras: ['agentview']
2026-08-09 13:42:16,067 | INFO | Successfully created NutAssemblySquare environment via robosuite.make() with cameras at 84x84
2026-08-09 13:42:16,067 | INFO | Configured cameras: ['agentview']
2026-08-09 13:42:16,067 | INFO | Successfully created NutAssemblySquare environment via robosuite.make() with cameras at 84x84
2026-08-09 13:42:16,067 | INFO | Configured cameras: ['agentview']
2026-08-09 13:42:16,120 | INFO | Successfully created NutAssemblySquare environment via robosuite.make() with cameras at 84x84
2026-08-09 13:42:16,120 | INFO | Configured cameras: ['agentview']
2026-08-09 13:42:16,136 | INFO | Successfully created NutAssemblySquare environment via robosuite.make() with cameras at 84x84
2026-08-09 13:42:16,136 | INFO | Configured cameras: ['agentview']
2026-08-09 13:42:16,161 | INFO | Successfully created NutAssemblySquare environment via robosuite.make() with cameras at 84x84
2026-08-09 13:42:16,162 | INFO | Configured cameras: ['agentview']
2026-08-09 13:42:16,168 | INFO | Successfully created NutAssemblySquare environment via robosuite.make() with cameras at 84x84
2026-08-09 13:42:16,168 | INFO | Configured cameras: ['agentview']
2026-08-09 13:42:17,325 | INFO | Created 8 vectorized Square environments
2026-08-09 13:42:17,325 | INFO | Set video key to 'agentview' for video recording
2026-08-09 13:42:18,373 | INFO | Created observation keys: ['observation.state', 'observation.images.agentview']
2026-08-09 13:42:18,398 | INFO | Created observation keys: ['observation.state', 'observation.images.agentview']
2026-08-09 13:42:18,417 | INFO | Created observation keys: ['observation.state', 'observation.images.agentview']
2026-08-09 13:42:18,423 | INFO | Created observation keys: ['observation.state', 'observation.images.agentview']
2026-08-09 13:42:18,434 | INFO | Created observation keys: ['observation.state', 'observation.images.agentview']
2026-08-09 13:42:18,446 | INFO | Created observation keys: ['observation.state', 'observation.images.agentview']
2026-08-09 13:42:18,453 | INFO | Created observation keys: ['observation.state', 'observation.images.agentview']
2026-08-09 13:42:18,540 | INFO | Created observation keys: ['observation.state', 'observation.images.agentview']
2026-08-09 13:42:56,178 | INFO | direction=6 seed=20261006 sign=+1 envs=8
num_visible_gpus: 1 [1] render_override: 1
2026-08-09 13:42:56,178 | INFO | Production mode: using gymnasium.vector.AsyncVectorEnv
2026-08-09 13:42:56,179 | INFO | Video key: agentview
2026-08-09 13:42:56,179 | INFO | Using image observation keys: ['agentview']
[robosuite INFO] Loading controller configuration from: /mnt/data/users/haoyu/workspace/code/fpo-control/manipulation_experiments/thirdparty/robosuite/robosuite/controllers/config/robots/default_panda.json (composite_controller_factory.py:121)
2026-08-09 13:42:56,179 | INFO | Loading controller configuration from: /mnt/data/users/haoyu/workspace/code/fpo-control/manipulation_experiments/thirdparty/robosuite/robosuite/controllers/config/robots/default_panda.json
render_gpu_device_id: 1
2026-08-09 13:42:57,101 | INFO | Successfully created NutAssemblySquare environment via robosuite.make() with cameras at 84x84
2026-08-09 13:42:57,102 | INFO | Configured cameras: ['agentview']
[robosuite WARNING] No private macro file found! (macros.py:57)
[robosuite WARNING] It is recommended to use a private macro file (macros.py:58)
[robosuite WARNING] To setup, run: python /mnt/data/users/haoyu/workspace/code/fpo-control/manipulation_experiments/thirdparty/robosuite/robosuite/scripts/setup_macros.py (macros.py:59)
[robosuite WARNING] No private macro file found! (macros.py:57)
[robosuite WARNING] It is recommended to use a private macro file (macros.py:58)
[robosuite WARNING] To setup, run: python /mnt/data/users/haoyu/workspace/code/fpo-control/manipulation_experiments/thirdparty/robosuite/robosuite/scripts/setup_macros.py (macros.py:59)
[robosuite WARNING] No private macro file found! (macros.py:57)
[robosuite WARNING] It is recommended to use a private macro file (macros.py:58)
[robosuite WARNING] To setup, run: python /mnt/data/users/haoyu/workspace/code/fpo-control/manipulation_experiments/thirdparty/robosuite/robosuite/scripts/setup_macros.py (macros.py:59)
[robosuite WARNING] No private macro file found! (macros.py:57)
[robosuite WARNING] It is recommended to use a private macro file (macros.py:58)
[robosuite WARNING] To setup, run: python /mnt/data/users/haoyu/workspace/code/fpo-control/manipulation_experiments/thirdparty/robosuite/robosuite/scripts/setup_macros.py (macros.py:59)
[robosuite WARNING] No private macro file found! (macros.py:57)
[robosuite WARNING] It is recommended to use a private macro file (macros.py:58)
[robosuite WARNING] To setup, run: python /mnt/data/users/haoyu/workspace/code/fpo-control/manipulation_experiments/thirdparty/robosuite/robosuite/scripts/setup_macros.py (macros.py:59)
[robosuite WARNING] No private macro file found! (macros.py:57)
[robosuite WARNING] It is recommended to use a private macro file (macros.py:58)
[robosuite WARNING] To setup, run: python /mnt/data/users/haoyu/workspace/code/fpo-control/manipulation_experiments/thirdparty/robosuite/robosuite/scripts/setup_macros.py (macros.py:59)
[robosuite WARNING] No private macro file found! (macros.py:57)
[robosuite WARNING] It is recommended to use a private macro file (macros.py:58)
[robosuite WARNING] To setup, run: python /mnt/data/users/haoyu/workspace/code/fpo-control/manipulation_experiments/thirdparty/robosuite/robosuite/scripts/setup_macros.py (macros.py:59)
[robosuite WARNING] No private macro file found! (macros.py:57)
[robosuite WARNING] It is recommended to use a private macro file (macros.py:58)
[robosuite WARNING] To setup, run: python /mnt/data/users/haoyu/workspace/code/fpo-control/manipulation_experiments/thirdparty/robosuite/robosuite/scripts/setup_macros.py (macros.py:59)
[robosuite WARNING] Could not import robosuite_models. Some robots may not be available. If you want to use these robots, please install robosuite_models from source (https://github.com/ARISE-Initiative/robosuite_models) or through pip install. (__init__.py:30)
[robosuite WARNING] Could not import robosuite_models. Some robots may not be available. If you want to use these robots, please install robosuite_models from source (https://github.com/ARISE-Initiative/robosuite_models) or through pip install. (__init__.py:30)
[robosuite WARNING] Could not import robosuite_models. Some robots may not be available. If you want to use these robots, please install robosuite_models from source (https://github.com/ARISE-Initiative/robosuite_models) or through pip install. (__init__.py:30)
[robosuite WARNING] Could not import robosuite_models. Some robots may not be available. If you want to use these robots, please install robosuite_models from source (https://github.com/ARISE-Initiative/robosuite_models) or through pip install. (__init__.py:30)
[robosuite WARNING] Could not import robosuite_models. Some robots may not be available. If you want to use these robots, please install robosuite_models from source (https://github.com/ARISE-Initiative/robosuite_models) or through pip install. (__init__.py:30)
[robosuite WARNING] Could not import robosuite_models. Some robots may not be available. If you want to use these robots, please install robosuite_models from source (https://github.com/ARISE-Initiative/robosuite_models) or through pip install. (__init__.py:30)
[robosuite WARNING] Could not import robosuite_models. Some robots may not be available. If you want to use these robots, please install robosuite_models from source (https://github.com/ARISE-Initiative/robosuite_models) or through pip install. (__init__.py:30)
[robosuite WARNING] Could not import robosuite_models. Some robots may not be available. If you want to use these robots, please install robosuite_models from source (https://github.com/ARISE-Initiative/robosuite_models) or through pip install. (__init__.py:30)
2026-08-09 13:43:04,523 | INFO | Video key: agentview
2026-08-09 13:43:04,523 | INFO | Using image observation keys: ['agentview']
[robosuite INFO] Loading controller configuration from: /mnt/data/users/haoyu/workspace/code/fpo-control/manipulation_experiments/thirdparty/robosuite/robosuite/controllers/config/robots/default_panda.json (composite_controller_factory.py:121)
2026-08-09 13:43:04,524 | INFO | Loading controller configuration from: /mnt/data/users/haoyu/workspace/code/fpo-control/manipulation_experiments/thirdparty/robosuite/robosuite/controllers/config/robots/default_panda.json
render_gpu_device_id: 1
2026-08-09 13:43:05,881 | INFO | Video key: agentview
2026-08-09 13:43:05,881 | INFO | Using image observation keys: ['agentview']
[robosuite INFO] Loading controller configuration from: /mnt/data/users/haoyu/workspace/code/fpo-control/manipulation_experiments/thirdparty/robosuite/robosuite/controllers/config/robots/default_panda.json (composite_controller_factory.py:121)
2026-08-09 13:43:05,881 | INFO | Loading controller configuration from: /mnt/data/users/haoyu/workspace/code/fpo-control/manipulation_experiments/thirdparty/robosuite/robosuite/controllers/config/robots/default_panda.json
render_gpu_device_id: 1
2026-08-09 13:43:06,096 | INFO | Video key: agentview
2026-08-09 13:43:06,096 | INFO | Using image observation keys: ['agentview']
[robosuite INFO] Loading controller configuration from: /mnt/data/users/haoyu/workspace/code/fpo-control/manipulation_experiments/thirdparty/robosuite/robosuite/controllers/config/robots/default_panda.json (composite_controller_factory.py:121)
2026-08-09 13:43:06,096 | INFO | Loading controller configuration from: /mnt/data/users/haoyu/workspace/code/fpo-control/manipulation_experiments/thirdparty/robosuite/robosuite/controllers/config/robots/default_panda.json
render_gpu_device_id: 1
2026-08-09 13:43:06,235 | INFO | Video key: agentview
2026-08-09 13:43:06,235 | INFO | Using image observation keys: ['agentview']
[robosuite INFO] Loading controller configuration from: /mnt/data/users/haoyu/workspace/code/fpo-control/manipulation_experiments/thirdparty/robosuite/robosuite/controllers/config/robots/default_panda.json (composite_controller_factory.py:121)
2026-08-09 13:43:06,235 | INFO | Loading controller configuration from: /mnt/data/users/haoyu/workspace/code/fpo-control/manipulation_experiments/thirdparty/robosuite/robosuite/controllers/config/robots/default_panda.json
render_gpu_device_id: 1
2026-08-09 13:43:06,247 | INFO | Video key: agentview
2026-08-09 13:43:06,247 | INFO | Using image observation keys: ['agentview']
[robosuite INFO] Loading controller configuration from: /mnt/data/users/haoyu/workspace/code/fpo-control/manipulation_experiments/thirdparty/robosuite/robosuite/controllers/config/robots/default_panda.json (composite_controller_factory.py:121)
2026-08-09 13:43:06,248 | INFO | Loading controller configuration from: /mnt/data/users/haoyu/workspace/code/fpo-control/manipulation_experiments/thirdparty/robosuite/robosuite/controllers/config/robots/default_panda.json
render_gpu_device_id: 1
2026-08-09 13:43:06,319 | INFO | Successfully created NutAssemblySquare environment via robosuite.make() with cameras at 84x84
2026-08-09 13:43:06,319 | INFO | Configured cameras: ['agentview']
2026-08-09 13:43:06,384 | INFO | Video key: agentview
2026-08-09 13:43:06,384 | INFO | Using image observation keys: ['agentview']
[robosuite INFO] Loading controller configuration from: /mnt/data/users/haoyu/workspace/code/fpo-control/manipulation_experiments/thirdparty/robosuite/robosuite/controllers/config/robots/default_panda.json (composite_controller_factory.py:121)
2026-08-09 13:43:06,384 | INFO | Loading controller configuration from: /mnt/data/users/haoyu/workspace/code/fpo-control/manipulation_experiments/thirdparty/robosuite/robosuite/controllers/config/robots/default_panda.json
render_gpu_device_id: 1
2026-08-09 13:43:06,422 | INFO | Video key: agentview
2026-08-09 13:43:06,422 | INFO | Using image observation keys: ['agentview']
[robosuite INFO] Loading controller configuration from: /mnt/data/users/haoyu/workspace/code/fpo-control/manipulation_experiments/thirdparty/robosuite/robosuite/controllers/config/robots/default_panda.json (composite_controller_factory.py:121)
2026-08-09 13:43:06,422 | INFO | Loading controller configuration from: /mnt/data/users/haoyu/workspace/code/fpo-control/manipulation_experiments/thirdparty/robosuite/robosuite/controllers/config/robots/default_panda.json
render_gpu_device_id: 1
2026-08-09 13:43:06,438 | INFO | Video key: agentview
2026-08-09 13:43:06,438 | INFO | Using image observation keys: ['agentview']
[robosuite INFO] Loading controller configuration from: /mnt/data/users/haoyu/workspace/code/fpo-control/manipulation_experiments/thirdparty/robosuite/robosuite/controllers/config/robots/default_panda.json (composite_controller_factory.py:121)
2026-08-09 13:43:06,438 | INFO | Loading controller configuration from: /mnt/data/users/haoyu/workspace/code/fpo-control/manipulation_experiments/thirdparty/robosuite/robosuite/controllers/config/robots/default_panda.json
render_gpu_device_id: 1
2026-08-09 13:43:07,696 | INFO | Successfully created NutAssemblySquare environment via robosuite.make() with cameras at 84x84
2026-08-09 13:43:07,697 | INFO | Configured cameras: ['agentview']
2026-08-09 13:43:07,921 | INFO | Successfully created NutAssemblySquare environment via robosuite.make() with cameras at 84x84
2026-08-09 13:43:07,921 | INFO | Configured cameras: ['agentview']
2026-08-09 13:43:08,086 | INFO | Successfully created NutAssemblySquare environment via robosuite.make() with cameras at 84x84
2026-08-09 13:43:08,087 | INFO | Configured cameras: ['agentview']
2026-08-09 13:43:08,132 | INFO | Successfully created NutAssemblySquare environment via robosuite.make() with cameras at 84x84
2026-08-09 13:43:08,133 | INFO | Configured cameras: ['agentview']
2026-08-09 13:43:08,193 | INFO | Successfully created NutAssemblySquare environment via robosuite.make() with cameras at 84x84
2026-08-09 13:43:08,193 | INFO | Configured cameras: ['agentview']
2026-08-09 13:43:08,283 | INFO | Successfully created NutAssemblySquare environment via robosuite.make() with cameras at 84x84
2026-08-09 13:43:08,283 | INFO | Configured cameras: ['agentview']
2026-08-09 13:43:08,286 | INFO | Successfully created NutAssemblySquare environment via robosuite.make() with cameras at 84x84
2026-08-09 13:43:08,286 | INFO | Configured cameras: ['agentview']
2026-08-09 13:43:09,447 | INFO | Created 8 vectorized Square environments
2026-08-09 13:43:09,447 | INFO | Set video key to 'agentview' for video recording
2026-08-09 13:43:10,488 | INFO | Created observation keys: ['observation.state', 'observation.images.agentview']
2026-08-09 13:43:10,495 | INFO | Created observation keys: ['observation.state', 'observation.images.agentview']
2026-08-09 13:43:10,551 | INFO | Created observation keys: ['observation.state', 'observation.images.agentview']
2026-08-09 13:43:10,553 | INFO | Created observation keys: ['observation.state', 'observation.images.agentview']
2026-08-09 13:43:10,554 | INFO | Created observation keys: ['observation.state', 'observation.images.agentview']
2026-08-09 13:43:10,592 | INFO | Created observation keys: ['observation.state', 'observation.images.agentview']
2026-08-09 13:43:10,596 | INFO | Created observation keys: ['observation.state', 'observation.images.agentview']
2026-08-09 13:43:10,615 | INFO | Created observation keys: ['observation.state', 'observation.images.agentview']
2026-08-09 13:43:46,421 | INFO | direction=7 seed=20261007 sign=-1 envs=8
num_visible_gpus: 1 [1] render_override: 1
2026-08-09 13:43:46,421 | INFO | Production mode: using gymnasium.vector.AsyncVectorEnv
2026-08-09 13:43:46,422 | INFO | Video key: agentview
2026-08-09 13:43:46,422 | INFO | Using image observation keys: ['agentview']
[robosuite INFO] Loading controller configuration from: /mnt/data/users/haoyu/workspace/code/fpo-control/manipulation_experiments/thirdparty/robosuite/robosuite/controllers/config/robots/default_panda.json (composite_controller_factory.py:121)
2026-08-09 13:43:46,422 | INFO | Loading controller configuration from: /mnt/data/users/haoyu/workspace/code/fpo-control/manipulation_experiments/thirdparty/robosuite/robosuite/controllers/config/robots/default_panda.json
render_gpu_device_id: 1
2026-08-09 13:43:47,317 | INFO | Successfully created NutAssemblySquare environment via robosuite.make() with cameras at 84x84
2026-08-09 13:43:47,317 | INFO | Configured cameras: ['agentview']
[robosuite WARNING] No private macro file found! (macros.py:57)
[robosuite WARNING] It is recommended to use a private macro file (macros.py:58)
[robosuite WARNING] To setup, run: python /mnt/data/users/haoyu/workspace/code/fpo-control/manipulation_experiments/thirdparty/robosuite/robosuite/scripts/setup_macros.py (macros.py:59)
[robosuite WARNING] No private macro file found! (macros.py:57)
[robosuite WARNING] It is recommended to use a private macro file (macros.py:58)
[robosuite WARNING] To setup, run: python /mnt/data/users/haoyu/workspace/code/fpo-control/manipulation_experiments/thirdparty/robosuite/robosuite/scripts/setup_macros.py (macros.py:59)
[robosuite WARNING] No private macro file found! (macros.py:57)
[robosuite WARNING] It is recommended to use a private macro file (macros.py:58)
[robosuite WARNING] To setup, run: python /mnt/data/users/haoyu/workspace/code/fpo-control/manipulation_experiments/thirdparty/robosuite/robosuite/scripts/setup_macros.py (macros.py:59)
[robosuite WARNING] No private macro file found! (macros.py:57)
[robosuite WARNING] It is recommended to use a private macro file (macros.py:58)
[robosuite WARNING] To setup, run: python /mnt/data/users/haoyu/workspace/code/fpo-control/manipulation_experiments/thirdparty/robosuite/robosuite/scripts/setup_macros.py (macros.py:59)
[robosuite WARNING] No private macro file found! (macros.py:57)
[robosuite WARNING] It is recommended to use a private macro file (macros.py:58)
[robosuite WARNING] To setup, run: python /mnt/data/users/haoyu/workspace/code/fpo-control/manipulation_experiments/thirdparty/robosuite/robosuite/scripts/setup_macros.py (macros.py:59)
[robosuite WARNING] No private macro file found! (macros.py:57)
[robosuite WARNING] It is recommended to use a private macro file (macros.py:58)
[robosuite WARNING] To setup, run: python /mnt/data/users/haoyu/workspace/code/fpo-control/manipulation_experiments/thirdparty/robosuite/robosuite/scripts/setup_macros.py (macros.py:59)
[robosuite WARNING] No private macro file found! (macros.py:57)
[robosuite WARNING] It is recommended to use a private macro file (macros.py:58)
[robosuite WARNING] To setup, run: python /mnt/data/users/haoyu/workspace/code/fpo-control/manipulation_experiments/thirdparty/robosuite/robosuite/scripts/setup_macros.py (macros.py:59)
[robosuite WARNING] No private macro file found! (macros.py:57)
[robosuite WARNING] It is recommended to use a private macro file (macros.py:58)
[robosuite WARNING] To setup, run: python /mnt/data/users/haoyu/workspace/code/fpo-control/manipulation_experiments/thirdparty/robosuite/robosuite/scripts/setup_macros.py (macros.py:59)
[robosuite WARNING] Could not import robosuite_models. Some robots may not be available. If you want to use these robots, please install robosuite_models from source (https://github.com/ARISE-Initiative/robosuite_models) or through pip install. (__init__.py:30)
[robosuite WARNING] Could not import robosuite_models. Some robots may not be available. If you want to use these robots, please install robosuite_models from source (https://github.com/ARISE-Initiative/robosuite_models) or through pip install. (__init__.py:30)
[robosuite WARNING] Could not import robosuite_models. Some robots may not be available. If you want to use these robots, please install robosuite_models from source (https://github.com/ARISE-Initiative/robosuite_models) or through pip install. (__init__.py:30)
[robosuite WARNING] Could not import robosuite_models. Some robots may not be available. If you want to use these robots, please install robosuite_models from source (https://github.com/ARISE-Initiative/robosuite_models) or through pip install. (__init__.py:30)
[robosuite WARNING] Could not import robosuite_models. Some robots may not be available. If you want to use these robots, please install robosuite_models from source (https://github.com/ARISE-Initiative/robosuite_models) or through pip install. (__init__.py:30)
[robosuite WARNING] Could not import robosuite_models. Some robots may not be available. If you want to use these robots, please install robosuite_models from source (https://github.com/ARISE-Initiative/robosuite_models) or through pip install. (__init__.py:30)
[robosuite WARNING] Could not import robosuite_models. Some robots may not be available. If you want to use these robots, please install robosuite_models from source (https://github.com/ARISE-Initiative/robosuite_models) or through pip install. (__init__.py:30)
[robosuite WARNING] Could not import robosuite_models. Some robots may not be available. If you want to use these robots, please install robosuite_models from source (https://github.com/ARISE-Initiative/robosuite_models) or through pip install. (__init__.py:30)
2026-08-09 13:43:54,700 | INFO | Video key: agentview
2026-08-09 13:43:54,700 | INFO | Using image observation keys: ['agentview']
[robosuite INFO] Loading controller configuration from: /mnt/data/users/haoyu/workspace/code/fpo-control/manipulation_experiments/thirdparty/robosuite/robosuite/controllers/config/robots/default_panda.json (composite_controller_factory.py:121)
2026-08-09 13:43:54,700 | INFO | Loading controller configuration from: /mnt/data/users/haoyu/workspace/code/fpo-control/manipulation_experiments/thirdparty/robosuite/robosuite/controllers/config/robots/default_panda.json
render_gpu_device_id: 1
2026-08-09 13:43:55,184 | INFO | Video key: agentview
2026-08-09 13:43:55,184 | INFO | Using image observation keys: ['agentview']
[robosuite INFO] Loading controller configuration from: /mnt/data/users/haoyu/workspace/code/fpo-control/manipulation_experiments/thirdparty/robosuite/robosuite/controllers/config/robots/default_panda.json (composite_controller_factory.py:121)
2026-08-09 13:43:55,184 | INFO | Loading controller configuration from: /mnt/data/users/haoyu/workspace/code/fpo-control/manipulation_experiments/thirdparty/robosuite/robosuite/controllers/config/robots/default_panda.json
render_gpu_device_id: 1
2026-08-09 13:43:55,735 | INFO | Video key: agentview
2026-08-09 13:43:55,735 | INFO | Using image observation keys: ['agentview']
[robosuite INFO] Loading controller configuration from: /mnt/data/users/haoyu/workspace/code/fpo-control/manipulation_experiments/thirdparty/robosuite/robosuite/controllers/config/robots/default_panda.json (composite_controller_factory.py:121)
2026-08-09 13:43:55,735 | INFO | Loading controller configuration from: /mnt/data/users/haoyu/workspace/code/fpo-control/manipulation_experiments/thirdparty/robosuite/robosuite/controllers/config/robots/default_panda.json
render_gpu_device_id: 1
2026-08-09 13:43:55,834 | INFO | Video key: agentview
2026-08-09 13:43:55,834 | INFO | Using image observation keys: ['agentview']
[robosuite INFO] Loading controller configuration from: /mnt/data/users/haoyu/workspace/code/fpo-control/manipulation_experiments/thirdparty/robosuite/robosuite/controllers/config/robots/default_panda.json (composite_controller_factory.py:121)
2026-08-09 13:43:55,835 | INFO | Loading controller configuration from: /mnt/data/users/haoyu/workspace/code/fpo-control/manipulation_experiments/thirdparty/robosuite/robosuite/controllers/config/robots/default_panda.json
render_gpu_device_id: 1
2026-08-09 13:43:56,446 | INFO | Video key: agentview
2026-08-09 13:43:56,447 | INFO | Using image observation keys: ['agentview']
[robosuite INFO] Loading controller configuration from: /mnt/data/users/haoyu/workspace/code/fpo-control/manipulation_experiments/thirdparty/robosuite/robosuite/controllers/config/robots/default_panda.json (composite_controller_factory.py:121)
2026-08-09 13:43:56,447 | INFO | Loading controller configuration from: /mnt/data/users/haoyu/workspace/code/fpo-control/manipulation_experiments/thirdparty/robosuite/robosuite/controllers/config/robots/default_panda.json
render_gpu_device_id: 1
2026-08-09 13:43:56,449 | INFO | Video key: agentview
2026-08-09 13:43:56,449 | INFO | Using image observation keys: ['agentview']
[robosuite INFO] Loading controller configuration from: /mnt/data/users/haoyu/workspace/code/fpo-control/manipulation_experiments/thirdparty/robosuite/robosuite/controllers/config/robots/default_panda.json (composite_controller_factory.py:121)
2026-08-09 13:43:56,449 | INFO | Loading controller configuration from: /mnt/data/users/haoyu/workspace/code/fpo-control/manipulation_experiments/thirdparty/robosuite/robosuite/controllers/config/robots/default_panda.json
render_gpu_device_id: 1
2026-08-09 13:43:56,458 | INFO | Video key: agentview
2026-08-09 13:43:56,459 | INFO | Using image observation keys: ['agentview']
[robosuite INFO] Loading controller configuration from: /mnt/data/users/haoyu/workspace/code/fpo-control/manipulation_experiments/thirdparty/robosuite/robosuite/controllers/config/robots/default_panda.json (composite_controller_factory.py:121)
2026-08-09 13:43:56,459 | INFO | Loading controller configuration from: /mnt/data/users/haoyu/workspace/code/fpo-control/manipulation_experiments/thirdparty/robosuite/robosuite/controllers/config/robots/default_panda.json
render_gpu_device_id: 1
2026-08-09 13:43:56,464 | INFO | Video key: agentview
2026-08-09 13:43:56,464 | INFO | Using image observation keys: ['agentview']
[robosuite INFO] Loading controller configuration from: /mnt/data/users/haoyu/workspace/code/fpo-control/manipulation_experiments/thirdparty/robosuite/robosuite/controllers/config/robots/default_panda.json (composite_controller_factory.py:121)
2026-08-09 13:43:56,464 | INFO | Loading controller configuration from: /mnt/data/users/haoyu/workspace/code/fpo-control/manipulation_experiments/thirdparty/robosuite/robosuite/controllers/config/robots/default_panda.json
render_gpu_device_id: 1
2026-08-09 13:43:56,517 | INFO | Successfully created NutAssemblySquare environment via robosuite.make() with cameras at 84x84
2026-08-09 13:43:56,517 | INFO | Configured cameras: ['agentview']
2026-08-09 13:43:57,058 | INFO | Successfully created NutAssemblySquare environment via robosuite.make() with cameras at 84x84
2026-08-09 13:43:57,058 | INFO | Configured cameras: ['agentview']
2026-08-09 13:43:57,543 | INFO | Successfully created NutAssemblySquare environment via robosuite.make() with cameras at 84x84
2026-08-09 13:43:57,543 | INFO | Configured cameras: ['agentview']
2026-08-09 13:43:57,683 | INFO | Successfully created NutAssemblySquare environment via robosuite.make() with cameras at 84x84
2026-08-09 13:43:57,683 | INFO | Configured cameras: ['agentview']
2026-08-09 13:43:58,242 | INFO | Successfully created NutAssemblySquare environment via robosuite.make() with cameras at 84x84
2026-08-09 13:43:58,242 | INFO | Configured cameras: ['agentview']
2026-08-09 13:43:58,248 | INFO | Successfully created NutAssemblySquare environment via robosuite.make() with cameras at 84x84
2026-08-09 13:43:58,248 | INFO | Configured cameras: ['agentview']
2026-08-09 13:43:58,288 | INFO | Successfully created NutAssemblySquare environment via robosuite.make() with cameras at 84x84
2026-08-09 13:43:58,288 | INFO | Configured cameras: ['agentview']
2026-08-09 13:43:58,331 | INFO | Successfully created NutAssemblySquare environment via robosuite.make() with cameras at 84x84
2026-08-09 13:43:58,331 | INFO | Configured cameras: ['agentview']
2026-08-09 13:43:59,434 | INFO | Created 8 vectorized Square environments
2026-08-09 13:43:59,434 | INFO | Set video key to 'agentview' for video recording
2026-08-09 13:44:00,463 | INFO | Created observation keys: ['observation.state', 'observation.images.agentview']
2026-08-09 13:44:00,483 | INFO | Created observation keys: ['observation.state', 'observation.images.agentview']
2026-08-09 13:44:00,484 | INFO | Created observation keys: ['observation.state', 'observation.images.agentview']
2026-08-09 13:44:00,497 | INFO | Created observation keys: ['observation.state', 'observation.images.agentview']
2026-08-09 13:44:00,504 | INFO | Created observation keys: ['observation.state', 'observation.images.agentview']
2026-08-09 13:44:00,521 | INFO | Created observation keys: ['observation.state', 'observation.images.agentview']
2026-08-09 13:44:00,542 | INFO | Created observation keys: ['observation.state', 'observation.images.agentview']
2026-08-09 13:44:00,576 | INFO | Created observation keys: ['observation.state', 'observation.images.agentview']
2026-08-09 13:44:37,290 | INFO | direction=7 seed=20261007 sign=+1 envs=8
num_visible_gpus: 1 [1] render_override: 1
2026-08-09 13:44:37,290 | INFO | Production mode: using gymnasium.vector.AsyncVectorEnv
2026-08-09 13:44:37,290 | INFO | Video key: agentview
2026-08-09 13:44:37,290 | INFO | Using image observation keys: ['agentview']
[robosuite INFO] Loading controller configuration from: /mnt/data/users/haoyu/workspace/code/fpo-control/manipulation_experiments/thirdparty/robosuite/robosuite/controllers/config/robots/default_panda.json (composite_controller_factory.py:121)
2026-08-09 13:44:37,291 | INFO | Loading controller configuration from: /mnt/data/users/haoyu/workspace/code/fpo-control/manipulation_experiments/thirdparty/robosuite/robosuite/controllers/config/robots/default_panda.json
render_gpu_device_id: 1
2026-08-09 13:44:38,192 | INFO | Successfully created NutAssemblySquare environment via robosuite.make() with cameras at 84x84
2026-08-09 13:44:38,192 | INFO | Configured cameras: ['agentview']
[robosuite WARNING] No private macro file found! (macros.py:57)
[robosuite WARNING] It is recommended to use a private macro file (macros.py:58)
[robosuite WARNING] To setup, run: python /mnt/data/users/haoyu/workspace/code/fpo-control/manipulation_experiments/thirdparty/robosuite/robosuite/scripts/setup_macros.py (macros.py:59)
[robosuite WARNING] No private macro file found! (macros.py:57)
[robosuite WARNING] It is recommended to use a private macro file (macros.py:58)
[robosuite WARNING] To setup, run: python /mnt/data/users/haoyu/workspace/code/fpo-control/manipulation_experiments/thirdparty/robosuite/robosuite/scripts/setup_macros.py (macros.py:59)
[robosuite WARNING] No private macro file found! (macros.py:57)
[robosuite WARNING] It is recommended to use a private macro file (macros.py:58)
[robosuite WARNING] To setup, run: python /mnt/data/users/haoyu/workspace/code/fpo-control/manipulation_experiments/thirdparty/robosuite/robosuite/scripts/setup_macros.py (macros.py:59)
[robosuite WARNING] No private macro file found! (macros.py:57)
[robosuite WARNING] It is recommended to use a private macro file (macros.py:58)
[robosuite WARNING] To setup, run: python /mnt/data/users/haoyu/workspace/code/fpo-control/manipulation_experiments/thirdparty/robosuite/robosuite/scripts/setup_macros.py (macros.py:59)
[robosuite WARNING] No private macro file found! (macros.py:57)
[robosuite WARNING] No private macro file found! (macros.py:57)
[robosuite WARNING] It is recommended to use a private macro file (macros.py:58)
[robosuite WARNING] It is recommended to use a private macro file (macros.py:58)
[robosuite WARNING] To setup, run: python /mnt/data/users/haoyu/workspace/code/fpo-control/manipulation_experiments/thirdparty/robosuite/robosuite/scripts/setup_macros.py (macros.py:59)
[robosuite WARNING] To setup, run: python /mnt/data/users/haoyu/workspace/code/fpo-control/manipulation_experiments/thirdparty/robosuite/robosuite/scripts/setup_macros.py (macros.py:59)
[robosuite WARNING] No private macro file found! (macros.py:57)
[robosuite WARNING] It is recommended to use a private macro file (macros.py:58)
[robosuite WARNING] To setup, run: python /mnt/data/users/haoyu/workspace/code/fpo-control/manipulation_experiments/thirdparty/robosuite/robosuite/scripts/setup_macros.py (macros.py:59)
[robosuite WARNING] No private macro file found! (macros.py:57)
[robosuite WARNING] It is recommended to use a private macro file (macros.py:58)
[robosuite WARNING] To setup, run: python /mnt/data/users/haoyu/workspace/code/fpo-control/manipulation_experiments/thirdparty/robosuite/robosuite/scripts/setup_macros.py (macros.py:59)
[robosuite WARNING] Could not import robosuite_models. Some robots may not be available. If you want to use these robots, please install robosuite_models from source (https://github.com/ARISE-Initiative/robosuite_models) or through pip install. (__init__.py:30)
[robosuite WARNING] Could not import robosuite_models. Some robots may not be available. If you want to use these robots, please install robosuite_models from source (https://github.com/ARISE-Initiative/robosuite_models) or through pip install. (__init__.py:30)
[robosuite WARNING] Could not import robosuite_models. Some robots may not be available. If you want to use these robots, please install robosuite_models from source (https://github.com/ARISE-Initiative/robosuite_models) or through pip install. (__init__.py:30)
[robosuite WARNING] Could not import robosuite_models. Some robots may not be available. If you want to use these robots, please install robosuite_models from source (https://github.com/ARISE-Initiative/robosuite_models) or through pip install. (__init__.py:30)
[robosuite WARNING] Could not import robosuite_models. Some robots may not be available. If you want to use these robots, please install robosuite_models from source (https://github.com/ARISE-Initiative/robosuite_models) or through pip install. (__init__.py:30)
[robosuite WARNING] Could not import robosuite_models. Some robots may not be available. If you want to use these robots, please install robosuite_models from source (https://github.com/ARISE-Initiative/robosuite_models) or through pip install. (__init__.py:30)
[robosuite WARNING] Could not import robosuite_models. Some robots may not be available. If you want to use these robots, please install robosuite_models from source (https://github.com/ARISE-Initiative/robosuite_models) or through pip install. (__init__.py:30)
[robosuite WARNING] Could not import robosuite_models. Some robots may not be available. If you want to use these robots, please install robosuite_models from source (https://github.com/ARISE-Initiative/robosuite_models) or through pip install. (__init__.py:30)
2026-08-09 13:44:46,570 | INFO | Video key: agentview
2026-08-09 13:44:46,570 | INFO | Using image observation keys: ['agentview']
[robosuite INFO] Loading controller configuration from: /mnt/data/users/haoyu/workspace/code/fpo-control/manipulation_experiments/thirdparty/robosuite/robosuite/controllers/config/robots/default_panda.json (composite_controller_factory.py:121)
2026-08-09 13:44:46,570 | INFO | Loading controller configuration from: /mnt/data/users/haoyu/workspace/code/fpo-control/manipulation_experiments/thirdparty/robosuite/robosuite/controllers/config/robots/default_panda.json
render_gpu_device_id: 1
2026-08-09 13:44:46,615 | INFO | Video key: agentview
2026-08-09 13:44:46,615 | INFO | Using image observation keys: ['agentview']
[robosuite INFO] Loading controller configuration from: /mnt/data/users/haoyu/workspace/code/fpo-control/manipulation_experiments/thirdparty/robosuite/robosuite/controllers/config/robots/default_panda.json (composite_controller_factory.py:121)
2026-08-09 13:44:46,615 | INFO | Loading controller configuration from: /mnt/data/users/haoyu/workspace/code/fpo-control/manipulation_experiments/thirdparty/robosuite/robosuite/controllers/config/robots/default_panda.json
render_gpu_device_id: 1
2026-08-09 13:44:47,666 | INFO | Video key: agentview
2026-08-09 13:44:47,666 | INFO | Using image observation keys: ['agentview']
[robosuite INFO] Loading controller configuration from: /mnt/data/users/haoyu/workspace/code/fpo-control/manipulation_experiments/thirdparty/robosuite/robosuite/controllers/config/robots/default_panda.json (composite_controller_factory.py:121)
2026-08-09 13:44:47,666 | INFO | Loading controller configuration from: /mnt/data/users/haoyu/workspace/code/fpo-control/manipulation_experiments/thirdparty/robosuite/robosuite/controllers/config/robots/default_panda.json
render_gpu_device_id: 1
2026-08-09 13:44:47,838 | INFO | Video key: agentview
2026-08-09 13:44:47,838 | INFO | Using image observation keys: ['agentview']
[robosuite INFO] Loading controller configuration from: /mnt/data/users/haoyu/workspace/code/fpo-control/manipulation_experiments/thirdparty/robosuite/robosuite/controllers/config/robots/default_panda.json (composite_controller_factory.py:121)
2026-08-09 13:44:47,839 | INFO | Loading controller configuration from: /mnt/data/users/haoyu/workspace/code/fpo-control/manipulation_experiments/thirdparty/robosuite/robosuite/controllers/config/robots/default_panda.json
render_gpu_device_id: 1
2026-08-09 13:44:47,841 | INFO | Video key: agentview
2026-08-09 13:44:47,841 | INFO | Using image observation keys: ['agentview']
[robosuite INFO] Loading controller configuration from: /mnt/data/users/haoyu/workspace/code/fpo-control/manipulation_experiments/thirdparty/robosuite/robosuite/controllers/config/robots/default_panda.json (composite_controller_factory.py:121)
2026-08-09 13:44:47,842 | INFO | Loading controller configuration from: /mnt/data/users/haoyu/workspace/code/fpo-control/manipulation_experiments/thirdparty/robosuite/robosuite/controllers/config/robots/default_panda.json
render_gpu_device_id: 1
2026-08-09 13:44:47,849 | INFO | Video key: agentview
2026-08-09 13:44:47,849 | INFO | Using image observation keys: ['agentview']
[robosuite INFO] Loading controller configuration from: /mnt/data/users/haoyu/workspace/code/fpo-control/manipulation_experiments/thirdparty/robosuite/robosuite/controllers/config/robots/default_panda.json (composite_controller_factory.py:121)
2026-08-09 13:44:47,849 | INFO | Loading controller configuration from: /mnt/data/users/haoyu/workspace/code/fpo-control/manipulation_experiments/thirdparty/robosuite/robosuite/controllers/config/robots/default_panda.json
render_gpu_device_id: 1
2026-08-09 13:44:47,853 | INFO | Video key: agentview
2026-08-09 13:44:47,853 | INFO | Using image observation keys: ['agentview']
[robosuite INFO] Loading controller configuration from: /mnt/data/users/haoyu/workspace/code/fpo-control/manipulation_experiments/thirdparty/robosuite/robosuite/controllers/config/robots/default_panda.json (composite_controller_factory.py:121)
2026-08-09 13:44:47,853 | INFO | Loading controller configuration from: /mnt/data/users/haoyu/workspace/code/fpo-control/manipulation_experiments/thirdparty/robosuite/robosuite/controllers/config/robots/default_panda.json
render_gpu_device_id: 1
2026-08-09 13:44:47,860 | INFO | Video key: agentview
2026-08-09 13:44:47,860 | INFO | Using image observation keys: ['agentview']
[robosuite INFO] Loading controller configuration from: /mnt/data/users/haoyu/workspace/code/fpo-control/manipulation_experiments/thirdparty/robosuite/robosuite/controllers/config/robots/default_panda.json (composite_controller_factory.py:121)
2026-08-09 13:44:47,861 | INFO | Loading controller configuration from: /mnt/data/users/haoyu/workspace/code/fpo-control/manipulation_experiments/thirdparty/robosuite/robosuite/controllers/config/robots/default_panda.json
render_gpu_device_id: 1
2026-08-09 13:44:48,381 | INFO | Successfully created NutAssemblySquare environment via robosuite.make() with cameras at 84x84
2026-08-09 13:44:48,382 | INFO | Configured cameras: ['agentview']
2026-08-09 13:44:48,410 | INFO | Successfully created NutAssemblySquare environment via robosuite.make() with cameras at 84x84
2026-08-09 13:44:48,410 | INFO | Configured cameras: ['agentview']
2026-08-09 13:44:49,477 | INFO | Successfully created NutAssemblySquare environment via robosuite.make() with cameras at 84x84
2026-08-09 13:44:49,477 | INFO | Configured cameras: ['agentview']
2026-08-09 13:44:49,666 | INFO | Successfully created NutAssemblySquare environment via robosuite.make() with cameras at 84x84
2026-08-09 13:44:49,666 | INFO | Configured cameras: ['agentview']
2026-08-09 13:44:49,667 | INFO | Successfully created NutAssemblySquare environment via robosuite.make() with cameras at 84x84
2026-08-09 13:44:49,667 | INFO | Configured cameras: ['agentview']
2026-08-09 13:44:49,681 | INFO | Successfully created NutAssemblySquare environment via robosuite.make() with cameras at 84x84
2026-08-09 13:44:49,681 | INFO | Configured cameras: ['agentview']
2026-08-09 13:44:49,692 | INFO | Successfully created NutAssemblySquare environment via robosuite.make() with cameras at 84x84
2026-08-09 13:44:49,692 | INFO | Configured cameras: ['agentview']
2026-08-09 13:44:49,747 | INFO | Successfully created NutAssemblySquare environment via robosuite.make() with cameras at 84x84
2026-08-09 13:44:49,747 | INFO | Configured cameras: ['agentview']
2026-08-09 13:44:50,889 | INFO | Created 8 vectorized Square environments
2026-08-09 13:44:50,889 | INFO | Set video key to 'agentview' for video recording
2026-08-09 13:44:51,930 | INFO | Created observation keys: ['observation.state', 'observation.images.agentview']
2026-08-09 13:44:51,946 | INFO | Created observation keys: ['observation.state', 'observation.images.agentview']
2026-08-09 13:44:51,961 | INFO | Created observation keys: ['observation.state', 'observation.images.agentview']
2026-08-09 13:44:51,982 | INFO | Created observation keys: ['observation.state', 'observation.images.agentview']
2026-08-09 13:44:52,002 | INFO | Created observation keys: ['observation.state', 'observation.images.agentview']
2026-08-09 13:44:52,011 | INFO | Created observation keys: ['observation.state', 'observation.images.agentview']
2026-08-09 13:44:52,024 | INFO | Created observation keys: ['observation.state', 'observation.images.agentview']
2026-08-09 13:44:52,076 | INFO | Created observation keys: ['observation.state', 'observation.images.agentview']
2026-08-09 13:45:29,757 | INFO | direction=8 seed=20261008 sign=-1 envs=8
num_visible_gpus: 1 [1] render_override: 1
2026-08-09 13:45:29,758 | INFO | Production mode: using gymnasium.vector.AsyncVectorEnv
2026-08-09 13:45:29,758 | INFO | Video key: agentview
2026-08-09 13:45:29,758 | INFO | Using image observation keys: ['agentview']
[robosuite INFO] Loading controller configuration from: /mnt/data/users/haoyu/workspace/code/fpo-control/manipulation_experiments/thirdparty/robosuite/robosuite/controllers/config/robots/default_panda.json (composite_controller_factory.py:121)
2026-08-09 13:45:29,758 | INFO | Loading controller configuration from: /mnt/data/users/haoyu/workspace/code/fpo-control/manipulation_experiments/thirdparty/robosuite/robosuite/controllers/config/robots/default_panda.json
render_gpu_device_id: 1
2026-08-09 13:45:30,644 | INFO | Successfully created NutAssemblySquare environment via robosuite.make() with cameras at 84x84
2026-08-09 13:45:30,644 | INFO | Configured cameras: ['agentview']
[robosuite WARNING] No private macro file found! (macros.py:57)
[robosuite WARNING] It is recommended to use a private macro file (macros.py:58)
[robosuite WARNING] To setup, run: python /mnt/data/users/haoyu/workspace/code/fpo-control/manipulation_experiments/thirdparty/robosuite/robosuite/scripts/setup_macros.py (macros.py:59)
[robosuite WARNING] No private macro file found! (macros.py:57)
[robosuite WARNING] It is recommended to use a private macro file (macros.py:58)
[robosuite WARNING] To setup, run: python /mnt/data/users/haoyu/workspace/code/fpo-control/manipulation_experiments/thirdparty/robosuite/robosuite/scripts/setup_macros.py (macros.py:59)
[robosuite WARNING] No private macro file found! (macros.py:57)
[robosuite WARNING] It is recommended to use a private macro file (macros.py:58)
[robosuite WARNING] To setup, run: python /mnt/data/users/haoyu/workspace/code/fpo-control/manipulation_experiments/thirdparty/robosuite/robosuite/scripts/setup_macros.py (macros.py:59)
[robosuite WARNING] No private macro file found! (macros.py:57)
[robosuite WARNING] It is recommended to use a private macro file (macros.py:58)
[robosuite WARNING] To setup, run: python /mnt/data/users/haoyu/workspace/code/fpo-control/manipulation_experiments/thirdparty/robosuite/robosuite/scripts/setup_macros.py (macros.py:59)
[robosuite WARNING] No private macro file found! (macros.py:57)
[robosuite WARNING] It is recommended to use a private macro file (macros.py:58)
[robosuite WARNING] To setup, run: python /mnt/data/users/haoyu/workspace/code/fpo-control/manipulation_experiments/thirdparty/robosuite/robosuite/scripts/setup_macros.py (macros.py:59)
[robosuite WARNING] No private macro file found! (macros.py:57)
[robosuite WARNING] It is recommended to use a private macro file (macros.py:58)
[robosuite WARNING] To setup, run: python /mnt/data/users/haoyu/workspace/code/fpo-control/manipulation_experiments/thirdparty/robosuite/robosuite/scripts/setup_macros.py (macros.py:59)
[robosuite WARNING] No private macro file found! (macros.py:57)
[robosuite WARNING] It is recommended to use a private macro file (macros.py:58)
[robosuite WARNING] To setup, run: python /mnt/data/users/haoyu/workspace/code/fpo-control/manipulation_experiments/thirdparty/robosuite/robosuite/scripts/setup_macros.py (macros.py:59)
[robosuite WARNING] No private macro file found! (macros.py:57)
[robosuite WARNING] It is recommended to use a private macro file (macros.py:58)
[robosuite WARNING] To setup, run: python /mnt/data/users/haoyu/workspace/code/fpo-control/manipulation_experiments/thirdparty/robosuite/robosuite/scripts/setup_macros.py (macros.py:59)
[robosuite WARNING] Could not import robosuite_models. Some robots may not be available. If you want to use these robots, please install robosuite_models from source (https://github.com/ARISE-Initiative/robosuite_models) or through pip install. (__init__.py:30)
[robosuite WARNING] Could not import robosuite_models. Some robots may not be available. If you want to use these robots, please install robosuite_models from source (https://github.com/ARISE-Initiative/robosuite_models) or through pip install. (__init__.py:30)
[robosuite WARNING] Could not import robosuite_models. Some robots may not be available. If you want to use these robots, please install robosuite_models from source (https://github.com/ARISE-Initiative/robosuite_models) or through pip install. (__init__.py:30)
[robosuite WARNING] Could not import robosuite_models. Some robots may not be available. If you want to use these robots, please install robosuite_models from source (https://github.com/ARISE-Initiative/robosuite_models) or through pip install. (__init__.py:30)
[robosuite WARNING] Could not import robosuite_models. Some robots may not be available. If you want to use these robots, please install robosuite_models from source (https://github.com/ARISE-Initiative/robosuite_models) or through pip install. (__init__.py:30)
[robosuite WARNING] Could not import robosuite_models. Some robots may not be available. If you want to use these robots, please install robosuite_models from source (https://github.com/ARISE-Initiative/robosuite_models) or through pip install. (__init__.py:30)
[robosuite WARNING] Could not import robosuite_models. Some robots may not be available. If you want to use these robots, please install robosuite_models from source (https://github.com/ARISE-Initiative/robosuite_models) or through pip install. (__init__.py:30)
[robosuite WARNING] Could not import robosuite_models. Some robots may not be available. If you want to use these robots, please install robosuite_models from source (https://github.com/ARISE-Initiative/robosuite_models) or through pip install. (__init__.py:30)
2026-08-09 13:45:38,729 | INFO | Video key: agentview
2026-08-09 13:45:38,729 | INFO | Using image observation keys: ['agentview']
[robosuite INFO] Loading controller configuration from: /mnt/data/users/haoyu/workspace/code/fpo-control/manipulation_experiments/thirdparty/robosuite/robosuite/controllers/config/robots/default_panda.json (composite_controller_factory.py:121)
2026-08-09 13:45:38,729 | INFO | Loading controller configuration from: /mnt/data/users/haoyu/workspace/code/fpo-control/manipulation_experiments/thirdparty/robosuite/robosuite/controllers/config/robots/default_panda.json
render_gpu_device_id: 1
2026-08-09 13:45:38,874 | INFO | Video key: agentview
2026-08-09 13:45:38,874 | INFO | Using image observation keys: ['agentview']
[robosuite INFO] Loading controller configuration from: /mnt/data/users/haoyu/workspace/code/fpo-control/manipulation_experiments/thirdparty/robosuite/robosuite/controllers/config/robots/default_panda.json (composite_controller_factory.py:121)
2026-08-09 13:45:38,874 | INFO | Loading controller configuration from: /mnt/data/users/haoyu/workspace/code/fpo-control/manipulation_experiments/thirdparty/robosuite/robosuite/controllers/config/robots/default_panda.json
render_gpu_device_id: 1
2026-08-09 13:45:39,789 | INFO | Video key: agentview
2026-08-09 13:45:39,789 | INFO | Using image observation keys: ['agentview']
[robosuite INFO] Loading controller configuration from: /mnt/data/users/haoyu/workspace/code/fpo-control/manipulation_experiments/thirdparty/robosuite/robosuite/controllers/config/robots/default_panda.json (composite_controller_factory.py:121)
2026-08-09 13:45:39,789 | INFO | Loading controller configuration from: /mnt/data/users/haoyu/workspace/code/fpo-control/manipulation_experiments/thirdparty/robosuite/robosuite/controllers/config/robots/default_panda.json
render_gpu_device_id: 1
2026-08-09 13:45:39,910 | INFO | Video key: agentview
2026-08-09 13:45:39,911 | INFO | Using image observation keys: ['agentview']
[robosuite INFO] Loading controller configuration from: /mnt/data/users/haoyu/workspace/code/fpo-control/manipulation_experiments/thirdparty/robosuite/robosuite/controllers/config/robots/default_panda.json (composite_controller_factory.py:121)
2026-08-09 13:45:39,911 | INFO | Loading controller configuration from: /mnt/data/users/haoyu/workspace/code/fpo-control/manipulation_experiments/thirdparty/robosuite/robosuite/controllers/config/robots/default_panda.json
render_gpu_device_id: 1
2026-08-09 13:45:39,913 | INFO | Video key: agentview
2026-08-09 13:45:39,913 | INFO | Using image observation keys: ['agentview']
[robosuite INFO] Loading controller configuration from: /mnt/data/users/haoyu/workspace/code/fpo-control/manipulation_experiments/thirdparty/robosuite/robosuite/controllers/config/robots/default_panda.json (composite_controller_factory.py:121)
2026-08-09 13:45:39,913 | INFO | Loading controller configuration from: /mnt/data/users/haoyu/workspace/code/fpo-control/manipulation_experiments/thirdparty/robosuite/robosuite/controllers/config/robots/default_panda.json
render_gpu_device_id: 1
2026-08-09 13:45:40,102 | INFO | Video key: agentview
2026-08-09 13:45:40,102 | INFO | Using image observation keys: ['agentview']
[robosuite INFO] Loading controller configuration from: /mnt/data/users/haoyu/workspace/code/fpo-control/manipulation_experiments/thirdparty/robosuite/robosuite/controllers/config/robots/default_panda.json (composite_controller_factory.py:121)
2026-08-09 13:45:40,102 | INFO | Loading controller configuration from: /mnt/data/users/haoyu/workspace/code/fpo-control/manipulation_experiments/thirdparty/robosuite/robosuite/controllers/config/robots/default_panda.json
render_gpu_device_id: 1
2026-08-09 13:45:40,107 | INFO | Video key: agentview
2026-08-09 13:45:40,107 | INFO | Using image observation keys: ['agentview']
[robosuite INFO] Loading controller configuration from: /mnt/data/users/haoyu/workspace/code/fpo-control/manipulation_experiments/thirdparty/robosuite/robosuite/controllers/config/robots/default_panda.json (composite_controller_factory.py:121)
2026-08-09 13:45:40,107 | INFO | Loading controller configuration from: /mnt/data/users/haoyu/workspace/code/fpo-control/manipulation_experiments/thirdparty/robosuite/robosuite/controllers/config/robots/default_panda.json
render_gpu_device_id: 1
2026-08-09 13:45:40,111 | INFO | Video key: agentview
2026-08-09 13:45:40,111 | INFO | Using image observation keys: ['agentview']
[robosuite INFO] Loading controller configuration from: /mnt/data/users/haoyu/workspace/code/fpo-control/manipulation_experiments/thirdparty/robosuite/robosuite/controllers/config/robots/default_panda.json (composite_controller_factory.py:121)
2026-08-09 13:45:40,111 | INFO | Loading controller configuration from: /mnt/data/users/haoyu/workspace/code/fpo-control/manipulation_experiments/thirdparty/robosuite/robosuite/controllers/config/robots/default_panda.json
render_gpu_device_id: 1
2026-08-09 13:45:40,526 | INFO | Successfully created NutAssemblySquare environment via robosuite.make() with cameras at 84x84
2026-08-09 13:45:40,526 | INFO | Configured cameras: ['agentview']
2026-08-09 13:45:40,682 | INFO | Successfully created NutAssemblySquare environment via robosuite.make() with cameras at 84x84
2026-08-09 13:45:40,682 | INFO | Configured cameras: ['agentview']
2026-08-09 13:45:41,610 | INFO | Successfully created NutAssemblySquare environment via robosuite.make() with cameras at 84x84
2026-08-09 13:45:41,610 | INFO | Configured cameras: ['agentview']
2026-08-09 13:45:41,738 | INFO | Successfully created NutAssemblySquare environment via robosuite.make() with cameras at 84x84
2026-08-09 13:45:41,738 | INFO | Configured cameras: ['agentview']
2026-08-09 13:45:41,825 | INFO | Successfully created NutAssemblySquare environment via robosuite.make() with cameras at 84x84
2026-08-09 13:45:41,826 | INFO | Configured cameras: ['agentview']
2026-08-09 13:45:41,884 | INFO | Successfully created NutAssemblySquare environment via robosuite.make() with cameras at 84x84
2026-08-09 13:45:41,884 | INFO | Configured cameras: ['agentview']
2026-08-09 13:45:41,996 | INFO | Successfully created NutAssemblySquare environment via robosuite.make() with cameras at 84x84
2026-08-09 13:45:41,996 | INFO | Configured cameras: ['agentview']
2026-08-09 13:45:42,018 | INFO | Successfully created NutAssemblySquare environment via robosuite.make() with cameras at 84x84
2026-08-09 13:45:42,019 | INFO | Configured cameras: ['agentview']
2026-08-09 13:45:43,306 | INFO | Created 8 vectorized Square environments
2026-08-09 13:45:43,306 | INFO | Set video key to 'agentview' for video recording
2026-08-09 13:45:44,365 | INFO | Created observation keys: ['observation.state', 'observation.images.agentview']
2026-08-09 13:45:44,367 | INFO | Created observation keys: ['observation.state', 'observation.images.agentview']
2026-08-09 13:45:44,376 | INFO | Created observation keys: ['observation.state', 'observation.images.agentview']
2026-08-09 13:45:44,423 | INFO | Created observation keys: ['observation.state', 'observation.images.agentview']
2026-08-09 13:45:44,434 | INFO | Created observation keys: ['observation.state', 'observation.images.agentview']
2026-08-09 13:45:44,440 | INFO | Created observation keys: ['observation.state', 'observation.images.agentview']
2026-08-09 13:45:44,457 | INFO | Created observation keys: ['observation.state', 'observation.images.agentview']
2026-08-09 13:45:44,580 | INFO | Created observation keys: ['observation.state', 'observation.images.agentview']
2026-08-09 13:46:21,630 | INFO | direction=8 seed=20261008 sign=+1 envs=8
num_visible_gpus: 1 [1] render_override: 1
2026-08-09 13:46:21,631 | INFO | Production mode: using gymnasium.vector.AsyncVectorEnv
2026-08-09 13:46:21,631 | INFO | Video key: agentview
2026-08-09 13:46:21,631 | INFO | Using image observation keys: ['agentview']
[robosuite INFO] Loading controller configuration from: /mnt/data/users/haoyu/workspace/code/fpo-control/manipulation_experiments/thirdparty/robosuite/robosuite/controllers/config/robots/default_panda.json (composite_controller_factory.py:121)
2026-08-09 13:46:21,631 | INFO | Loading controller configuration from: /mnt/data/users/haoyu/workspace/code/fpo-control/manipulation_experiments/thirdparty/robosuite/robosuite/controllers/config/robots/default_panda.json
render_gpu_device_id: 1
2026-08-09 13:46:22,410 | INFO | Successfully created NutAssemblySquare environment via robosuite.make() with cameras at 84x84
2026-08-09 13:46:22,410 | INFO | Configured cameras: ['agentview']
[robosuite WARNING] No private macro file found! (macros.py:57)
[robosuite WARNING] It is recommended to use a private macro file (macros.py:58)
[robosuite WARNING] To setup, run: python /mnt/data/users/haoyu/workspace/code/fpo-control/manipulation_experiments/thirdparty/robosuite/robosuite/scripts/setup_macros.py (macros.py:59)
[robosuite WARNING] No private macro file found! (macros.py:57)
[robosuite WARNING] It is recommended to use a private macro file (macros.py:58)
[robosuite WARNING] To setup, run: python /mnt/data/users/haoyu/workspace/code/fpo-control/manipulation_experiments/thirdparty/robosuite/robosuite/scripts/setup_macros.py (macros.py:59)
[robosuite WARNING] No private macro file found! (macros.py:57)
[robosuite WARNING] It is recommended to use a private macro file (macros.py:58)
[robosuite WARNING] To setup, run: python /mnt/data/users/haoyu/workspace/code/fpo-control/manipulation_experiments/thirdparty/robosuite/robosuite/scripts/setup_macros.py (macros.py:59)
[robosuite WARNING] No private macro file found! (macros.py:57)
[robosuite WARNING] It is recommended to use a private macro file (macros.py:58)
[robosuite WARNING] To setup, run: python /mnt/data/users/haoyu/workspace/code/fpo-control/manipulation_experiments/thirdparty/robosuite/robosuite/scripts/setup_macros.py (macros.py:59)
[robosuite WARNING] No private macro file found! (macros.py:57)
[robosuite WARNING] It is recommended to use a private macro file (macros.py:58)
[robosuite WARNING] To setup, run: python /mnt/data/users/haoyu/workspace/code/fpo-control/manipulation_experiments/thirdparty/robosuite/robosuite/scripts/setup_macros.py (macros.py:59)
[robosuite WARNING] No private macro file found! (macros.py:57)
[robosuite WARNING] It is recommended to use a private macro file (macros.py:58)
[robosuite WARNING] To setup, run: python /mnt/data/users/haoyu/workspace/code/fpo-control/manipulation_experiments/thirdparty/robosuite/robosuite/scripts/setup_macros.py (macros.py:59)
[robosuite WARNING] No private macro file found! (macros.py:57)
[robosuite WARNING] It is recommended to use a private macro file (macros.py:58)
[robosuite WARNING] To setup, run: python /mnt/data/users/haoyu/workspace/code/fpo-control/manipulation_experiments/thirdparty/robosuite/robosuite/scripts/setup_macros.py (macros.py:59)
[robosuite WARNING] No private macro file found! (macros.py:57)
[robosuite WARNING] It is recommended to use a private macro file (macros.py:58)
[robosuite WARNING] To setup, run: python /mnt/data/users/haoyu/workspace/code/fpo-control/manipulation_experiments/thirdparty/robosuite/robosuite/scripts/setup_macros.py (macros.py:59)
[robosuite WARNING] Could not import robosuite_models. Some robots may not be available. If you want to use these robots, please install robosuite_models from source (https://github.com/ARISE-Initiative/robosuite_models) or through pip install. (__init__.py:30)
[robosuite WARNING] Could not import robosuite_models. Some robots may not be available. If you want to use these robots, please install robosuite_models from source (https://github.com/ARISE-Initiative/robosuite_models) or through pip install. (__init__.py:30)
[robosuite WARNING] Could not import robosuite_models. Some robots may not be available. If you want to use these robots, please install robosuite_models from source (https://github.com/ARISE-Initiative/robosuite_models) or through pip install. (__init__.py:30)
[robosuite WARNING] Could not import robosuite_models. Some robots may not be available. If you want to use these robots, please install robosuite_models from source (https://github.com/ARISE-Initiative/robosuite_models) or through pip install. (__init__.py:30)
[robosuite WARNING] Could not import robosuite_models. Some robots may not be available. If you want to use these robots, please install robosuite_models from source (https://github.com/ARISE-Initiative/robosuite_models) or through pip install. (__init__.py:30)
[robosuite WARNING] Could not import robosuite_models. Some robots may not be available. If you want to use these robots, please install robosuite_models from source (https://github.com/ARISE-Initiative/robosuite_models) or through pip install. (__init__.py:30)
[robosuite WARNING] Could not import robosuite_models. Some robots may not be available. If you want to use these robots, please install robosuite_models from source (https://github.com/ARISE-Initiative/robosuite_models) or through pip install. (__init__.py:30)
[robosuite WARNING] Could not import robosuite_models. Some robots may not be available. If you want to use these robots, please install robosuite_models from source (https://github.com/ARISE-Initiative/robosuite_models) or through pip install. (__init__.py:30)
2026-08-09 13:46:30,012 | INFO | Video key: agentview
2026-08-09 13:46:30,012 | INFO | Using image observation keys: ['agentview']
[robosuite INFO] Loading controller configuration from: /mnt/data/users/haoyu/workspace/code/fpo-control/manipulation_experiments/thirdparty/robosuite/robosuite/controllers/config/robots/default_panda.json (composite_controller_factory.py:121)
2026-08-09 13:46:30,012 | INFO | Loading controller configuration from: /mnt/data/users/haoyu/workspace/code/fpo-control/manipulation_experiments/thirdparty/robosuite/robosuite/controllers/config/robots/default_panda.json
render_gpu_device_id: 1
2026-08-09 13:46:30,775 | INFO | Video key: agentview
2026-08-09 13:46:30,775 | INFO | Using image observation keys: ['agentview']
[robosuite INFO] Loading controller configuration from: /mnt/data/users/haoyu/workspace/code/fpo-control/manipulation_experiments/thirdparty/robosuite/robosuite/controllers/config/robots/default_panda.json (composite_controller_factory.py:121)
2026-08-09 13:46:30,775 | INFO | Loading controller configuration from: /mnt/data/users/haoyu/workspace/code/fpo-control/manipulation_experiments/thirdparty/robosuite/robosuite/controllers/config/robots/default_panda.json
render_gpu_device_id: 1
2026-08-09 13:46:31,456 | INFO | Video key: agentview
2026-08-09 13:46:31,456 | INFO | Using image observation keys: ['agentview']
[robosuite INFO] Loading controller configuration from: /mnt/data/users/haoyu/workspace/code/fpo-control/manipulation_experiments/thirdparty/robosuite/robosuite/controllers/config/robots/default_panda.json (composite_controller_factory.py:121)
2026-08-09 13:46:31,457 | INFO | Loading controller configuration from: /mnt/data/users/haoyu/workspace/code/fpo-control/manipulation_experiments/thirdparty/robosuite/robosuite/controllers/config/robots/default_panda.json
render_gpu_device_id: 1
2026-08-09 13:46:31,492 | INFO | Video key: agentview
2026-08-09 13:46:31,492 | INFO | Using image observation keys: ['agentview']
[robosuite INFO] Loading controller configuration from: /mnt/data/users/haoyu/workspace/code/fpo-control/manipulation_experiments/thirdparty/robosuite/robosuite/controllers/config/robots/default_panda.json (composite_controller_factory.py:121)
2026-08-09 13:46:31,493 | INFO | Loading controller configuration from: /mnt/data/users/haoyu/workspace/code/fpo-control/manipulation_experiments/thirdparty/robosuite/robosuite/controllers/config/robots/default_panda.json
render_gpu_device_id: 1
2026-08-09 13:46:31,600 | INFO | Video key: agentview
2026-08-09 13:46:31,600 | INFO | Using image observation keys: ['agentview']
[robosuite INFO] Loading controller configuration from: /mnt/data/users/haoyu/workspace/code/fpo-control/manipulation_experiments/thirdparty/robosuite/robosuite/controllers/config/robots/default_panda.json (composite_controller_factory.py:121)
2026-08-09 13:46:31,600 | INFO | Loading controller configuration from: /mnt/data/users/haoyu/workspace/code/fpo-control/manipulation_experiments/thirdparty/robosuite/robosuite/controllers/config/robots/default_panda.json
render_gpu_device_id: 1
2026-08-09 13:46:31,777 | INFO | Video key: agentview
2026-08-09 13:46:31,777 | INFO | Using image observation keys: ['agentview']
[robosuite INFO] Loading controller configuration from: /mnt/data/users/haoyu/workspace/code/fpo-control/manipulation_experiments/thirdparty/robosuite/robosuite/controllers/config/robots/default_panda.json (composite_controller_factory.py:121)
2026-08-09 13:46:31,777 | INFO | Loading controller configuration from: /mnt/data/users/haoyu/workspace/code/fpo-control/manipulation_experiments/thirdparty/robosuite/robosuite/controllers/config/robots/default_panda.json
render_gpu_device_id: 1
2026-08-09 13:46:31,796 | INFO | Successfully created NutAssemblySquare environment via robosuite.make() with cameras at 84x84
2026-08-09 13:46:31,796 | INFO | Configured cameras: ['agentview']
2026-08-09 13:46:31,819 | INFO | Video key: agentview
2026-08-09 13:46:31,819 | INFO | Using image observation keys: ['agentview']
[robosuite INFO] Loading controller configuration from: /mnt/data/users/haoyu/workspace/code/fpo-control/manipulation_experiments/thirdparty/robosuite/robosuite/controllers/config/robots/default_panda.json (composite_controller_factory.py:121)
2026-08-09 13:46:31,819 | INFO | Loading controller configuration from: /mnt/data/users/haoyu/workspace/code/fpo-control/manipulation_experiments/thirdparty/robosuite/robosuite/controllers/config/robots/default_panda.json
render_gpu_device_id: 1
2026-08-09 13:46:31,823 | INFO | Video key: agentview
2026-08-09 13:46:31,823 | INFO | Using image observation keys: ['agentview']
[robosuite INFO] Loading controller configuration from: /mnt/data/users/haoyu/workspace/code/fpo-control/manipulation_experiments/thirdparty/robosuite/robosuite/controllers/config/robots/default_panda.json (composite_controller_factory.py:121)
2026-08-09 13:46:31,823 | INFO | Loading controller configuration from: /mnt/data/users/haoyu/workspace/code/fpo-control/manipulation_experiments/thirdparty/robosuite/robosuite/controllers/config/robots/default_panda.json
render_gpu_device_id: 1
2026-08-09 13:46:32,585 | INFO | Successfully created NutAssemblySquare environment via robosuite.make() with cameras at 84x84
2026-08-09 13:46:32,585 | INFO | Configured cameras: ['agentview']
2026-08-09 13:46:33,327 | INFO | Successfully created NutAssemblySquare environment via robosuite.make() with cameras at 84x84
2026-08-09 13:46:33,327 | INFO | Configured cameras: ['agentview']
2026-08-09 13:46:33,394 | INFO | Successfully created NutAssemblySquare environment via robosuite.make() with cameras at 84x84
2026-08-09 13:46:33,394 | INFO | Configured cameras: ['agentview']
2026-08-09 13:46:33,412 | INFO | Successfully created NutAssemblySquare environment via robosuite.make() with cameras at 84x84
2026-08-09 13:46:33,412 | INFO | Configured cameras: ['agentview']
2026-08-09 13:46:33,594 | INFO | Successfully created NutAssemblySquare environment via robosuite.make() with cameras at 84x84
2026-08-09 13:46:33,594 | INFO | Configured cameras: ['agentview']
2026-08-09 13:46:33,627 | INFO | Successfully created NutAssemblySquare environment via robosuite.make() with cameras at 84x84
2026-08-09 13:46:33,628 | INFO | Configured cameras: ['agentview']
2026-08-09 13:46:33,694 | INFO | Successfully created NutAssemblySquare environment via robosuite.make() with cameras at 84x84
2026-08-09 13:46:33,694 | INFO | Configured cameras: ['agentview']
2026-08-09 13:46:34,829 | INFO | Created 8 vectorized Square environments
2026-08-09 13:46:34,829 | INFO | Set video key to 'agentview' for video recording
2026-08-09 13:46:35,855 | INFO | Created observation keys: ['observation.state', 'observation.images.agentview']
2026-08-09 13:46:35,898 | INFO | Created observation keys: ['observation.state', 'observation.images.agentview']
2026-08-09 13:46:35,909 | INFO | Created observation keys: ['observation.state', 'observation.images.agentview']
2026-08-09 13:46:35,910 | INFO | Created observation keys: ['observation.state', 'observation.images.agentview']
2026-08-09 13:46:35,913 | INFO | Created observation keys: ['observation.state', 'observation.images.agentview']
2026-08-09 13:46:35,923 | INFO | Created observation keys: ['observation.state', 'observation.images.agentview']
2026-08-09 13:46:35,928 | INFO | Created observation keys: ['observation.state', 'observation.images.agentview']
2026-08-09 13:46:35,952 | INFO | Created observation keys: ['observation.state', 'observation.images.agentview']
2026-08-09 13:47:11,302 | INFO | direction=9 seed=20261009 sign=-1 envs=8
num_visible_gpus: 1 [1] render_override: 1
2026-08-09 13:47:11,303 | INFO | Production mode: using gymnasium.vector.AsyncVectorEnv
2026-08-09 13:47:11,303 | INFO | Video key: agentview
2026-08-09 13:47:11,303 | INFO | Using image observation keys: ['agentview']
[robosuite INFO] Loading controller configuration from: /mnt/data/users/haoyu/workspace/code/fpo-control/manipulation_experiments/thirdparty/robosuite/robosuite/controllers/config/robots/default_panda.json (composite_controller_factory.py:121)
2026-08-09 13:47:11,303 | INFO | Loading controller configuration from: /mnt/data/users/haoyu/workspace/code/fpo-control/manipulation_experiments/thirdparty/robosuite/robosuite/controllers/config/robots/default_panda.json
render_gpu_device_id: 1
2026-08-09 13:47:12,051 | INFO | Successfully created NutAssemblySquare environment via robosuite.make() with cameras at 84x84
2026-08-09 13:47:12,051 | INFO | Configured cameras: ['agentview']
[robosuite WARNING] No private macro file found! (macros.py:57)
[robosuite WARNING] It is recommended to use a private macro file (macros.py:58)
[robosuite WARNING] To setup, run: python /mnt/data/users/haoyu/workspace/code/fpo-control/manipulation_experiments/thirdparty/robosuite/robosuite/scripts/setup_macros.py (macros.py:59)
[robosuite WARNING] No private macro file found! (macros.py:57)
[robosuite WARNING] It is recommended to use a private macro file (macros.py:58)
[robosuite WARNING] To setup, run: python /mnt/data/users/haoyu/workspace/code/fpo-control/manipulation_experiments/thirdparty/robosuite/robosuite/scripts/setup_macros.py (macros.py:59)
[robosuite WARNING] No private macro file found! (macros.py:57)
[robosuite WARNING] It is recommended to use a private macro file (macros.py:58)
[robosuite WARNING] To setup, run: python /mnt/data/users/haoyu/workspace/code/fpo-control/manipulation_experiments/thirdparty/robosuite/robosuite/scripts/setup_macros.py (macros.py:59)
[robosuite WARNING] No private macro file found! (macros.py:57)
[robosuite WARNING] It is recommended to use a private macro file (macros.py:58)
[robosuite WARNING] To setup, run: python /mnt/data/users/haoyu/workspace/code/fpo-control/manipulation_experiments/thirdparty/robosuite/robosuite/scripts/setup_macros.py (macros.py:59)
[robosuite WARNING] No private macro file found! (macros.py:57)
[robosuite WARNING] It is recommended to use a private macro file (macros.py:58)
[robosuite WARNING] To setup, run: python /mnt/data/users/haoyu/workspace/code/fpo-control/manipulation_experiments/thirdparty/robosuite/robosuite/scripts/setup_macros.py (macros.py:59)
[robosuite WARNING] No private macro file found! (macros.py:57)
[robosuite WARNING] It is recommended to use a private macro file (macros.py:58)
[robosuite WARNING] To setup, run: python /mnt/data/users/haoyu/workspace/code/fpo-control/manipulation_experiments/thirdparty/robosuite/robosuite/scripts/setup_macros.py (macros.py:59)
[robosuite WARNING] No private macro file found! (macros.py:57)
[robosuite WARNING] It is recommended to use a private macro file (macros.py:58)
[robosuite WARNING] To setup, run: python /mnt/data/users/haoyu/workspace/code/fpo-control/manipulation_experiments/thirdparty/robosuite/robosuite/scripts/setup_macros.py (macros.py:59)
[robosuite WARNING] No private macro file found! (macros.py:57)
[robosuite WARNING] It is recommended to use a private macro file (macros.py:58)
[robosuite WARNING] To setup, run: python /mnt/data/users/haoyu/workspace/code/fpo-control/manipulation_experiments/thirdparty/robosuite/robosuite/scripts/setup_macros.py (macros.py:59)
[robosuite WARNING] Could not import robosuite_models. Some robots may not be available. If you want to use these robots, please install robosuite_models from source (https://github.com/ARISE-Initiative/robosuite_models) or through pip install. (__init__.py:30)
[robosuite WARNING] Could not import robosuite_models. Some robots may not be available. If you want to use these robots, please install robosuite_models from source (https://github.com/ARISE-Initiative/robosuite_models) or through pip install. (__init__.py:30)
[robosuite WARNING] Could not import robosuite_models. Some robots may not be available. If you want to use these robots, please install robosuite_models from source (https://github.com/ARISE-Initiative/robosuite_models) or through pip install. (__init__.py:30)
[robosuite WARNING] Could not import robosuite_models. Some robots may not be available. If you want to use these robots, please install robosuite_models from source (https://github.com/ARISE-Initiative/robosuite_models) or through pip install. (__init__.py:30)
[robosuite WARNING] Could not import robosuite_models. Some robots may not be available. If you want to use these robots, please install robosuite_models from source (https://github.com/ARISE-Initiative/robosuite_models) or through pip install. (__init__.py:30)
[robosuite WARNING] Could not import robosuite_models. Some robots may not be available. If you want to use these robots, please install robosuite_models from source (https://github.com/ARISE-Initiative/robosuite_models) or through pip install. (__init__.py:30)
[robosuite WARNING] Could not import robosuite_models. Some robots may not be available. If you want to use these robots, please install robosuite_models from source (https://github.com/ARISE-Initiative/robosuite_models) or through pip install. (__init__.py:30)
[robosuite WARNING] Could not import robosuite_models. Some robots may not be available. If you want to use these robots, please install robosuite_models from source (https://github.com/ARISE-Initiative/robosuite_models) or through pip install. (__init__.py:30)
2026-08-09 13:47:19,830 | INFO | Video key: agentview
2026-08-09 13:47:19,830 | INFO | Using image observation keys: ['agentview']
[robosuite INFO] Loading controller configuration from: /mnt/data/users/haoyu/workspace/code/fpo-control/manipulation_experiments/thirdparty/robosuite/robosuite/controllers/config/robots/default_panda.json (composite_controller_factory.py:121)
2026-08-09 13:47:19,830 | INFO | Loading controller configuration from: /mnt/data/users/haoyu/workspace/code/fpo-control/manipulation_experiments/thirdparty/robosuite/robosuite/controllers/config/robots/default_panda.json
render_gpu_device_id: 1
2026-08-09 13:47:20,996 | INFO | Video key: agentview
2026-08-09 13:47:20,996 | INFO | Using image observation keys: ['agentview']
[robosuite INFO] Loading controller configuration from: /mnt/data/users/haoyu/workspace/code/fpo-control/manipulation_experiments/thirdparty/robosuite/robosuite/controllers/config/robots/default_panda.json (composite_controller_factory.py:121)
2026-08-09 13:47:20,996 | INFO | Loading controller configuration from: /mnt/data/users/haoyu/workspace/code/fpo-control/manipulation_experiments/thirdparty/robosuite/robosuite/controllers/config/robots/default_panda.json
render_gpu_device_id: 1
2026-08-09 13:47:21,215 | INFO | Video key: agentview
2026-08-09 13:47:21,215 | INFO | Using image observation keys: ['agentview']
[robosuite INFO] Loading controller configuration from: /mnt/data/users/haoyu/workspace/code/fpo-control/manipulation_experiments/thirdparty/robosuite/robosuite/controllers/config/robots/default_panda.json (composite_controller_factory.py:121)
2026-08-09 13:47:21,215 | INFO | Loading controller configuration from: /mnt/data/users/haoyu/workspace/code/fpo-control/manipulation_experiments/thirdparty/robosuite/robosuite/controllers/config/robots/default_panda.json
render_gpu_device_id: 1
2026-08-09 13:47:21,266 | INFO | Video key: agentview
2026-08-09 13:47:21,266 | INFO | Using image observation keys: ['agentview']
[robosuite INFO] Loading controller configuration from: /mnt/data/users/haoyu/workspace/code/fpo-control/manipulation_experiments/thirdparty/robosuite/robosuite/controllers/config/robots/default_panda.json (composite_controller_factory.py:121)
2026-08-09 13:47:21,266 | INFO | Loading controller configuration from: /mnt/data/users/haoyu/workspace/code/fpo-control/manipulation_experiments/thirdparty/robosuite/robosuite/controllers/config/robots/default_panda.json
render_gpu_device_id: 1
2026-08-09 13:47:21,403 | INFO | Video key: agentview
2026-08-09 13:47:21,403 | INFO | Using image observation keys: ['agentview']
[robosuite INFO] Loading controller configuration from: /mnt/data/users/haoyu/workspace/code/fpo-control/manipulation_experiments/thirdparty/robosuite/robosuite/controllers/config/robots/default_panda.json (composite_controller_factory.py:121)
2026-08-09 13:47:21,403 | INFO | Loading controller configuration from: /mnt/data/users/haoyu/workspace/code/fpo-control/manipulation_experiments/thirdparty/robosuite/robosuite/controllers/config/robots/default_panda.json
render_gpu_device_id: 1
2026-08-09 13:47:21,404 | INFO | Video key: agentview
2026-08-09 13:47:21,404 | INFO | Using image observation keys: ['agentview']
[robosuite INFO] Loading controller configuration from: /mnt/data/users/haoyu/workspace/code/fpo-control/manipulation_experiments/thirdparty/robosuite/robosuite/controllers/config/robots/default_panda.json (composite_controller_factory.py:121)
2026-08-09 13:47:21,404 | INFO | Loading controller configuration from: /mnt/data/users/haoyu/workspace/code/fpo-control/manipulation_experiments/thirdparty/robosuite/robosuite/controllers/config/robots/default_panda.json
render_gpu_device_id: 1
2026-08-09 13:47:21,578 | INFO | Video key: agentview
2026-08-09 13:47:21,578 | INFO | Using image observation keys: ['agentview']
[robosuite INFO] Loading controller configuration from: /mnt/data/users/haoyu/workspace/code/fpo-control/manipulation_experiments/thirdparty/robosuite/robosuite/controllers/config/robots/default_panda.json (composite_controller_factory.py:121)
2026-08-09 13:47:21,578 | INFO | Loading controller configuration from: /mnt/data/users/haoyu/workspace/code/fpo-control/manipulation_experiments/thirdparty/robosuite/robosuite/controllers/config/robots/default_panda.json
render_gpu_device_id: 1
2026-08-09 13:47:21,581 | INFO | Video key: agentview
2026-08-09 13:47:21,581 | INFO | Using image observation keys: ['agentview']
[robosuite INFO] Loading controller configuration from: /mnt/data/users/haoyu/workspace/code/fpo-control/manipulation_experiments/thirdparty/robosuite/robosuite/controllers/config/robots/default_panda.json (composite_controller_factory.py:121)
2026-08-09 13:47:21,581 | INFO | Loading controller configuration from: /mnt/data/users/haoyu/workspace/code/fpo-control/manipulation_experiments/thirdparty/robosuite/robosuite/controllers/config/robots/default_panda.json
render_gpu_device_id: 1
2026-08-09 13:47:21,613 | INFO | Successfully created NutAssemblySquare environment via robosuite.make() with cameras at 84x84
2026-08-09 13:47:21,613 | INFO | Configured cameras: ['agentview']
2026-08-09 13:47:22,803 | INFO | Successfully created NutAssemblySquare environment via robosuite.make() with cameras at 84x84
2026-08-09 13:47:22,804 | INFO | Configured cameras: ['agentview']
2026-08-09 13:47:23,018 | INFO | Successfully created NutAssemblySquare environment via robosuite.make() with cameras at 84x84
2026-08-09 13:47:23,018 | INFO | Configured cameras: ['agentview']
2026-08-09 13:47:23,059 | INFO | Successfully created NutAssemblySquare environment via robosuite.make() with cameras at 84x84
2026-08-09 13:47:23,059 | INFO | Configured cameras: ['agentview']
2026-08-09 13:47:23,215 | INFO | Successfully created NutAssemblySquare environment via robosuite.make() with cameras at 84x84
2026-08-09 13:47:23,215 | INFO | Configured cameras: ['agentview']
2026-08-09 13:47:23,251 | INFO | Successfully created NutAssemblySquare environment via robosuite.make() with cameras at 84x84
2026-08-09 13:47:23,251 | INFO | Configured cameras: ['agentview']
2026-08-09 13:47:23,372 | INFO | Successfully created NutAssemblySquare environment via robosuite.make() with cameras at 84x84
2026-08-09 13:47:23,372 | INFO | Configured cameras: ['agentview']
2026-08-09 13:47:23,374 | INFO | Successfully created NutAssemblySquare environment via robosuite.make() with cameras at 84x84
2026-08-09 13:47:23,374 | INFO | Configured cameras: ['agentview']
2026-08-09 13:47:24,489 | INFO | Created 8 vectorized Square environments
2026-08-09 13:47:24,489 | INFO | Set video key to 'agentview' for video recording
2026-08-09 13:47:25,526 | INFO | Created observation keys: ['observation.state', 'observation.images.agentview']
2026-08-09 13:47:25,531 | INFO | Created observation keys: ['observation.state', 'observation.images.agentview']
2026-08-09 13:47:25,552 | INFO | Created observation keys: ['observation.state', 'observation.images.agentview']
2026-08-09 13:47:25,581 | INFO | Created observation keys: ['observation.state', 'observation.images.agentview']
2026-08-09 13:47:25,591 | INFO | Created observation keys: ['observation.state', 'observation.images.agentview']
2026-08-09 13:47:25,592 | INFO | Created observation keys: ['observation.state', 'observation.images.agentview']
2026-08-09 13:47:25,661 | INFO | Created observation keys: ['observation.state', 'observation.images.agentview']
2026-08-09 13:47:25,675 | INFO | Created observation keys: ['observation.state', 'observation.images.agentview']
2026-08-09 13:48:02,529 | INFO | direction=9 seed=20261009 sign=+1 envs=8
num_visible_gpus: 1 [1] render_override: 1
2026-08-09 13:48:02,529 | INFO | Production mode: using gymnasium.vector.AsyncVectorEnv
2026-08-09 13:48:02,529 | INFO | Video key: agentview
2026-08-09 13:48:02,529 | INFO | Using image observation keys: ['agentview']
[robosuite INFO] Loading controller configuration from: /mnt/data/users/haoyu/workspace/code/fpo-control/manipulation_experiments/thirdparty/robosuite/robosuite/controllers/config/robots/default_panda.json (composite_controller_factory.py:121)
2026-08-09 13:48:02,530 | INFO | Loading controller configuration from: /mnt/data/users/haoyu/workspace/code/fpo-control/manipulation_experiments/thirdparty/robosuite/robosuite/controllers/config/robots/default_panda.json
render_gpu_device_id: 1
2026-08-09 13:48:03,241 | INFO | Successfully created NutAssemblySquare environment via robosuite.make() with cameras at 84x84
2026-08-09 13:48:03,241 | INFO | Configured cameras: ['agentview']
[robosuite WARNING] No private macro file found! (macros.py:57)
[robosuite WARNING] No private macro file found! (macros.py:57)
[robosuite WARNING] It is recommended to use a private macro file (macros.py:58)
[robosuite WARNING] It is recommended to use a private macro file (macros.py:58)
[robosuite WARNING] To setup, run: python /mnt/data/users/haoyu/workspace/code/fpo-control/manipulation_experiments/thirdparty/robosuite/robosuite/scripts/setup_macros.py (macros.py:59)
[robosuite WARNING] To setup, run: python /mnt/data/users/haoyu/workspace/code/fpo-control/manipulation_experiments/thirdparty/robosuite/robosuite/scripts/setup_macros.py (macros.py:59)
[robosuite WARNING] No private macro file found! (macros.py:57)
[robosuite WARNING] It is recommended to use a private macro file (macros.py:58)
[robosuite WARNING] To setup, run: python /mnt/data/users/haoyu/workspace/code/fpo-control/manipulation_experiments/thirdparty/robosuite/robosuite/scripts/setup_macros.py (macros.py:59)
[robosuite WARNING] No private macro file found! (macros.py:57)
[robosuite WARNING] It is recommended to use a private macro file (macros.py:58)
[robosuite WARNING] To setup, run: python /mnt/data/users/haoyu/workspace/code/fpo-control/manipulation_experiments/thirdparty/robosuite/robosuite/scripts/setup_macros.py (macros.py:59)
[robosuite WARNING] No private macro file found! (macros.py:57)
[robosuite WARNING] It is recommended to use a private macro file (macros.py:58)
[robosuite WARNING] To setup, run: python /mnt/data/users/haoyu/workspace/code/fpo-control/manipulation_experiments/thirdparty/robosuite/robosuite/scripts/setup_macros.py (macros.py:59)
[robosuite WARNING] No private macro file found! (macros.py:57)
[robosuite WARNING] It is recommended to use a private macro file (macros.py:58)
[robosuite WARNING] To setup, run: python /mnt/data/users/haoyu/workspace/code/fpo-control/manipulation_experiments/thirdparty/robosuite/robosuite/scripts/setup_macros.py (macros.py:59)
[robosuite WARNING] No private macro file found! (macros.py:57)
[robosuite WARNING] It is recommended to use a private macro file (macros.py:58)
[robosuite WARNING] To setup, run: python /mnt/data/users/haoyu/workspace/code/fpo-control/manipulation_experiments/thirdparty/robosuite/robosuite/scripts/setup_macros.py (macros.py:59)
[robosuite WARNING] No private macro file found! (macros.py:57)
[robosuite WARNING] It is recommended to use a private macro file (macros.py:58)
[robosuite WARNING] To setup, run: python /mnt/data/users/haoyu/workspace/code/fpo-control/manipulation_experiments/thirdparty/robosuite/robosuite/scripts/setup_macros.py (macros.py:59)
[robosuite WARNING] Could not import robosuite_models. Some robots may not be available. If you want to use these robots, please install robosuite_models from source (https://github.com/ARISE-Initiative/robosuite_models) or through pip install. (__init__.py:30)
[robosuite WARNING] Could not import robosuite_models. Some robots may not be available. If you want to use these robots, please install robosuite_models from source (https://github.com/ARISE-Initiative/robosuite_models) or through pip install. (__init__.py:30)
[robosuite WARNING] Could not import robosuite_models. Some robots may not be available. If you want to use these robots, please install robosuite_models from source (https://github.com/ARISE-Initiative/robosuite_models) or through pip install. (__init__.py:30)
[robosuite WARNING] Could not import robosuite_models. Some robots may not be available. If you want to use these robots, please install robosuite_models from source (https://github.com/ARISE-Initiative/robosuite_models) or through pip install. (__init__.py:30)
[robosuite WARNING] Could not import robosuite_models. Some robots may not be available. If you want to use these robots, please install robosuite_models from source (https://github.com/ARISE-Initiative/robosuite_models) or through pip install. (__init__.py:30)
[robosuite WARNING] Could not import robosuite_models. Some robots may not be available. If you want to use these robots, please install robosuite_models from source (https://github.com/ARISE-Initiative/robosuite_models) or through pip install. (__init__.py:30)
[robosuite WARNING] Could not import robosuite_models. Some robots may not be available. If you want to use these robots, please install robosuite_models from source (https://github.com/ARISE-Initiative/robosuite_models) or through pip install. (__init__.py:30)
[robosuite WARNING] Could not import robosuite_models. Some robots may not be available. If you want to use these robots, please install robosuite_models from source (https://github.com/ARISE-Initiative/robosuite_models) or through pip install. (__init__.py:30)
2026-08-09 13:48:11,756 | INFO | Video key: agentview
2026-08-09 13:48:11,756 | INFO | Using image observation keys: ['agentview']
[robosuite INFO] Loading controller configuration from: /mnt/data/users/haoyu/workspace/code/fpo-control/manipulation_experiments/thirdparty/robosuite/robosuite/controllers/config/robots/default_panda.json (composite_controller_factory.py:121)
2026-08-09 13:48:11,757 | INFO | Loading controller configuration from: /mnt/data/users/haoyu/workspace/code/fpo-control/manipulation_experiments/thirdparty/robosuite/robosuite/controllers/config/robots/default_panda.json
render_gpu_device_id: 1
2026-08-09 13:48:12,481 | INFO | Video key: agentview
2026-08-09 13:48:12,482 | INFO | Using image observation keys: ['agentview']
[robosuite INFO] Loading controller configuration from: /mnt/data/users/haoyu/workspace/code/fpo-control/manipulation_experiments/thirdparty/robosuite/robosuite/controllers/config/robots/default_panda.json (composite_controller_factory.py:121)
2026-08-09 13:48:12,482 | INFO | Loading controller configuration from: /mnt/data/users/haoyu/workspace/code/fpo-control/manipulation_experiments/thirdparty/robosuite/robosuite/controllers/config/robots/default_panda.json
render_gpu_device_id: 1
2026-08-09 13:48:12,506 | INFO | Video key: agentview
2026-08-09 13:48:12,506 | INFO | Using image observation keys: ['agentview']
[robosuite INFO] Loading controller configuration from: /mnt/data/users/haoyu/workspace/code/fpo-control/manipulation_experiments/thirdparty/robosuite/robosuite/controllers/config/robots/default_panda.json (composite_controller_factory.py:121)
2026-08-09 13:48:12,507 | INFO | Loading controller configuration from: /mnt/data/users/haoyu/workspace/code/fpo-control/manipulation_experiments/thirdparty/robosuite/robosuite/controllers/config/robots/default_panda.json
render_gpu_device_id: 1
2026-08-09 13:48:12,897 | INFO | Video key: agentview
2026-08-09 13:48:12,897 | INFO | Using image observation keys: ['agentview']
[robosuite INFO] Loading controller configuration from: /mnt/data/users/haoyu/workspace/code/fpo-control/manipulation_experiments/thirdparty/robosuite/robosuite/controllers/config/robots/default_panda.json (composite_controller_factory.py:121)
2026-08-09 13:48:12,897 | INFO | Loading controller configuration from: /mnt/data/users/haoyu/workspace/code/fpo-control/manipulation_experiments/thirdparty/robosuite/robosuite/controllers/config/robots/default_panda.json
render_gpu_device_id: 1
2026-08-09 13:48:12,905 | INFO | Video key: agentview
2026-08-09 13:48:12,905 | INFO | Using image observation keys: ['agentview']
[robosuite INFO] Loading controller configuration from: /mnt/data/users/haoyu/workspace/code/fpo-control/manipulation_experiments/thirdparty/robosuite/robosuite/controllers/config/robots/default_panda.json (composite_controller_factory.py:121)
2026-08-09 13:48:12,906 | INFO | Loading controller configuration from: /mnt/data/users/haoyu/workspace/code/fpo-control/manipulation_experiments/thirdparty/robosuite/robosuite/controllers/config/robots/default_panda.json
render_gpu_device_id: 1
2026-08-09 13:48:12,972 | INFO | Video key: agentview
2026-08-09 13:48:12,972 | INFO | Using image observation keys: ['agentview']
[robosuite INFO] Loading controller configuration from: /mnt/data/users/haoyu/workspace/code/fpo-control/manipulation_experiments/thirdparty/robosuite/robosuite/controllers/config/robots/default_panda.json (composite_controller_factory.py:121)
2026-08-09 13:48:12,972 | INFO | Loading controller configuration from: /mnt/data/users/haoyu/workspace/code/fpo-control/manipulation_experiments/thirdparty/robosuite/robosuite/controllers/config/robots/default_panda.json
render_gpu_device_id: 1
2026-08-09 13:48:12,974 | INFO | Video key: agentview
2026-08-09 13:48:12,974 | INFO | Using image observation keys: ['agentview']
[robosuite INFO] Loading controller configuration from: /mnt/data/users/haoyu/workspace/code/fpo-control/manipulation_experiments/thirdparty/robosuite/robosuite/controllers/config/robots/default_panda.json (composite_controller_factory.py:121)
2026-08-09 13:48:12,974 | INFO | Loading controller configuration from: /mnt/data/users/haoyu/workspace/code/fpo-control/manipulation_experiments/thirdparty/robosuite/robosuite/controllers/config/robots/default_panda.json
render_gpu_device_id: 1
2026-08-09 13:48:12,983 | INFO | Video key: agentview
2026-08-09 13:48:12,983 | INFO | Using image observation keys: ['agentview']
[robosuite INFO] Loading controller configuration from: /mnt/data/users/haoyu/workspace/code/fpo-control/manipulation_experiments/thirdparty/robosuite/robosuite/controllers/config/robots/default_panda.json (composite_controller_factory.py:121)
2026-08-09 13:48:12,983 | INFO | Loading controller configuration from: /mnt/data/users/haoyu/workspace/code/fpo-control/manipulation_experiments/thirdparty/robosuite/robosuite/controllers/config/robots/default_panda.json
render_gpu_device_id: 1
2026-08-09 13:48:13,589 | INFO | Successfully created NutAssemblySquare environment via robosuite.make() with cameras at 84x84
2026-08-09 13:48:13,589 | INFO | Configured cameras: ['agentview']
2026-08-09 13:48:14,293 | INFO | Successfully created NutAssemblySquare environment via robosuite.make() with cameras at 84x84
2026-08-09 13:48:14,294 | INFO | Configured cameras: ['agentview']
2026-08-09 13:48:14,322 | INFO | Successfully created NutAssemblySquare environment via robosuite.make() with cameras at 84x84
2026-08-09 13:48:14,322 | INFO | Configured cameras: ['agentview']
2026-08-09 13:48:14,736 | INFO | Successfully created NutAssemblySquare environment via robosuite.make() with cameras at 84x84
2026-08-09 13:48:14,736 | INFO | Configured cameras: ['agentview']
2026-08-09 13:48:14,739 | INFO | Successfully created NutAssemblySquare environment via robosuite.make() with cameras at 84x84
2026-08-09 13:48:14,739 | INFO | Configured cameras: ['agentview']
2026-08-09 13:48:14,765 | INFO | Successfully created NutAssemblySquare environment via robosuite.make() with cameras at 84x84
2026-08-09 13:48:14,765 | INFO | Configured cameras: ['agentview']
2026-08-09 13:48:14,766 | INFO | Successfully created NutAssemblySquare environment via robosuite.make() with cameras at 84x84
2026-08-09 13:48:14,766 | INFO | Configured cameras: ['agentview']
2026-08-09 13:48:14,849 | INFO | Successfully created NutAssemblySquare environment via robosuite.make() with cameras at 84x84
2026-08-09 13:48:14,849 | INFO | Configured cameras: ['agentview']
2026-08-09 13:48:15,967 | INFO | Created 8 vectorized Square environments
2026-08-09 13:48:15,968 | INFO | Set video key to 'agentview' for video recording
2026-08-09 13:48:17,030 | INFO | Created observation keys: ['observation.state', 'observation.images.agentview']
2026-08-09 13:48:17,031 | INFO | Created observation keys: ['observation.state', 'observation.images.agentview']
2026-08-09 13:48:17,045 | INFO | Created observation keys: ['observation.state', 'observation.images.agentview']
2026-08-09 13:48:17,066 | INFO | Created observation keys: ['observation.state', 'observation.images.agentview']
2026-08-09 13:48:17,080 | INFO | Created observation keys: ['observation.state', 'observation.images.agentview']
2026-08-09 13:48:17,096 | INFO | Created observation keys: ['observation.state', 'observation.images.agentview']
2026-08-09 13:48:17,107 | INFO | Created observation keys: ['observation.state', 'observation.images.agentview']
2026-08-09 13:48:17,110 | INFO | Created observation keys: ['observation.state', 'observation.images.agentview']
2026-08-09 13:48:55,954 | INFO | direction=10 seed=20261010 sign=-1 envs=8
num_visible_gpus: 1 [1] render_override: 1
2026-08-09 13:48:55,954 | INFO | Production mode: using gymnasium.vector.AsyncVectorEnv
2026-08-09 13:48:55,954 | INFO | Video key: agentview
2026-08-09 13:48:55,954 | INFO | Using image observation keys: ['agentview']
[robosuite INFO] Loading controller configuration from: /mnt/data/users/haoyu/workspace/code/fpo-control/manipulation_experiments/thirdparty/robosuite/robosuite/controllers/config/robots/default_panda.json (composite_controller_factory.py:121)
2026-08-09 13:48:55,954 | INFO | Loading controller configuration from: /mnt/data/users/haoyu/workspace/code/fpo-control/manipulation_experiments/thirdparty/robosuite/robosuite/controllers/config/robots/default_panda.json
render_gpu_device_id: 1
2026-08-09 13:48:56,816 | INFO | Successfully created NutAssemblySquare environment via robosuite.make() with cameras at 84x84
2026-08-09 13:48:56,816 | INFO | Configured cameras: ['agentview']
[robosuite WARNING] No private macro file found! (macros.py:57)
[robosuite WARNING] It is recommended to use a private macro file (macros.py:58)
[robosuite WARNING] To setup, run: python /mnt/data/users/haoyu/workspace/code/fpo-control/manipulation_experiments/thirdparty/robosuite/robosuite/scripts/setup_macros.py (macros.py:59)
[robosuite WARNING] No private macro file found! (macros.py:57)
[robosuite WARNING] It is recommended to use a private macro file (macros.py:58)
[robosuite WARNING] To setup, run: python /mnt/data/users/haoyu/workspace/code/fpo-control/manipulation_experiments/thirdparty/robosuite/robosuite/scripts/setup_macros.py (macros.py:59)
[robosuite WARNING] No private macro file found! (macros.py:57)
[robosuite WARNING] It is recommended to use a private macro file (macros.py:58)
[robosuite WARNING] To setup, run: python /mnt/data/users/haoyu/workspace/code/fpo-control/manipulation_experiments/thirdparty/robosuite/robosuite/scripts/setup_macros.py (macros.py:59)
[robosuite WARNING] No private macro file found! (macros.py:57)
[robosuite WARNING] It is recommended to use a private macro file (macros.py:58)
[robosuite WARNING] To setup, run: python /mnt/data/users/haoyu/workspace/code/fpo-control/manipulation_experiments/thirdparty/robosuite/robosuite/scripts/setup_macros.py (macros.py:59)
[robosuite WARNING] No private macro file found! (macros.py:57)
[robosuite WARNING] It is recommended to use a private macro file (macros.py:58)
[robosuite WARNING] To setup, run: python /mnt/data/users/haoyu/workspace/code/fpo-control/manipulation_experiments/thirdparty/robosuite/robosuite/scripts/setup_macros.py (macros.py:59)
[robosuite WARNING] No private macro file found! (macros.py:57)
[robosuite WARNING] It is recommended to use a private macro file (macros.py:58)
[robosuite WARNING] To setup, run: python /mnt/data/users/haoyu/workspace/code/fpo-control/manipulation_experiments/thirdparty/robosuite/robosuite/scripts/setup_macros.py (macros.py:59)
[robosuite WARNING] No private macro file found! (macros.py:57)
[robosuite WARNING] It is recommended to use a private macro file (macros.py:58)
[robosuite WARNING] To setup, run: python /mnt/data/users/haoyu/workspace/code/fpo-control/manipulation_experiments/thirdparty/robosuite/robosuite/scripts/setup_macros.py (macros.py:59)
[robosuite WARNING] No private macro file found! (macros.py:57)
[robosuite WARNING] It is recommended to use a private macro file (macros.py:58)
[robosuite WARNING] To setup, run: python /mnt/data/users/haoyu/workspace/code/fpo-control/manipulation_experiments/thirdparty/robosuite/robosuite/scripts/setup_macros.py (macros.py:59)
[robosuite WARNING] Could not import robosuite_models. Some robots may not be available. If you want to use these robots, please install robosuite_models from source (https://github.com/ARISE-Initiative/robosuite_models) or through pip install. (__init__.py:30)
[robosuite WARNING] Could not import robosuite_models. Some robots may not be available. If you want to use these robots, please install robosuite_models from source (https://github.com/ARISE-Initiative/robosuite_models) or through pip install. (__init__.py:30)
[robosuite WARNING] Could not import robosuite_models. Some robots may not be available. If you want to use these robots, please install robosuite_models from source (https://github.com/ARISE-Initiative/robosuite_models) or through pip install. (__init__.py:30)
[robosuite WARNING] Could not import robosuite_models. Some robots may not be available. If you want to use these robots, please install robosuite_models from source (https://github.com/ARISE-Initiative/robosuite_models) or through pip install. (__init__.py:30)
[robosuite WARNING] Could not import robosuite_models. Some robots may not be available. If you want to use these robots, please install robosuite_models from source (https://github.com/ARISE-Initiative/robosuite_models) or through pip install. (__init__.py:30)
[robosuite WARNING] Could not import robosuite_models. Some robots may not be available. If you want to use these robots, please install robosuite_models from source (https://github.com/ARISE-Initiative/robosuite_models) or through pip install. (__init__.py:30)
[robosuite WARNING] Could not import robosuite_models. Some robots may not be available. If you want to use these robots, please install robosuite_models from source (https://github.com/ARISE-Initiative/robosuite_models) or through pip install. (__init__.py:30)
[robosuite WARNING] Could not import robosuite_models. Some robots may not be available. If you want to use these robots, please install robosuite_models from source (https://github.com/ARISE-Initiative/robosuite_models) or through pip install. (__init__.py:30)
2026-08-09 13:49:04,897 | INFO | Video key: agentview
2026-08-09 13:49:04,897 | INFO | Using image observation keys: ['agentview']
[robosuite INFO] Loading controller configuration from: /mnt/data/users/haoyu/workspace/code/fpo-control/manipulation_experiments/thirdparty/robosuite/robosuite/controllers/config/robots/default_panda.json (composite_controller_factory.py:121)
2026-08-09 13:49:04,897 | INFO | Loading controller configuration from: /mnt/data/users/haoyu/workspace/code/fpo-control/manipulation_experiments/thirdparty/robosuite/robosuite/controllers/config/robots/default_panda.json
render_gpu_device_id: 1
2026-08-09 13:49:05,571 | INFO | Video key: agentview
2026-08-09 13:49:05,571 | INFO | Using image observation keys: ['agentview']
[robosuite INFO] Loading controller configuration from: /mnt/data/users/haoyu/workspace/code/fpo-control/manipulation_experiments/thirdparty/robosuite/robosuite/controllers/config/robots/default_panda.json (composite_controller_factory.py:121)
2026-08-09 13:49:05,571 | INFO | Loading controller configuration from: /mnt/data/users/haoyu/workspace/code/fpo-control/manipulation_experiments/thirdparty/robosuite/robosuite/controllers/config/robots/default_panda.json
render_gpu_device_id: 1
2026-08-09 13:49:05,707 | INFO | Video key: agentview
2026-08-09 13:49:05,707 | INFO | Using image observation keys: ['agentview']
[robosuite INFO] Loading controller configuration from: /mnt/data/users/haoyu/workspace/code/fpo-control/manipulation_experiments/thirdparty/robosuite/robosuite/controllers/config/robots/default_panda.json (composite_controller_factory.py:121)
2026-08-09 13:49:05,707 | INFO | Loading controller configuration from: /mnt/data/users/haoyu/workspace/code/fpo-control/manipulation_experiments/thirdparty/robosuite/robosuite/controllers/config/robots/default_panda.json
render_gpu_device_id: 1
2026-08-09 13:49:05,707 | INFO | Video key: agentview
2026-08-09 13:49:05,708 | INFO | Using image observation keys: ['agentview']
[robosuite INFO] Loading controller configuration from: /mnt/data/users/haoyu/workspace/code/fpo-control/manipulation_experiments/thirdparty/robosuite/robosuite/controllers/config/robots/default_panda.json (composite_controller_factory.py:121)
2026-08-09 13:49:05,708 | INFO | Loading controller configuration from: /mnt/data/users/haoyu/workspace/code/fpo-control/manipulation_experiments/thirdparty/robosuite/robosuite/controllers/config/robots/default_panda.json
render_gpu_device_id: 1
2026-08-09 13:49:06,303 | INFO | Video key: agentview
2026-08-09 13:49:06,303 | INFO | Using image observation keys: ['agentview']
[robosuite INFO] Loading controller configuration from: /mnt/data/users/haoyu/workspace/code/fpo-control/manipulation_experiments/thirdparty/robosuite/robosuite/controllers/config/robots/default_panda.json (composite_controller_factory.py:121)
2026-08-09 13:49:06,303 | INFO | Loading controller configuration from: /mnt/data/users/haoyu/workspace/code/fpo-control/manipulation_experiments/thirdparty/robosuite/robosuite/controllers/config/robots/default_panda.json
render_gpu_device_id: 1
2026-08-09 13:49:06,313 | INFO | Video key: agentview
2026-08-09 13:49:06,314 | INFO | Using image observation keys: ['agentview']
[robosuite INFO] Loading controller configuration from: /mnt/data/users/haoyu/workspace/code/fpo-control/manipulation_experiments/thirdparty/robosuite/robosuite/controllers/config/robots/default_panda.json (composite_controller_factory.py:121)
2026-08-09 13:49:06,314 | INFO | Loading controller configuration from: /mnt/data/users/haoyu/workspace/code/fpo-control/manipulation_experiments/thirdparty/robosuite/robosuite/controllers/config/robots/default_panda.json
render_gpu_device_id: 1
2026-08-09 13:49:06,346 | INFO | Video key: agentview
2026-08-09 13:49:06,347 | INFO | Using image observation keys: ['agentview']
[robosuite INFO] Loading controller configuration from: /mnt/data/users/haoyu/workspace/code/fpo-control/manipulation_experiments/thirdparty/robosuite/robosuite/controllers/config/robots/default_panda.json (composite_controller_factory.py:121)
2026-08-09 13:49:06,347 | INFO | Loading controller configuration from: /mnt/data/users/haoyu/workspace/code/fpo-control/manipulation_experiments/thirdparty/robosuite/robosuite/controllers/config/robots/default_panda.json
render_gpu_device_id: 1
2026-08-09 13:49:06,367 | INFO | Video key: agentview
2026-08-09 13:49:06,368 | INFO | Using image observation keys: ['agentview']
[robosuite INFO] Loading controller configuration from: /mnt/data/users/haoyu/workspace/code/fpo-control/manipulation_experiments/thirdparty/robosuite/robosuite/controllers/config/robots/default_panda.json (composite_controller_factory.py:121)
2026-08-09 13:49:06,368 | INFO | Loading controller configuration from: /mnt/data/users/haoyu/workspace/code/fpo-control/manipulation_experiments/thirdparty/robosuite/robosuite/controllers/config/robots/default_panda.json
render_gpu_device_id: 1
2026-08-09 13:49:06,708 | INFO | Successfully created NutAssemblySquare environment via robosuite.make() with cameras at 84x84
2026-08-09 13:49:06,708 | INFO | Configured cameras: ['agentview']
2026-08-09 13:49:07,464 | INFO | Successfully created NutAssemblySquare environment via robosuite.make() with cameras at 84x84
2026-08-09 13:49:07,464 | INFO | Configured cameras: ['agentview']
2026-08-09 13:49:07,511 | INFO | Successfully created NutAssemblySquare environment via robosuite.make() with cameras at 84x84
2026-08-09 13:49:07,511 | INFO | Configured cameras: ['agentview']
2026-08-09 13:49:07,582 | INFO | Successfully created NutAssemblySquare environment via robosuite.make() with cameras at 84x84
2026-08-09 13:49:07,582 | INFO | Configured cameras: ['agentview']
2026-08-09 13:49:08,146 | INFO | Successfully created NutAssemblySquare environment via robosuite.make() with cameras at 84x84
2026-08-09 13:49:08,147 | INFO | Configured cameras: ['agentview']
2026-08-09 13:49:08,183 | INFO | Successfully created NutAssemblySquare environment via robosuite.make() with cameras at 84x84
2026-08-09 13:49:08,183 | INFO | Configured cameras: ['agentview']
2026-08-09 13:49:08,188 | INFO | Successfully created NutAssemblySquare environment via robosuite.make() with cameras at 84x84
2026-08-09 13:49:08,188 | INFO | Configured cameras: ['agentview']
2026-08-09 13:49:08,221 | INFO | Successfully created NutAssemblySquare environment via robosuite.make() with cameras at 84x84
2026-08-09 13:49:08,221 | INFO | Configured cameras: ['agentview']
2026-08-09 13:49:09,367 | INFO | Created 8 vectorized Square environments
2026-08-09 13:49:09,367 | INFO | Set video key to 'agentview' for video recording
2026-08-09 13:49:10,404 | INFO | Created observation keys: ['observation.state', 'observation.images.agentview']
2026-08-09 13:49:10,432 | INFO | Created observation keys: ['observation.state', 'observation.images.agentview']
2026-08-09 13:49:10,437 | INFO | Created observation keys: ['observation.state', 'observation.images.agentview']
2026-08-09 13:49:10,446 | INFO | Created observation keys: ['observation.state', 'observation.images.agentview']
2026-08-09 13:49:10,500 | INFO | Created observation keys: ['observation.state', 'observation.images.agentview']
2026-08-09 13:49:10,506 | INFO | Created observation keys: ['observation.state', 'observation.images.agentview']
2026-08-09 13:49:10,519 | INFO | Created observation keys: ['observation.state', 'observation.images.agentview']
2026-08-09 13:49:10,525 | INFO | Created observation keys: ['observation.state', 'observation.images.agentview']
2026-08-09 13:49:47,187 | INFO | direction=10 seed=20261010 sign=+1 envs=8
num_visible_gpus: 1 [1] render_override: 1
2026-08-09 13:49:47,188 | INFO | Production mode: using gymnasium.vector.AsyncVectorEnv
2026-08-09 13:49:47,188 | INFO | Video key: agentview
2026-08-09 13:49:47,188 | INFO | Using image observation keys: ['agentview']
[robosuite INFO] Loading controller configuration from: /mnt/data/users/haoyu/workspace/code/fpo-control/manipulation_experiments/thirdparty/robosuite/robosuite/controllers/config/robots/default_panda.json (composite_controller_factory.py:121)
2026-08-09 13:49:47,188 | INFO | Loading controller configuration from: /mnt/data/users/haoyu/workspace/code/fpo-control/manipulation_experiments/thirdparty/robosuite/robosuite/controllers/config/robots/default_panda.json
render_gpu_device_id: 1
2026-08-09 13:49:47,964 | INFO | Successfully created NutAssemblySquare environment via robosuite.make() with cameras at 84x84
2026-08-09 13:49:47,964 | INFO | Configured cameras: ['agentview']
[robosuite WARNING] No private macro file found! (macros.py:57)
[robosuite WARNING] No private macro file found! (macros.py:57)
[robosuite WARNING] It is recommended to use a private macro file (macros.py:58)
[robosuite WARNING] It is recommended to use a private macro file (macros.py:58)
[robosuite WARNING] To setup, run: python /mnt/data/users/haoyu/workspace/code/fpo-control/manipulation_experiments/thirdparty/robosuite/robosuite/scripts/setup_macros.py (macros.py:59)
[robosuite WARNING] To setup, run: python /mnt/data/users/haoyu/workspace/code/fpo-control/manipulation_experiments/thirdparty/robosuite/robosuite/scripts/setup_macros.py (macros.py:59)
[robosuite WARNING] No private macro file found! (macros.py:57)
[robosuite WARNING] It is recommended to use a private macro file (macros.py:58)
[robosuite WARNING] To setup, run: python /mnt/data/users/haoyu/workspace/code/fpo-control/manipulation_experiments/thirdparty/robosuite/robosuite/scripts/setup_macros.py (macros.py:59)
[robosuite WARNING] No private macro file found! (macros.py:57)
[robosuite WARNING] It is recommended to use a private macro file (macros.py:58)
[robosuite WARNING] To setup, run: python /mnt/data/users/haoyu/workspace/code/fpo-control/manipulation_experiments/thirdparty/robosuite/robosuite/scripts/setup_macros.py (macros.py:59)
[robosuite WARNING] No private macro file found! (macros.py:57)
[robosuite WARNING] It is recommended to use a private macro file (macros.py:58)
[robosuite WARNING] To setup, run: python /mnt/data/users/haoyu/workspace/code/fpo-control/manipulation_experiments/thirdparty/robosuite/robosuite/scripts/setup_macros.py (macros.py:59)
[robosuite WARNING] No private macro file found! (macros.py:57)
[robosuite WARNING] It is recommended to use a private macro file (macros.py:58)
[robosuite WARNING] To setup, run: python /mnt/data/users/haoyu/workspace/code/fpo-control/manipulation_experiments/thirdparty/robosuite/robosuite/scripts/setup_macros.py (macros.py:59)
[robosuite WARNING] No private macro file found! (macros.py:57)
[robosuite WARNING] It is recommended to use a private macro file (macros.py:58)
[robosuite WARNING] To setup, run: python /mnt/data/users/haoyu/workspace/code/fpo-control/manipulation_experiments/thirdparty/robosuite/robosuite/scripts/setup_macros.py (macros.py:59)
[robosuite WARNING] No private macro file found! (macros.py:57)
[robosuite WARNING] It is recommended to use a private macro file (macros.py:58)
[robosuite WARNING] To setup, run: python /mnt/data/users/haoyu/workspace/code/fpo-control/manipulation_experiments/thirdparty/robosuite/robosuite/scripts/setup_macros.py (macros.py:59)
[robosuite WARNING] Could not import robosuite_models. Some robots may not be available. If you want to use these robots, please install robosuite_models from source (https://github.com/ARISE-Initiative/robosuite_models) or through pip install. (__init__.py:30)
[robosuite WARNING] Could not import robosuite_models. Some robots may not be available. If you want to use these robots, please install robosuite_models from source (https://github.com/ARISE-Initiative/robosuite_models) or through pip install. (__init__.py:30)
[robosuite WARNING] Could not import robosuite_models. Some robots may not be available. If you want to use these robots, please install robosuite_models from source (https://github.com/ARISE-Initiative/robosuite_models) or through pip install. (__init__.py:30)
[robosuite WARNING] Could not import robosuite_models. Some robots may not be available. If you want to use these robots, please install robosuite_models from source (https://github.com/ARISE-Initiative/robosuite_models) or through pip install. (__init__.py:30)
[robosuite WARNING] Could not import robosuite_models. Some robots may not be available. If you want to use these robots, please install robosuite_models from source (https://github.com/ARISE-Initiative/robosuite_models) or through pip install. (__init__.py:30)
[robosuite WARNING] Could not import robosuite_models. Some robots may not be available. If you want to use these robots, please install robosuite_models from source (https://github.com/ARISE-Initiative/robosuite_models) or through pip install. (__init__.py:30)
[robosuite WARNING] Could not import robosuite_models. Some robots may not be available. If you want to use these robots, please install robosuite_models from source (https://github.com/ARISE-Initiative/robosuite_models) or through pip install. (__init__.py:30)
[robosuite WARNING] Could not import robosuite_models. Some robots may not be available. If you want to use these robots, please install robosuite_models from source (https://github.com/ARISE-Initiative/robosuite_models) or through pip install. (__init__.py:30)
2026-08-09 13:49:55,829 | INFO | Video key: agentview
2026-08-09 13:49:55,829 | INFO | Using image observation keys: ['agentview']
[robosuite INFO] Loading controller configuration from: /mnt/data/users/haoyu/workspace/code/fpo-control/manipulation_experiments/thirdparty/robosuite/robosuite/controllers/config/robots/default_panda.json (composite_controller_factory.py:121)
2026-08-09 13:49:55,829 | INFO | Loading controller configuration from: /mnt/data/users/haoyu/workspace/code/fpo-control/manipulation_experiments/thirdparty/robosuite/robosuite/controllers/config/robots/default_panda.json
render_gpu_device_id: 1
2026-08-09 13:49:56,245 | INFO | Video key: agentview
2026-08-09 13:49:56,245 | INFO | Using image observation keys: ['agentview']
[robosuite INFO] Loading controller configuration from: /mnt/data/users/haoyu/workspace/code/fpo-control/manipulation_experiments/thirdparty/robosuite/robosuite/controllers/config/robots/default_panda.json (composite_controller_factory.py:121)
2026-08-09 13:49:56,245 | INFO | Loading controller configuration from: /mnt/data/users/haoyu/workspace/code/fpo-control/manipulation_experiments/thirdparty/robosuite/robosuite/controllers/config/robots/default_panda.json
render_gpu_device_id: 1
2026-08-09 13:49:56,791 | INFO | Video key: agentview
2026-08-09 13:49:56,791 | INFO | Using image observation keys: ['agentview']
[robosuite INFO] Loading controller configuration from: /mnt/data/users/haoyu/workspace/code/fpo-control/manipulation_experiments/thirdparty/robosuite/robosuite/controllers/config/robots/default_panda.json (composite_controller_factory.py:121)
2026-08-09 13:49:56,792 | INFO | Loading controller configuration from: /mnt/data/users/haoyu/workspace/code/fpo-control/manipulation_experiments/thirdparty/robosuite/robosuite/controllers/config/robots/default_panda.json
render_gpu_device_id: 1
2026-08-09 13:49:57,244 | INFO | Video key: agentview
2026-08-09 13:49:57,244 | INFO | Using image observation keys: ['agentview']
[robosuite INFO] Loading controller configuration from: /mnt/data/users/haoyu/workspace/code/fpo-control/manipulation_experiments/thirdparty/robosuite/robosuite/controllers/config/robots/default_panda.json (composite_controller_factory.py:121)
2026-08-09 13:49:57,244 | INFO | Loading controller configuration from: /mnt/data/users/haoyu/workspace/code/fpo-control/manipulation_experiments/thirdparty/robosuite/robosuite/controllers/config/robots/default_panda.json
render_gpu_device_id: 1
2026-08-09 13:49:57,256 | INFO | Video key: agentview
2026-08-09 13:49:57,256 | INFO | Using image observation keys: ['agentview']
[robosuite INFO] Loading controller configuration from: /mnt/data/users/haoyu/workspace/code/fpo-control/manipulation_experiments/thirdparty/robosuite/robosuite/controllers/config/robots/default_panda.json (composite_controller_factory.py:121)
2026-08-09 13:49:57,256 | INFO | Loading controller configuration from: /mnt/data/users/haoyu/workspace/code/fpo-control/manipulation_experiments/thirdparty/robosuite/robosuite/controllers/config/robots/default_panda.json
render_gpu_device_id: 1
2026-08-09 13:49:57,265 | INFO | Video key: agentview
2026-08-09 13:49:57,265 | INFO | Using image observation keys: ['agentview']
[robosuite INFO] Loading controller configuration from: /mnt/data/users/haoyu/workspace/code/fpo-control/manipulation_experiments/thirdparty/robosuite/robosuite/controllers/config/robots/default_panda.json (composite_controller_factory.py:121)
2026-08-09 13:49:57,266 | INFO | Loading controller configuration from: /mnt/data/users/haoyu/workspace/code/fpo-control/manipulation_experiments/thirdparty/robosuite/robosuite/controllers/config/robots/default_panda.json
render_gpu_device_id: 1
2026-08-09 13:49:57,285 | INFO | Video key: agentview
2026-08-09 13:49:57,285 | INFO | Using image observation keys: ['agentview']
[robosuite INFO] Loading controller configuration from: /mnt/data/users/haoyu/workspace/code/fpo-control/manipulation_experiments/thirdparty/robosuite/robosuite/controllers/config/robots/default_panda.json (composite_controller_factory.py:121)
2026-08-09 13:49:57,285 | INFO | Loading controller configuration from: /mnt/data/users/haoyu/workspace/code/fpo-control/manipulation_experiments/thirdparty/robosuite/robosuite/controllers/config/robots/default_panda.json
render_gpu_device_id: 1
2026-08-09 13:49:57,294 | INFO | Video key: agentview
2026-08-09 13:49:57,294 | INFO | Using image observation keys: ['agentview']
[robosuite INFO] Loading controller configuration from: /mnt/data/users/haoyu/workspace/code/fpo-control/manipulation_experiments/thirdparty/robosuite/robosuite/controllers/config/robots/default_panda.json (composite_controller_factory.py:121)
2026-08-09 13:49:57,294 | INFO | Loading controller configuration from: /mnt/data/users/haoyu/workspace/code/fpo-control/manipulation_experiments/thirdparty/robosuite/robosuite/controllers/config/robots/default_panda.json
render_gpu_device_id: 1
2026-08-09 13:49:57,617 | INFO | Successfully created NutAssemblySquare environment via robosuite.make() with cameras at 84x84
2026-08-09 13:49:57,617 | INFO | Configured cameras: ['agentview']
2026-08-09 13:49:58,053 | INFO | Successfully created NutAssemblySquare environment via robosuite.make() with cameras at 84x84
2026-08-09 13:49:58,053 | INFO | Configured cameras: ['agentview']
2026-08-09 13:49:58,676 | INFO | Successfully created NutAssemblySquare environment via robosuite.make() with cameras at 84x84
2026-08-09 13:49:58,676 | INFO | Configured cameras: ['agentview']
2026-08-09 13:49:59,072 | INFO | Successfully created NutAssemblySquare environment via robosuite.make() with cameras at 84x84
2026-08-09 13:49:59,072 | INFO | Configured cameras: ['agentview']
2026-08-09 13:49:59,086 | INFO | Successfully created NutAssemblySquare environment via robosuite.make() with cameras at 84x84
2026-08-09 13:49:59,086 | INFO | Configured cameras: ['agentview']
2026-08-09 13:49:59,087 | INFO | Successfully created NutAssemblySquare environment via robosuite.make() with cameras at 84x84
2026-08-09 13:49:59,087 | INFO | Configured cameras: ['agentview']
2026-08-09 13:49:59,101 | INFO | Successfully created NutAssemblySquare environment via robosuite.make() with cameras at 84x84
2026-08-09 13:49:59,101 | INFO | Configured cameras: ['agentview']
2026-08-09 13:49:59,117 | INFO | Successfully created NutAssemblySquare environment via robosuite.make() with cameras at 84x84
2026-08-09 13:49:59,117 | INFO | Configured cameras: ['agentview']
2026-08-09 13:50:00,266 | INFO | Created 8 vectorized Square environments
2026-08-09 13:50:00,266 | INFO | Set video key to 'agentview' for video recording
2026-08-09 13:50:01,326 | INFO | Created observation keys: ['observation.state', 'observation.images.agentview']
2026-08-09 13:50:01,330 | INFO | Created observation keys: ['observation.state', 'observation.images.agentview']
2026-08-09 13:50:01,344 | INFO | Created observation keys: ['observation.state', 'observation.images.agentview']
2026-08-09 13:50:01,358 | INFO | Created observation keys: ['observation.state', 'observation.images.agentview']
2026-08-09 13:50:01,390 | INFO | Created observation keys: ['observation.state', 'observation.images.agentview']
2026-08-09 13:50:01,401 | INFO | Created observation keys: ['observation.state', 'observation.images.agentview']
2026-08-09 13:50:01,406 | INFO | Created observation keys: ['observation.state', 'observation.images.agentview']
2026-08-09 13:50:01,415 | INFO | Created observation keys: ['observation.state', 'observation.images.agentview']
2026-08-09 13:50:40,983 | INFO | direction=11 seed=20261011 sign=-1 envs=8
num_visible_gpus: 1 [1] render_override: 1
2026-08-09 13:50:40,983 | INFO | Production mode: using gymnasium.vector.AsyncVectorEnv
2026-08-09 13:50:40,983 | INFO | Video key: agentview
2026-08-09 13:50:40,983 | INFO | Using image observation keys: ['agentview']
[robosuite INFO] Loading controller configuration from: /mnt/data/users/haoyu/workspace/code/fpo-control/manipulation_experiments/thirdparty/robosuite/robosuite/controllers/config/robots/default_panda.json (composite_controller_factory.py:121)
2026-08-09 13:50:40,983 | INFO | Loading controller configuration from: /mnt/data/users/haoyu/workspace/code/fpo-control/manipulation_experiments/thirdparty/robosuite/robosuite/controllers/config/robots/default_panda.json
render_gpu_device_id: 1
2026-08-09 13:50:41,805 | INFO | Successfully created NutAssemblySquare environment via robosuite.make() with cameras at 84x84
2026-08-09 13:50:41,805 | INFO | Configured cameras: ['agentview']
[robosuite WARNING] No private macro file found! (macros.py:57)
[robosuite WARNING] No private macro file found! (macros.py:57)
[robosuite WARNING] It is recommended to use a private macro file (macros.py:58)
[robosuite WARNING] It is recommended to use a private macro file (macros.py:58)
[robosuite WARNING] To setup, run: python /mnt/data/users/haoyu/workspace/code/fpo-control/manipulation_experiments/thirdparty/robosuite/robosuite/scripts/setup_macros.py (macros.py:59)
[robosuite WARNING] To setup, run: python /mnt/data/users/haoyu/workspace/code/fpo-control/manipulation_experiments/thirdparty/robosuite/robosuite/scripts/setup_macros.py (macros.py:59)
[robosuite WARNING] No private macro file found! (macros.py:57)
[robosuite WARNING] It is recommended to use a private macro file (macros.py:58)
[robosuite WARNING] To setup, run: python /mnt/data/users/haoyu/workspace/code/fpo-control/manipulation_experiments/thirdparty/robosuite/robosuite/scripts/setup_macros.py (macros.py:59)
[robosuite WARNING] No private macro file found! (macros.py:57)
[robosuite WARNING] It is recommended to use a private macro file (macros.py:58)
[robosuite WARNING] To setup, run: python /mnt/data/users/haoyu/workspace/code/fpo-control/manipulation_experiments/thirdparty/robosuite/robosuite/scripts/setup_macros.py (macros.py:59)
[robosuite WARNING] No private macro file found! (macros.py:57)
[robosuite WARNING] It is recommended to use a private macro file (macros.py:58)
[robosuite WARNING] To setup, run: python /mnt/data/users/haoyu/workspace/code/fpo-control/manipulation_experiments/thirdparty/robosuite/robosuite/scripts/setup_macros.py (macros.py:59)
[robosuite WARNING] No private macro file found! (macros.py:57)
[robosuite WARNING] It is recommended to use a private macro file (macros.py:58)
[robosuite WARNING] To setup, run: python /mnt/data/users/haoyu/workspace/code/fpo-control/manipulation_experiments/thirdparty/robosuite/robosuite/scripts/setup_macros.py (macros.py:59)
[robosuite WARNING] No private macro file found! (macros.py:57)
[robosuite WARNING] It is recommended to use a private macro file (macros.py:58)
[robosuite WARNING] To setup, run: python /mnt/data/users/haoyu/workspace/code/fpo-control/manipulation_experiments/thirdparty/robosuite/robosuite/scripts/setup_macros.py (macros.py:59)
[robosuite WARNING] No private macro file found! (macros.py:57)
[robosuite WARNING] It is recommended to use a private macro file (macros.py:58)
[robosuite WARNING] To setup, run: python /mnt/data/users/haoyu/workspace/code/fpo-control/manipulation_experiments/thirdparty/robosuite/robosuite/scripts/setup_macros.py (macros.py:59)
[robosuite WARNING] Could not import robosuite_models. Some robots may not be available. If you want to use these robots, please install robosuite_models from source (https://github.com/ARISE-Initiative/robosuite_models) or through pip install. (__init__.py:30)
[robosuite WARNING] Could not import robosuite_models. Some robots may not be available. If you want to use these robots, please install robosuite_models from source (https://github.com/ARISE-Initiative/robosuite_models) or through pip install. (__init__.py:30)
[robosuite WARNING] Could not import robosuite_models. Some robots may not be available. If you want to use these robots, please install robosuite_models from source (https://github.com/ARISE-Initiative/robosuite_models) or through pip install. (__init__.py:30)
[robosuite WARNING] Could not import robosuite_models. Some robots may not be available. If you want to use these robots, please install robosuite_models from source (https://github.com/ARISE-Initiative/robosuite_models) or through pip install. (__init__.py:30)
[robosuite WARNING] Could not import robosuite_models. Some robots may not be available. If you want to use these robots, please install robosuite_models from source (https://github.com/ARISE-Initiative/robosuite_models) or through pip install. (__init__.py:30)
[robosuite WARNING] Could not import robosuite_models. Some robots may not be available. If you want to use these robots, please install robosuite_models from source (https://github.com/ARISE-Initiative/robosuite_models) or through pip install. (__init__.py:30)
[robosuite WARNING] Could not import robosuite_models. Some robots may not be available. If you want to use these robots, please install robosuite_models from source (https://github.com/ARISE-Initiative/robosuite_models) or through pip install. (__init__.py:30)
[robosuite WARNING] Could not import robosuite_models. Some robots may not be available. If you want to use these robots, please install robosuite_models from source (https://github.com/ARISE-Initiative/robosuite_models) or through pip install. (__init__.py:30)
2026-08-09 13:50:50,821 | INFO | Video key: agentview
2026-08-09 13:50:50,821 | INFO | Using image observation keys: ['agentview']
[robosuite INFO] Loading controller configuration from: /mnt/data/users/haoyu/workspace/code/fpo-control/manipulation_experiments/thirdparty/robosuite/robosuite/controllers/config/robots/default_panda.json (composite_controller_factory.py:121)
2026-08-09 13:50:50,821 | INFO | Loading controller configuration from: /mnt/data/users/haoyu/workspace/code/fpo-control/manipulation_experiments/thirdparty/robosuite/robosuite/controllers/config/robots/default_panda.json
render_gpu_device_id: 1
2026-08-09 13:50:51,015 | INFO | Video key: agentview
2026-08-09 13:50:51,015 | INFO | Using image observation keys: ['agentview']
[robosuite INFO] Loading controller configuration from: /mnt/data/users/haoyu/workspace/code/fpo-control/manipulation_experiments/thirdparty/robosuite/robosuite/controllers/config/robots/default_panda.json (composite_controller_factory.py:121)
2026-08-09 13:50:51,015 | INFO | Loading controller configuration from: /mnt/data/users/haoyu/workspace/code/fpo-control/manipulation_experiments/thirdparty/robosuite/robosuite/controllers/config/robots/default_panda.json
render_gpu_device_id: 1
2026-08-09 13:50:51,159 | INFO | Video key: agentview
2026-08-09 13:50:51,159 | INFO | Using image observation keys: ['agentview']
[robosuite INFO] Loading controller configuration from: /mnt/data/users/haoyu/workspace/code/fpo-control/manipulation_experiments/thirdparty/robosuite/robosuite/controllers/config/robots/default_panda.json (composite_controller_factory.py:121)
2026-08-09 13:50:51,160 | INFO | Loading controller configuration from: /mnt/data/users/haoyu/workspace/code/fpo-control/manipulation_experiments/thirdparty/robosuite/robosuite/controllers/config/robots/default_panda.json
render_gpu_device_id: 1
2026-08-09 13:50:51,227 | INFO | Video key: agentview
2026-08-09 13:50:51,227 | INFO | Using image observation keys: ['agentview']
[robosuite INFO] Loading controller configuration from: /mnt/data/users/haoyu/workspace/code/fpo-control/manipulation_experiments/thirdparty/robosuite/robosuite/controllers/config/robots/default_panda.json (composite_controller_factory.py:121)
2026-08-09 13:50:51,228 | INFO | Loading controller configuration from: /mnt/data/users/haoyu/workspace/code/fpo-control/manipulation_experiments/thirdparty/robosuite/robosuite/controllers/config/robots/default_panda.json
render_gpu_device_id: 1
2026-08-09 13:50:51,374 | INFO | Video key: agentview
2026-08-09 13:50:51,374 | INFO | Using image observation keys: ['agentview']
[robosuite INFO] Loading controller configuration from: /mnt/data/users/haoyu/workspace/code/fpo-control/manipulation_experiments/thirdparty/robosuite/robosuite/controllers/config/robots/default_panda.json (composite_controller_factory.py:121)
2026-08-09 13:50:51,374 | INFO | Loading controller configuration from: /mnt/data/users/haoyu/workspace/code/fpo-control/manipulation_experiments/thirdparty/robosuite/robosuite/controllers/config/robots/default_panda.json
render_gpu_device_id: 1
2026-08-09 13:50:51,395 | INFO | Video key: agentview
2026-08-09 13:50:51,395 | INFO | Using image observation keys: ['agentview']
[robosuite INFO] Loading controller configuration from: /mnt/data/users/haoyu/workspace/code/fpo-control/manipulation_experiments/thirdparty/robosuite/robosuite/controllers/config/robots/default_panda.json (composite_controller_factory.py:121)
2026-08-09 13:50:51,395 | INFO | Loading controller configuration from: /mnt/data/users/haoyu/workspace/code/fpo-control/manipulation_experiments/thirdparty/robosuite/robosuite/controllers/config/robots/default_panda.json
render_gpu_device_id: 1
2026-08-09 13:50:51,398 | INFO | Video key: agentview
2026-08-09 13:50:51,398 | INFO | Using image observation keys: ['agentview']
[robosuite INFO] Loading controller configuration from: /mnt/data/users/haoyu/workspace/code/fpo-control/manipulation_experiments/thirdparty/robosuite/robosuite/controllers/config/robots/default_panda.json (composite_controller_factory.py:121)
2026-08-09 13:50:51,398 | INFO | Loading controller configuration from: /mnt/data/users/haoyu/workspace/code/fpo-control/manipulation_experiments/thirdparty/robosuite/robosuite/controllers/config/robots/default_panda.json
render_gpu_device_id: 1
2026-08-09 13:50:51,418 | INFO | Video key: agentview
2026-08-09 13:50:51,418 | INFO | Using image observation keys: ['agentview']
[robosuite INFO] Loading controller configuration from: /mnt/data/users/haoyu/workspace/code/fpo-control/manipulation_experiments/thirdparty/robosuite/robosuite/controllers/config/robots/default_panda.json (composite_controller_factory.py:121)
2026-08-09 13:50:51,418 | INFO | Loading controller configuration from: /mnt/data/users/haoyu/workspace/code/fpo-control/manipulation_experiments/thirdparty/robosuite/robosuite/controllers/config/robots/default_panda.json
render_gpu_device_id: 1
2026-08-09 13:50:52,693 | INFO | Successfully created NutAssemblySquare environment via robosuite.make() with cameras at 84x84
2026-08-09 13:50:52,694 | INFO | Configured cameras: ['agentview']
2026-08-09 13:50:52,976 | INFO | Successfully created NutAssemblySquare environment via robosuite.make() with cameras at 84x84
2026-08-09 13:50:52,977 | INFO | Configured cameras: ['agentview']
2026-08-09 13:50:52,991 | INFO | Successfully created NutAssemblySquare environment via robosuite.make() with cameras at 84x84
2026-08-09 13:50:52,991 | INFO | Configured cameras: ['agentview']
2026-08-09 13:50:53,055 | INFO | Successfully created NutAssemblySquare environment via robosuite.make() with cameras at 84x84
2026-08-09 13:50:53,055 | INFO | Configured cameras: ['agentview']
2026-08-09 13:50:53,203 | INFO | Successfully created NutAssemblySquare environment via robosuite.make() with cameras at 84x84
2026-08-09 13:50:53,203 | INFO | Configured cameras: ['agentview']
2026-08-09 13:50:53,254 | INFO | Successfully created NutAssemblySquare environment via robosuite.make() with cameras at 84x84
2026-08-09 13:50:53,254 | INFO | Configured cameras: ['agentview']
2026-08-09 13:50:53,296 | INFO | Successfully created NutAssemblySquare environment via robosuite.make() with cameras at 84x84
2026-08-09 13:50:53,296 | INFO | Configured cameras: ['agentview']
2026-08-09 13:50:53,302 | INFO | Successfully created NutAssemblySquare environment via robosuite.make() with cameras at 84x84
2026-08-09 13:50:53,303 | INFO | Configured cameras: ['agentview']
2026-08-09 13:50:54,449 | INFO | Created 8 vectorized Square environments
2026-08-09 13:50:54,449 | INFO | Set video key to 'agentview' for video recording
2026-08-09 13:50:55,482 | INFO | Created observation keys: ['observation.state', 'observation.images.agentview']
2026-08-09 13:50:55,493 | INFO | Created observation keys: ['observation.state', 'observation.images.agentview']
2026-08-09 13:50:55,519 | INFO | Created observation keys: ['observation.state', 'observation.images.agentview']
2026-08-09 13:50:55,532 | INFO | Created observation keys: ['observation.state', 'observation.images.agentview']
2026-08-09 13:50:55,537 | INFO | Created observation keys: ['observation.state', 'observation.images.agentview']
2026-08-09 13:50:55,539 | INFO | Created observation keys: ['observation.state', 'observation.images.agentview']
2026-08-09 13:50:55,573 | INFO | Created observation keys: ['observation.state', 'observation.images.agentview']
2026-08-09 13:50:55,605 | INFO | Created observation keys: ['observation.state', 'observation.images.agentview']
2026-08-09 13:51:32,313 | INFO | direction=11 seed=20261011 sign=+1 envs=8
num_visible_gpus: 1 [1] render_override: 1
2026-08-09 13:51:32,313 | INFO | Production mode: using gymnasium.vector.AsyncVectorEnv
2026-08-09 13:51:32,313 | INFO | Video key: agentview
2026-08-09 13:51:32,313 | INFO | Using image observation keys: ['agentview']
[robosuite INFO] Loading controller configuration from: /mnt/data/users/haoyu/workspace/code/fpo-control/manipulation_experiments/thirdparty/robosuite/robosuite/controllers/config/robots/default_panda.json (composite_controller_factory.py:121)
2026-08-09 13:51:32,314 | INFO | Loading controller configuration from: /mnt/data/users/haoyu/workspace/code/fpo-control/manipulation_experiments/thirdparty/robosuite/robosuite/controllers/config/robots/default_panda.json
render_gpu_device_id: 1
2026-08-09 13:51:33,043 | INFO | Successfully created NutAssemblySquare environment via robosuite.make() with cameras at 84x84
2026-08-09 13:51:33,043 | INFO | Configured cameras: ['agentview']
[robosuite WARNING] No private macro file found! (macros.py:57)
[robosuite WARNING] It is recommended to use a private macro file (macros.py:58)
[robosuite WARNING] To setup, run: python /mnt/data/users/haoyu/workspace/code/fpo-control/manipulation_experiments/thirdparty/robosuite/robosuite/scripts/setup_macros.py (macros.py:59)
[robosuite WARNING] No private macro file found! (macros.py:57)
[robosuite WARNING] It is recommended to use a private macro file (macros.py:58)
[robosuite WARNING] To setup, run: python /mnt/data/users/haoyu/workspace/code/fpo-control/manipulation_experiments/thirdparty/robosuite/robosuite/scripts/setup_macros.py (macros.py:59)
[robosuite WARNING] No private macro file found! (macros.py:57)
[robosuite WARNING] It is recommended to use a private macro file (macros.py:58)
[robosuite WARNING] To setup, run: python /mnt/data/users/haoyu/workspace/code/fpo-control/manipulation_experiments/thirdparty/robosuite/robosuite/scripts/setup_macros.py (macros.py:59)
[robosuite WARNING] No private macro file found! (macros.py:57)
[robosuite WARNING] It is recommended to use a private macro file (macros.py:58)
[robosuite WARNING] To setup, run: python /mnt/data/users/haoyu/workspace/code/fpo-control/manipulation_experiments/thirdparty/robosuite/robosuite/scripts/setup_macros.py (macros.py:59)
[robosuite WARNING] No private macro file found! (macros.py:57)
[robosuite WARNING] It is recommended to use a private macro file (macros.py:58)
[robosuite WARNING] To setup, run: python /mnt/data/users/haoyu/workspace/code/fpo-control/manipulation_experiments/thirdparty/robosuite/robosuite/scripts/setup_macros.py (macros.py:59)
[robosuite WARNING] No private macro file found! (macros.py:57)
[robosuite WARNING] It is recommended to use a private macro file (macros.py:58)
[robosuite WARNING] To setup, run: python /mnt/data/users/haoyu/workspace/code/fpo-control/manipulation_experiments/thirdparty/robosuite/robosuite/scripts/setup_macros.py (macros.py:59)
[robosuite WARNING] No private macro file found! (macros.py:57)
[robosuite WARNING] It is recommended to use a private macro file (macros.py:58)
[robosuite WARNING] To setup, run: python /mnt/data/users/haoyu/workspace/code/fpo-control/manipulation_experiments/thirdparty/robosuite/robosuite/scripts/setup_macros.py (macros.py:59)
[robosuite WARNING] No private macro file found! (macros.py:57)
[robosuite WARNING] It is recommended to use a private macro file (macros.py:58)
[robosuite WARNING] To setup, run: python /mnt/data/users/haoyu/workspace/code/fpo-control/manipulation_experiments/thirdparty/robosuite/robosuite/scripts/setup_macros.py (macros.py:59)
[robosuite WARNING] Could not import robosuite_models. Some robots may not be available. If you want to use these robots, please install robosuite_models from source (https://github.com/ARISE-Initiative/robosuite_models) or through pip install. (__init__.py:30)
[robosuite WARNING] Could not import robosuite_models. Some robots may not be available. If you want to use these robots, please install robosuite_models from source (https://github.com/ARISE-Initiative/robosuite_models) or through pip install. (__init__.py:30)
[robosuite WARNING] Could not import robosuite_models. Some robots may not be available. If you want to use these robots, please install robosuite_models from source (https://github.com/ARISE-Initiative/robosuite_models) or through pip install. (__init__.py:30)
[robosuite WARNING] Could not import robosuite_models. Some robots may not be available. If you want to use these robots, please install robosuite_models from source (https://github.com/ARISE-Initiative/robosuite_models) or through pip install. (__init__.py:30)
[robosuite WARNING] Could not import robosuite_models. Some robots may not be available. If you want to use these robots, please install robosuite_models from source (https://github.com/ARISE-Initiative/robosuite_models) or through pip install. (__init__.py:30)
[robosuite WARNING] Could not import robosuite_models. Some robots may not be available. If you want to use these robots, please install robosuite_models from source (https://github.com/ARISE-Initiative/robosuite_models) or through pip install. (__init__.py:30)
[robosuite WARNING] Could not import robosuite_models. Some robots may not be available. If you want to use these robots, please install robosuite_models from source (https://github.com/ARISE-Initiative/robosuite_models) or through pip install. (__init__.py:30)
[robosuite WARNING] Could not import robosuite_models. Some robots may not be available. If you want to use these robots, please install robosuite_models from source (https://github.com/ARISE-Initiative/robosuite_models) or through pip install. (__init__.py:30)
2026-08-09 13:51:42,360 | INFO | Video key: agentview
2026-08-09 13:51:42,360 | INFO | Using image observation keys: ['agentview']
[robosuite INFO] Loading controller configuration from: /mnt/data/users/haoyu/workspace/code/fpo-control/manipulation_experiments/thirdparty/robosuite/robosuite/controllers/config/robots/default_panda.json (composite_controller_factory.py:121)
2026-08-09 13:51:42,360 | INFO | Loading controller configuration from: /mnt/data/users/haoyu/workspace/code/fpo-control/manipulation_experiments/thirdparty/robosuite/robosuite/controllers/config/robots/default_panda.json
render_gpu_device_id: 1
2026-08-09 13:51:42,384 | INFO | Video key: agentview
2026-08-09 13:51:42,384 | INFO | Using image observation keys: ['agentview']
[robosuite INFO] Loading controller configuration from: /mnt/data/users/haoyu/workspace/code/fpo-control/manipulation_experiments/thirdparty/robosuite/robosuite/controllers/config/robots/default_panda.json (composite_controller_factory.py:121)
2026-08-09 13:51:42,384 | INFO | Loading controller configuration from: /mnt/data/users/haoyu/workspace/code/fpo-control/manipulation_experiments/thirdparty/robosuite/robosuite/controllers/config/robots/default_panda.json
render_gpu_device_id: 1
2026-08-09 13:51:42,398 | INFO | Video key: agentview
2026-08-09 13:51:42,398 | INFO | Using image observation keys: ['agentview']
[robosuite INFO] Loading controller configuration from: /mnt/data/users/haoyu/workspace/code/fpo-control/manipulation_experiments/thirdparty/robosuite/robosuite/controllers/config/robots/default_panda.json (composite_controller_factory.py:121)
2026-08-09 13:51:42,398 | INFO | Loading controller configuration from: /mnt/data/users/haoyu/workspace/code/fpo-control/manipulation_experiments/thirdparty/robosuite/robosuite/controllers/config/robots/default_panda.json
render_gpu_device_id: 1
2026-08-09 13:51:42,422 | INFO | Video key: agentview
2026-08-09 13:51:42,422 | INFO | Using image observation keys: ['agentview']
[robosuite INFO] Loading controller configuration from: /mnt/data/users/haoyu/workspace/code/fpo-control/manipulation_experiments/thirdparty/robosuite/robosuite/controllers/config/robots/default_panda.json (composite_controller_factory.py:121)
2026-08-09 13:51:42,422 | INFO | Loading controller configuration from: /mnt/data/users/haoyu/workspace/code/fpo-control/manipulation_experiments/thirdparty/robosuite/robosuite/controllers/config/robots/default_panda.json
render_gpu_device_id: 1
2026-08-09 13:51:42,552 | INFO | Video key: agentview
2026-08-09 13:51:42,553 | INFO | Using image observation keys: ['agentview']
[robosuite INFO] Loading controller configuration from: /mnt/data/users/haoyu/workspace/code/fpo-control/manipulation_experiments/thirdparty/robosuite/robosuite/controllers/config/robots/default_panda.json (composite_controller_factory.py:121)
2026-08-09 13:51:42,553 | INFO | Loading controller configuration from: /mnt/data/users/haoyu/workspace/code/fpo-control/manipulation_experiments/thirdparty/robosuite/robosuite/controllers/config/robots/default_panda.json
render_gpu_device_id: 1
2026-08-09 13:51:42,560 | INFO | Video key: agentview
2026-08-09 13:51:42,560 | INFO | Using image observation keys: ['agentview']
[robosuite INFO] Loading controller configuration from: /mnt/data/users/haoyu/workspace/code/fpo-control/manipulation_experiments/thirdparty/robosuite/robosuite/controllers/config/robots/default_panda.json (composite_controller_factory.py:121)
2026-08-09 13:51:42,560 | INFO | Loading controller configuration from: /mnt/data/users/haoyu/workspace/code/fpo-control/manipulation_experiments/thirdparty/robosuite/robosuite/controllers/config/robots/default_panda.json
render_gpu_device_id: 1
2026-08-09 13:51:42,793 | INFO | Video key: agentview
2026-08-09 13:51:42,793 | INFO | Using image observation keys: ['agentview']
[robosuite INFO] Loading controller configuration from: /mnt/data/users/haoyu/workspace/code/fpo-control/manipulation_experiments/thirdparty/robosuite/robosuite/controllers/config/robots/default_panda.json (composite_controller_factory.py:121)
2026-08-09 13:51:42,793 | INFO | Loading controller configuration from: /mnt/data/users/haoyu/workspace/code/fpo-control/manipulation_experiments/thirdparty/robosuite/robosuite/controllers/config/robots/default_panda.json
render_gpu_device_id: 1
2026-08-09 13:51:42,800 | INFO | Video key: agentview
2026-08-09 13:51:42,800 | INFO | Using image observation keys: ['agentview']
[robosuite INFO] Loading controller configuration from: /mnt/data/users/haoyu/workspace/code/fpo-control/manipulation_experiments/thirdparty/robosuite/robosuite/controllers/config/robots/default_panda.json (composite_controller_factory.py:121)
2026-08-09 13:51:42,800 | INFO | Loading controller configuration from: /mnt/data/users/haoyu/workspace/code/fpo-control/manipulation_experiments/thirdparty/robosuite/robosuite/controllers/config/robots/default_panda.json
render_gpu_device_id: 1
2026-08-09 13:51:44,173 | INFO | Successfully created NutAssemblySquare environment via robosuite.make() with cameras at 84x84
2026-08-09 13:51:44,173 | INFO | Configured cameras: ['agentview']
2026-08-09 13:51:44,184 | INFO | Successfully created NutAssemblySquare environment via robosuite.make() with cameras at 84x84
2026-08-09 13:51:44,184 | INFO | Configured cameras: ['agentview']
2026-08-09 13:51:44,201 | INFO | Successfully created NutAssemblySquare environment via robosuite.make() with cameras at 84x84
2026-08-09 13:51:44,201 | INFO | Configured cameras: ['agentview']
2026-08-09 13:51:44,236 | INFO | Successfully created NutAssemblySquare environment via robosuite.make() with cameras at 84x84
2026-08-09 13:51:44,237 | INFO | Configured cameras: ['agentview']
2026-08-09 13:51:44,368 | INFO | Successfully created NutAssemblySquare environment via robosuite.make() with cameras at 84x84
2026-08-09 13:51:44,369 | INFO | Configured cameras: ['agentview']
2026-08-09 13:51:44,472 | INFO | Successfully created NutAssemblySquare environment via robosuite.make() with cameras at 84x84
2026-08-09 13:51:44,473 | INFO | Configured cameras: ['agentview']
2026-08-09 13:51:44,588 | INFO | Successfully created NutAssemblySquare environment via robosuite.make() with cameras at 84x84
2026-08-09 13:51:44,588 | INFO | Configured cameras: ['agentview']
2026-08-09 13:51:44,601 | INFO | Successfully created NutAssemblySquare environment via robosuite.make() with cameras at 84x84
2026-08-09 13:51:44,601 | INFO | Configured cameras: ['agentview']
2026-08-09 13:51:45,741 | INFO | Created 8 vectorized Square environments
2026-08-09 13:51:45,742 | INFO | Set video key to 'agentview' for video recording
2026-08-09 13:51:46,811 | INFO | Created observation keys: ['observation.state', 'observation.images.agentview']
2026-08-09 13:51:46,832 | INFO | Created observation keys: ['observation.state', 'observation.images.agentview']
2026-08-09 13:51:46,836 | INFO | Created observation keys: ['observation.state', 'observation.images.agentview']
2026-08-09 13:51:46,847 | INFO | Created observation keys: ['observation.state', 'observation.images.agentview']
2026-08-09 13:51:46,851 | INFO | Created observation keys: ['observation.state', 'observation.images.agentview']
2026-08-09 13:51:46,856 | INFO | Created observation keys: ['observation.state', 'observation.images.agentview']
2026-08-09 13:51:46,862 | INFO | Created observation keys: ['observation.state', 'observation.images.agentview']
2026-08-09 13:51:46,898 | INFO | Created observation keys: ['observation.state', 'observation.images.agentview']
2026-08-09 13:52:22,775 | INFO | direction=12 seed=20261012 sign=-1 envs=8
num_visible_gpus: 1 [1] render_override: 1
2026-08-09 13:52:22,775 | INFO | Production mode: using gymnasium.vector.AsyncVectorEnv
2026-08-09 13:52:22,775 | INFO | Video key: agentview
2026-08-09 13:52:22,775 | INFO | Using image observation keys: ['agentview']
[robosuite INFO] Loading controller configuration from: /mnt/data/users/haoyu/workspace/code/fpo-control/manipulation_experiments/thirdparty/robosuite/robosuite/controllers/config/robots/default_panda.json (composite_controller_factory.py:121)
2026-08-09 13:52:22,775 | INFO | Loading controller configuration from: /mnt/data/users/haoyu/workspace/code/fpo-control/manipulation_experiments/thirdparty/robosuite/robosuite/controllers/config/robots/default_panda.json
render_gpu_device_id: 1
2026-08-09 13:52:23,503 | INFO | Successfully created NutAssemblySquare environment via robosuite.make() with cameras at 84x84
2026-08-09 13:52:23,503 | INFO | Configured cameras: ['agentview']
[robosuite WARNING] No private macro file found! (macros.py:57)
[robosuite WARNING] It is recommended to use a private macro file (macros.py:58)
[robosuite WARNING] To setup, run: python /mnt/data/users/haoyu/workspace/code/fpo-control/manipulation_experiments/thirdparty/robosuite/robosuite/scripts/setup_macros.py (macros.py:59)
[robosuite WARNING] No private macro file found! (macros.py:57)
[robosuite WARNING] It is recommended to use a private macro file (macros.py:58)
[robosuite WARNING] To setup, run: python /mnt/data/users/haoyu/workspace/code/fpo-control/manipulation_experiments/thirdparty/robosuite/robosuite/scripts/setup_macros.py (macros.py:59)
[robosuite WARNING] No private macro file found! (macros.py:57)
[robosuite WARNING] It is recommended to use a private macro file (macros.py:58)
[robosuite WARNING] To setup, run: python /mnt/data/users/haoyu/workspace/code/fpo-control/manipulation_experiments/thirdparty/robosuite/robosuite/scripts/setup_macros.py (macros.py:59)
[robosuite WARNING] No private macro file found! (macros.py:57)
[robosuite WARNING] It is recommended to use a private macro file (macros.py:58)
[robosuite WARNING] To setup, run: python /mnt/data/users/haoyu/workspace/code/fpo-control/manipulation_experiments/thirdparty/robosuite/robosuite/scripts/setup_macros.py (macros.py:59)
[robosuite WARNING] No private macro file found! (macros.py:57)
[robosuite WARNING] It is recommended to use a private macro file (macros.py:58)
[robosuite WARNING] To setup, run: python /mnt/data/users/haoyu/workspace/code/fpo-control/manipulation_experiments/thirdparty/robosuite/robosuite/scripts/setup_macros.py (macros.py:59)
[robosuite WARNING] No private macro file found! (macros.py:57)
[robosuite WARNING] It is recommended to use a private macro file (macros.py:58)
[robosuite WARNING] To setup, run: python /mnt/data/users/haoyu/workspace/code/fpo-control/manipulation_experiments/thirdparty/robosuite/robosuite/scripts/setup_macros.py (macros.py:59)
[robosuite WARNING] No private macro file found! (macros.py:57)
[robosuite WARNING] It is recommended to use a private macro file (macros.py:58)
[robosuite WARNING] To setup, run: python /mnt/data/users/haoyu/workspace/code/fpo-control/manipulation_experiments/thirdparty/robosuite/robosuite/scripts/setup_macros.py (macros.py:59)
[robosuite WARNING] No private macro file found! (macros.py:57)
[robosuite WARNING] It is recommended to use a private macro file (macros.py:58)
[robosuite WARNING] To setup, run: python /mnt/data/users/haoyu/workspace/code/fpo-control/manipulation_experiments/thirdparty/robosuite/robosuite/scripts/setup_macros.py (macros.py:59)
[robosuite WARNING] Could not import robosuite_models. Some robots may not be available. If you want to use these robots, please install robosuite_models from source (https://github.com/ARISE-Initiative/robosuite_models) or through pip install. (__init__.py:30)
[robosuite WARNING] Could not import robosuite_models. Some robots may not be available. If you want to use these robots, please install robosuite_models from source (https://github.com/ARISE-Initiative/robosuite_models) or through pip install. (__init__.py:30)
[robosuite WARNING] Could not import robosuite_models. Some robots may not be available. If you want to use these robots, please install robosuite_models from source (https://github.com/ARISE-Initiative/robosuite_models) or through pip install. (__init__.py:30)
[robosuite WARNING] Could not import robosuite_models. Some robots may not be available. If you want to use these robots, please install robosuite_models from source (https://github.com/ARISE-Initiative/robosuite_models) or through pip install. (__init__.py:30)
[robosuite WARNING] Could not import robosuite_models. Some robots may not be available. If you want to use these robots, please install robosuite_models from source (https://github.com/ARISE-Initiative/robosuite_models) or through pip install. (__init__.py:30)
[robosuite WARNING] Could not import robosuite_models. Some robots may not be available. If you want to use these robots, please install robosuite_models from source (https://github.com/ARISE-Initiative/robosuite_models) or through pip install. (__init__.py:30)
[robosuite WARNING] Could not import robosuite_models. Some robots may not be available. If you want to use these robots, please install robosuite_models from source (https://github.com/ARISE-Initiative/robosuite_models) or through pip install. (__init__.py:30)
[robosuite WARNING] Could not import robosuite_models. Some robots may not be available. If you want to use these robots, please install robosuite_models from source (https://github.com/ARISE-Initiative/robosuite_models) or through pip install. (__init__.py:30)
2026-08-09 13:52:31,010 | INFO | Video key: agentview
2026-08-09 13:52:31,010 | INFO | Using image observation keys: ['agentview']
[robosuite INFO] Loading controller configuration from: /mnt/data/users/haoyu/workspace/code/fpo-control/manipulation_experiments/thirdparty/robosuite/robosuite/controllers/config/robots/default_panda.json (composite_controller_factory.py:121)
2026-08-09 13:52:31,010 | INFO | Loading controller configuration from: /mnt/data/users/haoyu/workspace/code/fpo-control/manipulation_experiments/thirdparty/robosuite/robosuite/controllers/config/robots/default_panda.json
render_gpu_device_id: 1
2026-08-09 13:52:31,302 | INFO | Video key: agentview
2026-08-09 13:52:31,302 | INFO | Using image observation keys: ['agentview']
[robosuite INFO] Loading controller configuration from: /mnt/data/users/haoyu/workspace/code/fpo-control/manipulation_experiments/thirdparty/robosuite/robosuite/controllers/config/robots/default_panda.json (composite_controller_factory.py:121)
2026-08-09 13:52:31,302 | INFO | Loading controller configuration from: /mnt/data/users/haoyu/workspace/code/fpo-control/manipulation_experiments/thirdparty/robosuite/robosuite/controllers/config/robots/default_panda.json
render_gpu_device_id: 1
2026-08-09 13:52:32,370 | INFO | Video key: agentview
2026-08-09 13:52:32,371 | INFO | Using image observation keys: ['agentview']
[robosuite INFO] Loading controller configuration from: /mnt/data/users/haoyu/workspace/code/fpo-control/manipulation_experiments/thirdparty/robosuite/robosuite/controllers/config/robots/default_panda.json (composite_controller_factory.py:121)
2026-08-09 13:52:32,371 | INFO | Loading controller configuration from: /mnt/data/users/haoyu/workspace/code/fpo-control/manipulation_experiments/thirdparty/robosuite/robosuite/controllers/config/robots/default_panda.json
render_gpu_device_id: 1
2026-08-09 13:52:32,384 | INFO | Video key: agentview
2026-08-09 13:52:32,384 | INFO | Using image observation keys: ['agentview']
[robosuite INFO] Loading controller configuration from: /mnt/data/users/haoyu/workspace/code/fpo-control/manipulation_experiments/thirdparty/robosuite/robosuite/controllers/config/robots/default_panda.json (composite_controller_factory.py:121)
2026-08-09 13:52:32,384 | INFO | Loading controller configuration from: /mnt/data/users/haoyu/workspace/code/fpo-control/manipulation_experiments/thirdparty/robosuite/robosuite/controllers/config/robots/default_panda.json
render_gpu_device_id: 1
2026-08-09 13:52:32,594 | INFO | Video key: agentview
2026-08-09 13:52:32,595 | INFO | Using image observation keys: ['agentview']
[robosuite INFO] Loading controller configuration from: /mnt/data/users/haoyu/workspace/code/fpo-control/manipulation_experiments/thirdparty/robosuite/robosuite/controllers/config/robots/default_panda.json (composite_controller_factory.py:121)
2026-08-09 13:52:32,595 | INFO | Loading controller configuration from: /mnt/data/users/haoyu/workspace/code/fpo-control/manipulation_experiments/thirdparty/robosuite/robosuite/controllers/config/robots/default_panda.json
render_gpu_device_id: 1
2026-08-09 13:52:32,647 | INFO | Video key: agentview
2026-08-09 13:52:32,647 | INFO | Using image observation keys: ['agentview']
[robosuite INFO] Loading controller configuration from: /mnt/data/users/haoyu/workspace/code/fpo-control/manipulation_experiments/thirdparty/robosuite/robosuite/controllers/config/robots/default_panda.json (composite_controller_factory.py:121)
2026-08-09 13:52:32,648 | INFO | Loading controller configuration from: /mnt/data/users/haoyu/workspace/code/fpo-control/manipulation_experiments/thirdparty/robosuite/robosuite/controllers/config/robots/default_panda.json
render_gpu_device_id: 1
2026-08-09 13:52:32,690 | INFO | Video key: agentview
2026-08-09 13:52:32,690 | INFO | Using image observation keys: ['agentview']
[robosuite INFO] Loading controller configuration from: /mnt/data/users/haoyu/workspace/code/fpo-control/manipulation_experiments/thirdparty/robosuite/robosuite/controllers/config/robots/default_panda.json (composite_controller_factory.py:121)
2026-08-09 13:52:32,690 | INFO | Loading controller configuration from: /mnt/data/users/haoyu/workspace/code/fpo-control/manipulation_experiments/thirdparty/robosuite/robosuite/controllers/config/robots/default_panda.json
render_gpu_device_id: 1
2026-08-09 13:52:32,700 | INFO | Video key: agentview
2026-08-09 13:52:32,700 | INFO | Using image observation keys: ['agentview']
[robosuite INFO] Loading controller configuration from: /mnt/data/users/haoyu/workspace/code/fpo-control/manipulation_experiments/thirdparty/robosuite/robosuite/controllers/config/robots/default_panda.json (composite_controller_factory.py:121)
2026-08-09 13:52:32,700 | INFO | Loading controller configuration from: /mnt/data/users/haoyu/workspace/code/fpo-control/manipulation_experiments/thirdparty/robosuite/robosuite/controllers/config/robots/default_panda.json
render_gpu_device_id: 1
2026-08-09 13:52:32,850 | INFO | Successfully created NutAssemblySquare environment via robosuite.make() with cameras at 84x84
2026-08-09 13:52:32,850 | INFO | Configured cameras: ['agentview']
2026-08-09 13:52:33,144 | INFO | Successfully created NutAssemblySquare environment via robosuite.make() with cameras at 84x84
2026-08-09 13:52:33,144 | INFO | Configured cameras: ['agentview']
2026-08-09 13:52:34,183 | INFO | Successfully created NutAssemblySquare environment via robosuite.make() with cameras at 84x84
2026-08-09 13:52:34,183 | INFO | Configured cameras: ['agentview']
2026-08-09 13:52:34,200 | INFO | Successfully created NutAssemblySquare environment via robosuite.make() with cameras at 84x84
2026-08-09 13:52:34,200 | INFO | Configured cameras: ['agentview']
2026-08-09 13:52:34,444 | INFO | Successfully created NutAssemblySquare environment via robosuite.make() with cameras at 84x84
2026-08-09 13:52:34,445 | INFO | Configured cameras: ['agentview']
2026-08-09 13:52:34,450 | INFO | Successfully created NutAssemblySquare environment via robosuite.make() with cameras at 84x84
2026-08-09 13:52:34,450 | INFO | Configured cameras: ['agentview']
2026-08-09 13:52:34,480 | INFO | Successfully created NutAssemblySquare environment via robosuite.make() with cameras at 84x84
2026-08-09 13:52:34,480 | INFO | Configured cameras: ['agentview']
2026-08-09 13:52:34,686 | INFO | Successfully created NutAssemblySquare environment via robosuite.make() with cameras at 84x84
2026-08-09 13:52:34,686 | INFO | Configured cameras: ['agentview']
2026-08-09 13:52:35,957 | INFO | Created 8 vectorized Square environments
2026-08-09 13:52:35,957 | INFO | Set video key to 'agentview' for video recording
2026-08-09 13:52:36,994 | INFO | Created observation keys: ['observation.state', 'observation.images.agentview']
2026-08-09 13:52:37,010 | INFO | Created observation keys: ['observation.state', 'observation.images.agentview']
2026-08-09 13:52:37,028 | INFO | Created observation keys: ['observation.state', 'observation.images.agentview']
2026-08-09 13:52:37,038 | INFO | Created observation keys: ['observation.state', 'observation.images.agentview']
2026-08-09 13:52:37,040 | INFO | Created observation keys: ['observation.state', 'observation.images.agentview']
2026-08-09 13:52:37,052 | INFO | Created observation keys: ['observation.state', 'observation.images.agentview']
2026-08-09 13:52:37,075 | INFO | Created observation keys: ['observation.state', 'observation.images.agentview']
2026-08-09 13:52:37,096 | INFO | Created observation keys: ['observation.state', 'observation.images.agentview']
2026-08-09 13:53:15,167 | INFO | direction=12 seed=20261012 sign=+1 envs=8
num_visible_gpus: 1 [1] render_override: 1
2026-08-09 13:53:15,167 | INFO | Production mode: using gymnasium.vector.AsyncVectorEnv
2026-08-09 13:53:15,167 | INFO | Video key: agentview
2026-08-09 13:53:15,167 | INFO | Using image observation keys: ['agentview']
[robosuite INFO] Loading controller configuration from: /mnt/data/users/haoyu/workspace/code/fpo-control/manipulation_experiments/thirdparty/robosuite/robosuite/controllers/config/robots/default_panda.json (composite_controller_factory.py:121)
2026-08-09 13:53:15,168 | INFO | Loading controller configuration from: /mnt/data/users/haoyu/workspace/code/fpo-control/manipulation_experiments/thirdparty/robosuite/robosuite/controllers/config/robots/default_panda.json
render_gpu_device_id: 1
2026-08-09 13:53:16,020 | INFO | Successfully created NutAssemblySquare environment via robosuite.make() with cameras at 84x84
2026-08-09 13:53:16,020 | INFO | Configured cameras: ['agentview']
[robosuite WARNING] No private macro file found! (macros.py:57)
[robosuite WARNING] It is recommended to use a private macro file (macros.py:58)
[robosuite WARNING] To setup, run: python /mnt/data/users/haoyu/workspace/code/fpo-control/manipulation_experiments/thirdparty/robosuite/robosuite/scripts/setup_macros.py (macros.py:59)
[robosuite WARNING] No private macro file found! (macros.py:57)
[robosuite WARNING] It is recommended to use a private macro file (macros.py:58)
[robosuite WARNING] To setup, run: python /mnt/data/users/haoyu/workspace/code/fpo-control/manipulation_experiments/thirdparty/robosuite/robosuite/scripts/setup_macros.py (macros.py:59)
[robosuite WARNING] No private macro file found! (macros.py:57)
[robosuite WARNING] It is recommended to use a private macro file (macros.py:58)
[robosuite WARNING] To setup, run: python /mnt/data/users/haoyu/workspace/code/fpo-control/manipulation_experiments/thirdparty/robosuite/robosuite/scripts/setup_macros.py (macros.py:59)
[robosuite WARNING] No private macro file found! (macros.py:57)
[robosuite WARNING] It is recommended to use a private macro file (macros.py:58)
[robosuite WARNING] To setup, run: python /mnt/data/users/haoyu/workspace/code/fpo-control/manipulation_experiments/thirdparty/robosuite/robosuite/scripts/setup_macros.py (macros.py:59)
[robosuite WARNING] No private macro file found! (macros.py:57)
[robosuite WARNING] It is recommended to use a private macro file (macros.py:58)
[robosuite WARNING] To setup, run: python /mnt/data/users/haoyu/workspace/code/fpo-control/manipulation_experiments/thirdparty/robosuite/robosuite/scripts/setup_macros.py (macros.py:59)
[robosuite WARNING] No private macro file found! (macros.py:57)
[robosuite WARNING] It is recommended to use a private macro file (macros.py:58)
[robosuite WARNING] To setup, run: python /mnt/data/users/haoyu/workspace/code/fpo-control/manipulation_experiments/thirdparty/robosuite/robosuite/scripts/setup_macros.py (macros.py:59)
[robosuite WARNING] No private macro file found! (macros.py:57)
[robosuite WARNING] It is recommended to use a private macro file (macros.py:58)
[robosuite WARNING] To setup, run: python /mnt/data/users/haoyu/workspace/code/fpo-control/manipulation_experiments/thirdparty/robosuite/robosuite/scripts/setup_macros.py (macros.py:59)
[robosuite WARNING] No private macro file found! (macros.py:57)
[robosuite WARNING] It is recommended to use a private macro file (macros.py:58)
[robosuite WARNING] To setup, run: python /mnt/data/users/haoyu/workspace/code/fpo-control/manipulation_experiments/thirdparty/robosuite/robosuite/scripts/setup_macros.py (macros.py:59)
[robosuite WARNING] Could not import robosuite_models. Some robots may not be available. If you want to use these robots, please install robosuite_models from source (https://github.com/ARISE-Initiative/robosuite_models) or through pip install. (__init__.py:30)
[robosuite WARNING] Could not import robosuite_models. Some robots may not be available. If you want to use these robots, please install robosuite_models from source (https://github.com/ARISE-Initiative/robosuite_models) or through pip install. (__init__.py:30)
[robosuite WARNING] Could not import robosuite_models. Some robots may not be available. If you want to use these robots, please install robosuite_models from source (https://github.com/ARISE-Initiative/robosuite_models) or through pip install. (__init__.py:30)
[robosuite WARNING] Could not import robosuite_models. Some robots may not be available. If you want to use these robots, please install robosuite_models from source (https://github.com/ARISE-Initiative/robosuite_models) or through pip install. (__init__.py:30)
[robosuite WARNING] Could not import robosuite_models. Some robots may not be available. If you want to use these robots, please install robosuite_models from source (https://github.com/ARISE-Initiative/robosuite_models) or through pip install. (__init__.py:30)
[robosuite WARNING] Could not import robosuite_models. Some robots may not be available. If you want to use these robots, please install robosuite_models from source (https://github.com/ARISE-Initiative/robosuite_models) or through pip install. (__init__.py:30)
[robosuite WARNING] Could not import robosuite_models. Some robots may not be available. If you want to use these robots, please install robosuite_models from source (https://github.com/ARISE-Initiative/robosuite_models) or through pip install. (__init__.py:30)
[robosuite WARNING] Could not import robosuite_models. Some robots may not be available. If you want to use these robots, please install robosuite_models from source (https://github.com/ARISE-Initiative/robosuite_models) or through pip install. (__init__.py:30)
2026-08-09 13:53:23,830 | INFO | Video key: agentview
2026-08-09 13:53:23,830 | INFO | Using image observation keys: ['agentview']
[robosuite INFO] Loading controller configuration from: /mnt/data/users/haoyu/workspace/code/fpo-control/manipulation_experiments/thirdparty/robosuite/robosuite/controllers/config/robots/default_panda.json (composite_controller_factory.py:121)
2026-08-09 13:53:23,830 | INFO | Loading controller configuration from: /mnt/data/users/haoyu/workspace/code/fpo-control/manipulation_experiments/thirdparty/robosuite/robosuite/controllers/config/robots/default_panda.json
render_gpu_device_id: 1
2026-08-09 13:53:24,186 | INFO | Video key: agentview
2026-08-09 13:53:24,186 | INFO | Using image observation keys: ['agentview']
[robosuite INFO] Loading controller configuration from: /mnt/data/users/haoyu/workspace/code/fpo-control/manipulation_experiments/thirdparty/robosuite/robosuite/controllers/config/robots/default_panda.json (composite_controller_factory.py:121)
2026-08-09 13:53:24,186 | INFO | Loading controller configuration from: /mnt/data/users/haoyu/workspace/code/fpo-control/manipulation_experiments/thirdparty/robosuite/robosuite/controllers/config/robots/default_panda.json
render_gpu_device_id: 1
2026-08-09 13:53:24,956 | INFO | Video key: agentview
2026-08-09 13:53:24,956 | INFO | Using image observation keys: ['agentview']
[robosuite INFO] Loading controller configuration from: /mnt/data/users/haoyu/workspace/code/fpo-control/manipulation_experiments/thirdparty/robosuite/robosuite/controllers/config/robots/default_panda.json (composite_controller_factory.py:121)
2026-08-09 13:53:24,956 | INFO | Loading controller configuration from: /mnt/data/users/haoyu/workspace/code/fpo-control/manipulation_experiments/thirdparty/robosuite/robosuite/controllers/config/robots/default_panda.json
render_gpu_device_id: 1
2026-08-09 13:53:25,220 | INFO | Video key: agentview
2026-08-09 13:53:25,221 | INFO | Using image observation keys: ['agentview']
[robosuite INFO] Loading controller configuration from: /mnt/data/users/haoyu/workspace/code/fpo-control/manipulation_experiments/thirdparty/robosuite/robosuite/controllers/config/robots/default_panda.json (composite_controller_factory.py:121)
2026-08-09 13:53:25,221 | INFO | Loading controller configuration from: /mnt/data/users/haoyu/workspace/code/fpo-control/manipulation_experiments/thirdparty/robosuite/robosuite/controllers/config/robots/default_panda.json
render_gpu_device_id: 1
2026-08-09 13:53:25,264 | INFO | Video key: agentview
2026-08-09 13:53:25,264 | INFO | Using image observation keys: ['agentview']
[robosuite INFO] Loading controller configuration from: /mnt/data/users/haoyu/workspace/code/fpo-control/manipulation_experiments/thirdparty/robosuite/robosuite/controllers/config/robots/default_panda.json (composite_controller_factory.py:121)
2026-08-09 13:53:25,264 | INFO | Loading controller configuration from: /mnt/data/users/haoyu/workspace/code/fpo-control/manipulation_experiments/thirdparty/robosuite/robosuite/controllers/config/robots/default_panda.json
render_gpu_device_id: 1
2026-08-09 13:53:25,266 | INFO | Video key: agentview
2026-08-09 13:53:25,266 | INFO | Using image observation keys: ['agentview']
[robosuite INFO] Loading controller configuration from: /mnt/data/users/haoyu/workspace/code/fpo-control/manipulation_experiments/thirdparty/robosuite/robosuite/controllers/config/robots/default_panda.json (composite_controller_factory.py:121)
2026-08-09 13:53:25,266 | INFO | Loading controller configuration from: /mnt/data/users/haoyu/workspace/code/fpo-control/manipulation_experiments/thirdparty/robosuite/robosuite/controllers/config/robots/default_panda.json
render_gpu_device_id: 1
2026-08-09 13:53:25,295 | INFO | Video key: agentview
2026-08-09 13:53:25,295 | INFO | Using image observation keys: ['agentview']
[robosuite INFO] Loading controller configuration from: /mnt/data/users/haoyu/workspace/code/fpo-control/manipulation_experiments/thirdparty/robosuite/robosuite/controllers/config/robots/default_panda.json (composite_controller_factory.py:121)
2026-08-09 13:53:25,295 | INFO | Loading controller configuration from: /mnt/data/users/haoyu/workspace/code/fpo-control/manipulation_experiments/thirdparty/robosuite/robosuite/controllers/config/robots/default_panda.json
render_gpu_device_id: 1
2026-08-09 13:53:25,303 | INFO | Video key: agentview
2026-08-09 13:53:25,303 | INFO | Using image observation keys: ['agentview']
[robosuite INFO] Loading controller configuration from: /mnt/data/users/haoyu/workspace/code/fpo-control/manipulation_experiments/thirdparty/robosuite/robosuite/controllers/config/robots/default_panda.json (composite_controller_factory.py:121)
2026-08-09 13:53:25,303 | INFO | Loading controller configuration from: /mnt/data/users/haoyu/workspace/code/fpo-control/manipulation_experiments/thirdparty/robosuite/robosuite/controllers/config/robots/default_panda.json
render_gpu_device_id: 1
2026-08-09 13:53:25,651 | INFO | Successfully created NutAssemblySquare environment via robosuite.make() with cameras at 84x84
2026-08-09 13:53:25,651 | INFO | Configured cameras: ['agentview']
2026-08-09 13:53:26,001 | INFO | Successfully created NutAssemblySquare environment via robosuite.make() with cameras at 84x84
2026-08-09 13:53:26,001 | INFO | Configured cameras: ['agentview']
2026-08-09 13:53:26,792 | INFO | Successfully created NutAssemblySquare environment via robosuite.make() with cameras at 84x84
2026-08-09 13:53:26,792 | INFO | Configured cameras: ['agentview']
2026-08-09 13:53:27,068 | INFO | Successfully created NutAssemblySquare environment via robosuite.make() with cameras at 84x84
2026-08-09 13:53:27,068 | INFO | Configured cameras: ['agentview']
2026-08-09 13:53:27,101 | INFO | Successfully created NutAssemblySquare environment via robosuite.make() with cameras at 84x84
2026-08-09 13:53:27,101 | INFO | Configured cameras: ['agentview']
2026-08-09 13:53:27,134 | INFO | Successfully created NutAssemblySquare environment via robosuite.make() with cameras at 84x84
2026-08-09 13:53:27,134 | INFO | Configured cameras: ['agentview']
2026-08-09 13:53:27,135 | INFO | Successfully created NutAssemblySquare environment via robosuite.make() with cameras at 84x84
2026-08-09 13:53:27,135 | INFO | Configured cameras: ['agentview']
2026-08-09 13:53:27,141 | INFO | Successfully created NutAssemblySquare environment via robosuite.make() with cameras at 84x84
2026-08-09 13:53:27,141 | INFO | Configured cameras: ['agentview']
2026-08-09 13:53:28,364 | INFO | Created 8 vectorized Square environments
2026-08-09 13:53:28,364 | INFO | Set video key to 'agentview' for video recording
2026-08-09 13:53:29,435 | INFO | Created observation keys: ['observation.state', 'observation.images.agentview']
2026-08-09 13:53:29,439 | INFO | Created observation keys: ['observation.state', 'observation.images.agentview']
2026-08-09 13:53:29,439 | INFO | Created observation keys: ['observation.state', 'observation.images.agentview']
2026-08-09 13:53:29,440 | INFO | Created observation keys: ['observation.state', 'observation.images.agentview']
2026-08-09 13:53:29,450 | INFO | Created observation keys: ['observation.state', 'observation.images.agentview']
2026-08-09 13:53:29,463 | INFO | Created observation keys: ['observation.state', 'observation.images.agentview']
2026-08-09 13:53:29,508 | INFO | Created observation keys: ['observation.state', 'observation.images.agentview']
2026-08-09 13:53:29,508 | INFO | Created observation keys: ['observation.state', 'observation.images.agentview']
2026-08-09 13:54:06,276 | INFO | direction=13 seed=20261013 sign=-1 envs=8
num_visible_gpus: 1 [1] render_override: 1
2026-08-09 13:54:06,276 | INFO | Production mode: using gymnasium.vector.AsyncVectorEnv
2026-08-09 13:54:06,276 | INFO | Video key: agentview
2026-08-09 13:54:06,276 | INFO | Using image observation keys: ['agentview']
[robosuite INFO] Loading controller configuration from: /mnt/data/users/haoyu/workspace/code/fpo-control/manipulation_experiments/thirdparty/robosuite/robosuite/controllers/config/robots/default_panda.json (composite_controller_factory.py:121)
2026-08-09 13:54:06,277 | INFO | Loading controller configuration from: /mnt/data/users/haoyu/workspace/code/fpo-control/manipulation_experiments/thirdparty/robosuite/robosuite/controllers/config/robots/default_panda.json
render_gpu_device_id: 1
2026-08-09 13:54:07,008 | INFO | Successfully created NutAssemblySquare environment via robosuite.make() with cameras at 84x84
2026-08-09 13:54:07,008 | INFO | Configured cameras: ['agentview']
[robosuite WARNING] No private macro file found! (macros.py:57)
[robosuite WARNING] It is recommended to use a private macro file (macros.py:58)
[robosuite WARNING] To setup, run: python /mnt/data/users/haoyu/workspace/code/fpo-control/manipulation_experiments/thirdparty/robosuite/robosuite/scripts/setup_macros.py (macros.py:59)
[robosuite WARNING] No private macro file found! (macros.py:57)
[robosuite WARNING] It is recommended to use a private macro file (macros.py:58)
[robosuite WARNING] To setup, run: python /mnt/data/users/haoyu/workspace/code/fpo-control/manipulation_experiments/thirdparty/robosuite/robosuite/scripts/setup_macros.py (macros.py:59)
[robosuite WARNING] No private macro file found! (macros.py:57)
[robosuite WARNING] It is recommended to use a private macro file (macros.py:58)
[robosuite WARNING] To setup, run: python /mnt/data/users/haoyu/workspace/code/fpo-control/manipulation_experiments/thirdparty/robosuite/robosuite/scripts/setup_macros.py (macros.py:59)
[robosuite WARNING] No private macro file found! (macros.py:57)
[robosuite WARNING] It is recommended to use a private macro file (macros.py:58)
[robosuite WARNING] To setup, run: python /mnt/data/users/haoyu/workspace/code/fpo-control/manipulation_experiments/thirdparty/robosuite/robosuite/scripts/setup_macros.py (macros.py:59)
[robosuite WARNING] No private macro file found! (macros.py:57)
[robosuite WARNING] It is recommended to use a private macro file (macros.py:58)
[robosuite WARNING] To setup, run: python /mnt/data/users/haoyu/workspace/code/fpo-control/manipulation_experiments/thirdparty/robosuite/robosuite/scripts/setup_macros.py (macros.py:59)
[robosuite WARNING] No private macro file found! (macros.py:57)
[robosuite WARNING] It is recommended to use a private macro file (macros.py:58)
[robosuite WARNING] To setup, run: python /mnt/data/users/haoyu/workspace/code/fpo-control/manipulation_experiments/thirdparty/robosuite/robosuite/scripts/setup_macros.py (macros.py:59)
[robosuite WARNING] No private macro file found! (macros.py:57)
[robosuite WARNING] It is recommended to use a private macro file (macros.py:58)
[robosuite WARNING] To setup, run: python /mnt/data/users/haoyu/workspace/code/fpo-control/manipulation_experiments/thirdparty/robosuite/robosuite/scripts/setup_macros.py (macros.py:59)
[robosuite WARNING] No private macro file found! (macros.py:57)
[robosuite WARNING] It is recommended to use a private macro file (macros.py:58)
[robosuite WARNING] To setup, run: python /mnt/data/users/haoyu/workspace/code/fpo-control/manipulation_experiments/thirdparty/robosuite/robosuite/scripts/setup_macros.py (macros.py:59)
[robosuite WARNING] Could not import robosuite_models. Some robots may not be available. If you want to use these robots, please install robosuite_models from source (https://github.com/ARISE-Initiative/robosuite_models) or through pip install. (__init__.py:30)
[robosuite WARNING] Could not import robosuite_models. Some robots may not be available. If you want to use these robots, please install robosuite_models from source (https://github.com/ARISE-Initiative/robosuite_models) or through pip install. (__init__.py:30)
[robosuite WARNING] Could not import robosuite_models. Some robots may not be available. If you want to use these robots, please install robosuite_models from source (https://github.com/ARISE-Initiative/robosuite_models) or through pip install. (__init__.py:30)
[robosuite WARNING] Could not import robosuite_models. Some robots may not be available. If you want to use these robots, please install robosuite_models from source (https://github.com/ARISE-Initiative/robosuite_models) or through pip install. (__init__.py:30)
[robosuite WARNING] Could not import robosuite_models. Some robots may not be available. If you want to use these robots, please install robosuite_models from source (https://github.com/ARISE-Initiative/robosuite_models) or through pip install. (__init__.py:30)
[robosuite WARNING] Could not import robosuite_models. Some robots may not be available. If you want to use these robots, please install robosuite_models from source (https://github.com/ARISE-Initiative/robosuite_models) or through pip install. (__init__.py:30)
[robosuite WARNING] Could not import robosuite_models. Some robots may not be available. If you want to use these robots, please install robosuite_models from source (https://github.com/ARISE-Initiative/robosuite_models) or through pip install. (__init__.py:30)
[robosuite WARNING] Could not import robosuite_models. Some robots may not be available. If you want to use these robots, please install robosuite_models from source (https://github.com/ARISE-Initiative/robosuite_models) or through pip install. (__init__.py:30)
2026-08-09 13:54:14,515 | INFO | Video key: agentview
2026-08-09 13:54:14,515 | INFO | Using image observation keys: ['agentview']
[robosuite INFO] Loading controller configuration from: /mnt/data/users/haoyu/workspace/code/fpo-control/manipulation_experiments/thirdparty/robosuite/robosuite/controllers/config/robots/default_panda.json (composite_controller_factory.py:121)
2026-08-09 13:54:14,515 | INFO | Loading controller configuration from: /mnt/data/users/haoyu/workspace/code/fpo-control/manipulation_experiments/thirdparty/robosuite/robosuite/controllers/config/robots/default_panda.json
render_gpu_device_id: 1
2026-08-09 13:54:15,235 | INFO | Video key: agentview
2026-08-09 13:54:15,235 | INFO | Using image observation keys: ['agentview']
[robosuite INFO] Loading controller configuration from: /mnt/data/users/haoyu/workspace/code/fpo-control/manipulation_experiments/thirdparty/robosuite/robosuite/controllers/config/robots/default_panda.json (composite_controller_factory.py:121)
2026-08-09 13:54:15,236 | INFO | Loading controller configuration from: /mnt/data/users/haoyu/workspace/code/fpo-control/manipulation_experiments/thirdparty/robosuite/robosuite/controllers/config/robots/default_panda.json
render_gpu_device_id: 1
2026-08-09 13:54:15,856 | INFO | Video key: agentview
2026-08-09 13:54:15,856 | INFO | Using image observation keys: ['agentview']
[robosuite INFO] Loading controller configuration from: /mnt/data/users/haoyu/workspace/code/fpo-control/manipulation_experiments/thirdparty/robosuite/robosuite/controllers/config/robots/default_panda.json (composite_controller_factory.py:121)
2026-08-09 13:54:15,857 | INFO | Loading controller configuration from: /mnt/data/users/haoyu/workspace/code/fpo-control/manipulation_experiments/thirdparty/robosuite/robosuite/controllers/config/robots/default_panda.json
render_gpu_device_id: 1
2026-08-09 13:54:15,869 | INFO | Video key: agentview
2026-08-09 13:54:15,869 | INFO | Using image observation keys: ['agentview']
[robosuite INFO] Loading controller configuration from: /mnt/data/users/haoyu/workspace/code/fpo-control/manipulation_experiments/thirdparty/robosuite/robosuite/controllers/config/robots/default_panda.json (composite_controller_factory.py:121)
2026-08-09 13:54:15,869 | INFO | Loading controller configuration from: /mnt/data/users/haoyu/workspace/code/fpo-control/manipulation_experiments/thirdparty/robosuite/robosuite/controllers/config/robots/default_panda.json
render_gpu_device_id: 1
2026-08-09 13:54:15,885 | INFO | Video key: agentview
2026-08-09 13:54:15,886 | INFO | Using image observation keys: ['agentview']
[robosuite INFO] Loading controller configuration from: /mnt/data/users/haoyu/workspace/code/fpo-control/manipulation_experiments/thirdparty/robosuite/robosuite/controllers/config/robots/default_panda.json (composite_controller_factory.py:121)
2026-08-09 13:54:15,886 | INFO | Loading controller configuration from: /mnt/data/users/haoyu/workspace/code/fpo-control/manipulation_experiments/thirdparty/robosuite/robosuite/controllers/config/robots/default_panda.json
render_gpu_device_id: 1
2026-08-09 13:54:16,315 | INFO | Video key: agentview
2026-08-09 13:54:16,316 | INFO | Using image observation keys: ['agentview']
[robosuite INFO] Loading controller configuration from: /mnt/data/users/haoyu/workspace/code/fpo-control/manipulation_experiments/thirdparty/robosuite/robosuite/controllers/config/robots/default_panda.json (composite_controller_factory.py:121)
2026-08-09 13:54:16,316 | INFO | Loading controller configuration from: /mnt/data/users/haoyu/workspace/code/fpo-control/manipulation_experiments/thirdparty/robosuite/robosuite/controllers/config/robots/default_panda.json
render_gpu_device_id: 1
2026-08-09 13:54:16,330 | INFO | Video key: agentview
2026-08-09 13:54:16,330 | INFO | Using image observation keys: ['agentview']
[robosuite INFO] Loading controller configuration from: /mnt/data/users/haoyu/workspace/code/fpo-control/manipulation_experiments/thirdparty/robosuite/robosuite/controllers/config/robots/default_panda.json (composite_controller_factory.py:121)
2026-08-09 13:54:16,330 | INFO | Loading controller configuration from: /mnt/data/users/haoyu/workspace/code/fpo-control/manipulation_experiments/thirdparty/robosuite/robosuite/controllers/config/robots/default_panda.json
render_gpu_device_id: 1
2026-08-09 13:54:16,335 | INFO | Video key: agentview
2026-08-09 13:54:16,335 | INFO | Using image observation keys: ['agentview']
[robosuite INFO] Loading controller configuration from: /mnt/data/users/haoyu/workspace/code/fpo-control/manipulation_experiments/thirdparty/robosuite/robosuite/controllers/config/robots/default_panda.json (composite_controller_factory.py:121)
2026-08-09 13:54:16,335 | INFO | Loading controller configuration from: /mnt/data/users/haoyu/workspace/code/fpo-control/manipulation_experiments/thirdparty/robosuite/robosuite/controllers/config/robots/default_panda.json
render_gpu_device_id: 1
2026-08-09 13:54:16,375 | INFO | Successfully created NutAssemblySquare environment via robosuite.make() with cameras at 84x84
2026-08-09 13:54:16,375 | INFO | Configured cameras: ['agentview']
2026-08-09 13:54:17,045 | INFO | Successfully created NutAssemblySquare environment via robosuite.make() with cameras at 84x84
2026-08-09 13:54:17,045 | INFO | Configured cameras: ['agentview']
2026-08-09 13:54:17,687 | INFO | Successfully created NutAssemblySquare environment via robosuite.make() with cameras at 84x84
2026-08-09 13:54:17,688 | INFO | Configured cameras: ['agentview']
2026-08-09 13:54:17,718 | INFO | Successfully created NutAssemblySquare environment via robosuite.make() with cameras at 84x84
2026-08-09 13:54:17,718 | INFO | Configured cameras: ['agentview']
2026-08-09 13:54:17,727 | INFO | Successfully created NutAssemblySquare environment via robosuite.make() with cameras at 84x84
2026-08-09 13:54:17,727 | INFO | Configured cameras: ['agentview']
2026-08-09 13:54:18,116 | INFO | Successfully created NutAssemblySquare environment via robosuite.make() with cameras at 84x84
2026-08-09 13:54:18,116 | INFO | Configured cameras: ['agentview']
2026-08-09 13:54:18,127 | INFO | Successfully created NutAssemblySquare environment via robosuite.make() with cameras at 84x84
2026-08-09 13:54:18,127 | INFO | Configured cameras: ['agentview']
2026-08-09 13:54:18,235 | INFO | Successfully created NutAssemblySquare environment via robosuite.make() with cameras at 84x84
2026-08-09 13:54:18,235 | INFO | Configured cameras: ['agentview']
2026-08-09 13:54:19,369 | INFO | Created 8 vectorized Square environments
2026-08-09 13:54:19,369 | INFO | Set video key to 'agentview' for video recording
2026-08-09 13:54:20,414 | INFO | Created observation keys: ['observation.state', 'observation.images.agentview']
2026-08-09 13:54:20,427 | INFO | Created observation keys: ['observation.state', 'observation.images.agentview']
2026-08-09 13:54:20,430 | INFO | Created observation keys: ['observation.state', 'observation.images.agentview']
2026-08-09 13:54:20,440 | INFO | Created observation keys: ['observation.state', 'observation.images.agentview']
2026-08-09 13:54:20,461 | INFO | Created observation keys: ['observation.state', 'observation.images.agentview']
2026-08-09 13:54:20,470 | INFO | Created observation keys: ['observation.state', 'observation.images.agentview']
2026-08-09 13:54:20,470 | INFO | Created observation keys: ['observation.state', 'observation.images.agentview']
2026-08-09 13:54:20,484 | INFO | Created observation keys: ['observation.state', 'observation.images.agentview']
2026-08-09 13:54:56,425 | INFO | direction=13 seed=20261013 sign=+1 envs=8
num_visible_gpus: 1 [1] render_override: 1
2026-08-09 13:54:56,425 | INFO | Production mode: using gymnasium.vector.AsyncVectorEnv
2026-08-09 13:54:56,425 | INFO | Video key: agentview
2026-08-09 13:54:56,425 | INFO | Using image observation keys: ['agentview']
[robosuite INFO] Loading controller configuration from: /mnt/data/users/haoyu/workspace/code/fpo-control/manipulation_experiments/thirdparty/robosuite/robosuite/controllers/config/robots/default_panda.json (composite_controller_factory.py:121)
2026-08-09 13:54:56,426 | INFO | Loading controller configuration from: /mnt/data/users/haoyu/workspace/code/fpo-control/manipulation_experiments/thirdparty/robosuite/robosuite/controllers/config/robots/default_panda.json
render_gpu_device_id: 1
2026-08-09 13:54:57,225 | INFO | Successfully created NutAssemblySquare environment via robosuite.make() with cameras at 84x84
2026-08-09 13:54:57,225 | INFO | Configured cameras: ['agentview']
[robosuite WARNING] No private macro file found! (macros.py:57)
[robosuite WARNING] It is recommended to use a private macro file (macros.py:58)
[robosuite WARNING] To setup, run: python /mnt/data/users/haoyu/workspace/code/fpo-control/manipulation_experiments/thirdparty/robosuite/robosuite/scripts/setup_macros.py (macros.py:59)
[robosuite WARNING] No private macro file found! (macros.py:57)
[robosuite WARNING] It is recommended to use a private macro file (macros.py:58)
[robosuite WARNING] To setup, run: python /mnt/data/users/haoyu/workspace/code/fpo-control/manipulation_experiments/thirdparty/robosuite/robosuite/scripts/setup_macros.py (macros.py:59)
[robosuite WARNING] No private macro file found! (macros.py:57)
[robosuite WARNING] It is recommended to use a private macro file (macros.py:58)
[robosuite WARNING] To setup, run: python /mnt/data/users/haoyu/workspace/code/fpo-control/manipulation_experiments/thirdparty/robosuite/robosuite/scripts/setup_macros.py (macros.py:59)
[robosuite WARNING] No private macro file found! (macros.py:57)
[robosuite WARNING] It is recommended to use a private macro file (macros.py:58)
[robosuite WARNING] To setup, run: python /mnt/data/users/haoyu/workspace/code/fpo-control/manipulation_experiments/thirdparty/robosuite/robosuite/scripts/setup_macros.py (macros.py:59)
[robosuite WARNING] No private macro file found! (macros.py:57)
[robosuite WARNING] It is recommended to use a private macro file (macros.py:58)
[robosuite WARNING] To setup, run: python /mnt/data/users/haoyu/workspace/code/fpo-control/manipulation_experiments/thirdparty/robosuite/robosuite/scripts/setup_macros.py (macros.py:59)
[robosuite WARNING] No private macro file found! (macros.py:57)
[robosuite WARNING] It is recommended to use a private macro file (macros.py:58)
[robosuite WARNING] To setup, run: python /mnt/data/users/haoyu/workspace/code/fpo-control/manipulation_experiments/thirdparty/robosuite/robosuite/scripts/setup_macros.py (macros.py:59)
[robosuite WARNING] No private macro file found! (macros.py:57)
[robosuite WARNING] It is recommended to use a private macro file (macros.py:58)
[robosuite WARNING] To setup, run: python /mnt/data/users/haoyu/workspace/code/fpo-control/manipulation_experiments/thirdparty/robosuite/robosuite/scripts/setup_macros.py (macros.py:59)
[robosuite WARNING] No private macro file found! (macros.py:57)
[robosuite WARNING] It is recommended to use a private macro file (macros.py:58)
[robosuite WARNING] To setup, run: python /mnt/data/users/haoyu/workspace/code/fpo-control/manipulation_experiments/thirdparty/robosuite/robosuite/scripts/setup_macros.py (macros.py:59)
[robosuite WARNING] Could not import robosuite_models. Some robots may not be available. If you want to use these robots, please install robosuite_models from source (https://github.com/ARISE-Initiative/robosuite_models) or through pip install. (__init__.py:30)
[robosuite WARNING] Could not import robosuite_models. Some robots may not be available. If you want to use these robots, please install robosuite_models from source (https://github.com/ARISE-Initiative/robosuite_models) or through pip install. (__init__.py:30)
[robosuite WARNING] Could not import robosuite_models. Some robots may not be available. If you want to use these robots, please install robosuite_models from source (https://github.com/ARISE-Initiative/robosuite_models) or through pip install. (__init__.py:30)
[robosuite WARNING] Could not import robosuite_models. Some robots may not be available. If you want to use these robots, please install robosuite_models from source (https://github.com/ARISE-Initiative/robosuite_models) or through pip install. (__init__.py:30)
[robosuite WARNING] Could not import robosuite_models. Some robots may not be available. If you want to use these robots, please install robosuite_models from source (https://github.com/ARISE-Initiative/robosuite_models) or through pip install. (__init__.py:30)
[robosuite WARNING] Could not import robosuite_models. Some robots may not be available. If you want to use these robots, please install robosuite_models from source (https://github.com/ARISE-Initiative/robosuite_models) or through pip install. (__init__.py:30)
[robosuite WARNING] Could not import robosuite_models. Some robots may not be available. If you want to use these robots, please install robosuite_models from source (https://github.com/ARISE-Initiative/robosuite_models) or through pip install. (__init__.py:30)
[robosuite WARNING] Could not import robosuite_models. Some robots may not be available. If you want to use these robots, please install robosuite_models from source (https://github.com/ARISE-Initiative/robosuite_models) or through pip install. (__init__.py:30)
2026-08-09 13:55:05,469 | INFO | Video key: agentview
2026-08-09 13:55:05,469 | INFO | Using image observation keys: ['agentview']
[robosuite INFO] Loading controller configuration from: /mnt/data/users/haoyu/workspace/code/fpo-control/manipulation_experiments/thirdparty/robosuite/robosuite/controllers/config/robots/default_panda.json (composite_controller_factory.py:121)
2026-08-09 13:55:05,470 | INFO | Loading controller configuration from: /mnt/data/users/haoyu/workspace/code/fpo-control/manipulation_experiments/thirdparty/robosuite/robosuite/controllers/config/robots/default_panda.json
render_gpu_device_id: 1
2026-08-09 13:55:05,550 | INFO | Video key: agentview
2026-08-09 13:55:05,550 | INFO | Using image observation keys: ['agentview']
[robosuite INFO] Loading controller configuration from: /mnt/data/users/haoyu/workspace/code/fpo-control/manipulation_experiments/thirdparty/robosuite/robosuite/controllers/config/robots/default_panda.json (composite_controller_factory.py:121)
2026-08-09 13:55:05,550 | INFO | Loading controller configuration from: /mnt/data/users/haoyu/workspace/code/fpo-control/manipulation_experiments/thirdparty/robosuite/robosuite/controllers/config/robots/default_panda.json
render_gpu_device_id: 1
2026-08-09 13:55:05,994 | INFO | Video key: agentview
2026-08-09 13:55:05,994 | INFO | Using image observation keys: ['agentview']
[robosuite INFO] Loading controller configuration from: /mnt/data/users/haoyu/workspace/code/fpo-control/manipulation_experiments/thirdparty/robosuite/robosuite/controllers/config/robots/default_panda.json (composite_controller_factory.py:121)
2026-08-09 13:55:05,994 | INFO | Loading controller configuration from: /mnt/data/users/haoyu/workspace/code/fpo-control/manipulation_experiments/thirdparty/robosuite/robosuite/controllers/config/robots/default_panda.json
render_gpu_device_id: 1
2026-08-09 13:55:06,731 | INFO | Video key: agentview
2026-08-09 13:55:06,731 | INFO | Using image observation keys: ['agentview']
[robosuite INFO] Loading controller configuration from: /mnt/data/users/haoyu/workspace/code/fpo-control/manipulation_experiments/thirdparty/robosuite/robosuite/controllers/config/robots/default_panda.json (composite_controller_factory.py:121)
2026-08-09 13:55:06,731 | INFO | Loading controller configuration from: /mnt/data/users/haoyu/workspace/code/fpo-control/manipulation_experiments/thirdparty/robosuite/robosuite/controllers/config/robots/default_panda.json
render_gpu_device_id: 1
2026-08-09 13:55:06,774 | INFO | Video key: agentview
2026-08-09 13:55:06,774 | INFO | Using image observation keys: ['agentview']
[robosuite INFO] Loading controller configuration from: /mnt/data/users/haoyu/workspace/code/fpo-control/manipulation_experiments/thirdparty/robosuite/robosuite/controllers/config/robots/default_panda.json (composite_controller_factory.py:121)
2026-08-09 13:55:06,774 | INFO | Loading controller configuration from: /mnt/data/users/haoyu/workspace/code/fpo-control/manipulation_experiments/thirdparty/robosuite/robosuite/controllers/config/robots/default_panda.json
render_gpu_device_id: 1
2026-08-09 13:55:06,778 | INFO | Video key: agentview
2026-08-09 13:55:06,778 | INFO | Using image observation keys: ['agentview']
[robosuite INFO] Loading controller configuration from: /mnt/data/users/haoyu/workspace/code/fpo-control/manipulation_experiments/thirdparty/robosuite/robosuite/controllers/config/robots/default_panda.json (composite_controller_factory.py:121)
2026-08-09 13:55:06,779 | INFO | Loading controller configuration from: /mnt/data/users/haoyu/workspace/code/fpo-control/manipulation_experiments/thirdparty/robosuite/robosuite/controllers/config/robots/default_panda.json
render_gpu_device_id: 1
2026-08-09 13:55:06,782 | INFO | Video key: agentview
2026-08-09 13:55:06,782 | INFO | Using image observation keys: ['agentview']
[robosuite INFO] Loading controller configuration from: /mnt/data/users/haoyu/workspace/code/fpo-control/manipulation_experiments/thirdparty/robosuite/robosuite/controllers/config/robots/default_panda.json (composite_controller_factory.py:121)
2026-08-09 13:55:06,782 | INFO | Loading controller configuration from: /mnt/data/users/haoyu/workspace/code/fpo-control/manipulation_experiments/thirdparty/robosuite/robosuite/controllers/config/robots/default_panda.json
render_gpu_device_id: 1
2026-08-09 13:55:06,784 | INFO | Video key: agentview
2026-08-09 13:55:06,784 | INFO | Using image observation keys: ['agentview']
[robosuite INFO] Loading controller configuration from: /mnt/data/users/haoyu/workspace/code/fpo-control/manipulation_experiments/thirdparty/robosuite/robosuite/controllers/config/robots/default_panda.json (composite_controller_factory.py:121)
2026-08-09 13:55:06,784 | INFO | Loading controller configuration from: /mnt/data/users/haoyu/workspace/code/fpo-control/manipulation_experiments/thirdparty/robosuite/robosuite/controllers/config/robots/default_panda.json
render_gpu_device_id: 1
2026-08-09 13:55:07,276 | INFO | Successfully created NutAssemblySquare environment via robosuite.make() with cameras at 84x84
2026-08-09 13:55:07,276 | INFO | Configured cameras: ['agentview']
2026-08-09 13:55:07,405 | INFO | Successfully created NutAssemblySquare environment via robosuite.make() with cameras at 84x84
2026-08-09 13:55:07,405 | INFO | Configured cameras: ['agentview']
2026-08-09 13:55:07,842 | INFO | Successfully created NutAssemblySquare environment via robosuite.make() with cameras at 84x84
2026-08-09 13:55:07,842 | INFO | Configured cameras: ['agentview']
2026-08-09 13:55:08,535 | INFO | Successfully created NutAssemblySquare environment via robosuite.make() with cameras at 84x84
2026-08-09 13:55:08,535 | INFO | Configured cameras: ['agentview']
2026-08-09 13:55:08,566 | INFO | Successfully created NutAssemblySquare environment via robosuite.make() with cameras at 84x84
2026-08-09 13:55:08,566 | INFO | Configured cameras: ['agentview']
2026-08-09 13:55:08,567 | INFO | Successfully created NutAssemblySquare environment via robosuite.make() with cameras at 84x84
2026-08-09 13:55:08,567 | INFO | Configured cameras: ['agentview']
2026-08-09 13:55:08,590 | INFO | Successfully created NutAssemblySquare environment via robosuite.make() with cameras at 84x84
2026-08-09 13:55:08,590 | INFO | Configured cameras: ['agentview']
2026-08-09 13:55:08,598 | INFO | Successfully created NutAssemblySquare environment via robosuite.make() with cameras at 84x84
2026-08-09 13:55:08,598 | INFO | Configured cameras: ['agentview']
2026-08-09 13:55:09,730 | INFO | Created 8 vectorized Square environments
2026-08-09 13:55:09,730 | INFO | Set video key to 'agentview' for video recording
2026-08-09 13:55:10,779 | INFO | Created observation keys: ['observation.state', 'observation.images.agentview']
2026-08-09 13:55:10,795 | INFO | Created observation keys: ['observation.state', 'observation.images.agentview']
2026-08-09 13:55:10,797 | INFO | Created observation keys: ['observation.state', 'observation.images.agentview']
2026-08-09 13:55:10,798 | INFO | Created observation keys: ['observation.state', 'observation.images.agentview']
2026-08-09 13:55:10,804 | INFO | Created observation keys: ['observation.state', 'observation.images.agentview']
2026-08-09 13:55:10,821 | INFO | Created observation keys: ['observation.state', 'observation.images.agentview']
2026-08-09 13:55:10,834 | INFO | Created observation keys: ['observation.state', 'observation.images.agentview']
2026-08-09 13:55:10,847 | INFO | Created observation keys: ['observation.state', 'observation.images.agentview']
2026-08-09 13:55:47,457 | INFO | direction=14 seed=20261014 sign=-1 envs=8
num_visible_gpus: 1 [1] render_override: 1
2026-08-09 13:55:47,457 | INFO | Production mode: using gymnasium.vector.AsyncVectorEnv
2026-08-09 13:55:47,457 | INFO | Video key: agentview
2026-08-09 13:55:47,457 | INFO | Using image observation keys: ['agentview']
[robosuite INFO] Loading controller configuration from: /mnt/data/users/haoyu/workspace/code/fpo-control/manipulation_experiments/thirdparty/robosuite/robosuite/controllers/config/robots/default_panda.json (composite_controller_factory.py:121)
2026-08-09 13:55:47,457 | INFO | Loading controller configuration from: /mnt/data/users/haoyu/workspace/code/fpo-control/manipulation_experiments/thirdparty/robosuite/robosuite/controllers/config/robots/default_panda.json
render_gpu_device_id: 1
2026-08-09 13:55:48,150 | INFO | Successfully created NutAssemblySquare environment via robosuite.make() with cameras at 84x84
2026-08-09 13:55:48,150 | INFO | Configured cameras: ['agentview']
[robosuite WARNING] No private macro file found! (macros.py:57)
[robosuite WARNING] It is recommended to use a private macro file (macros.py:58)
[robosuite WARNING] To setup, run: python /mnt/data/users/haoyu/workspace/code/fpo-control/manipulation_experiments/thirdparty/robosuite/robosuite/scripts/setup_macros.py (macros.py:59)
[robosuite WARNING] No private macro file found! (macros.py:57)
[robosuite WARNING] It is recommended to use a private macro file (macros.py:58)
[robosuite WARNING] To setup, run: python /mnt/data/users/haoyu/workspace/code/fpo-control/manipulation_experiments/thirdparty/robosuite/robosuite/scripts/setup_macros.py (macros.py:59)
[robosuite WARNING] No private macro file found! (macros.py:57)
[robosuite WARNING] No private macro file found! (macros.py:57)
[robosuite WARNING] It is recommended to use a private macro file (macros.py:58)
[robosuite WARNING] To setup, run: python /mnt/data/users/haoyu/workspace/code/fpo-control/manipulation_experiments/thirdparty/robosuite/robosuite/scripts/setup_macros.py (macros.py:59)
[robosuite WARNING] It is recommended to use a private macro file (macros.py:58)
[robosuite WARNING] To setup, run: python /mnt/data/users/haoyu/workspace/code/fpo-control/manipulation_experiments/thirdparty/robosuite/robosuite/scripts/setup_macros.py (macros.py:59)
[robosuite WARNING] No private macro file found! (macros.py:57)
[robosuite WARNING] It is recommended to use a private macro file (macros.py:58)
[robosuite WARNING] To setup, run: python /mnt/data/users/haoyu/workspace/code/fpo-control/manipulation_experiments/thirdparty/robosuite/robosuite/scripts/setup_macros.py (macros.py:59)
[robosuite WARNING] No private macro file found! (macros.py:57)
[robosuite WARNING] It is recommended to use a private macro file (macros.py:58)
[robosuite WARNING] To setup, run: python /mnt/data/users/haoyu/workspace/code/fpo-control/manipulation_experiments/thirdparty/robosuite/robosuite/scripts/setup_macros.py (macros.py:59)
[robosuite WARNING] No private macro file found! (macros.py:57)
[robosuite WARNING] It is recommended to use a private macro file (macros.py:58)
[robosuite WARNING] To setup, run: python /mnt/data/users/haoyu/workspace/code/fpo-control/manipulation_experiments/thirdparty/robosuite/robosuite/scripts/setup_macros.py (macros.py:59)
[robosuite WARNING] No private macro file found! (macros.py:57)
[robosuite WARNING] It is recommended to use a private macro file (macros.py:58)
[robosuite WARNING] To setup, run: python /mnt/data/users/haoyu/workspace/code/fpo-control/manipulation_experiments/thirdparty/robosuite/robosuite/scripts/setup_macros.py (macros.py:59)
[robosuite WARNING] Could not import robosuite_models. Some robots may not be available. If you want to use these robots, please install robosuite_models from source (https://github.com/ARISE-Initiative/robosuite_models) or through pip install. (__init__.py:30)
[robosuite WARNING] Could not import robosuite_models. Some robots may not be available. If you want to use these robots, please install robosuite_models from source (https://github.com/ARISE-Initiative/robosuite_models) or through pip install. (__init__.py:30)
[robosuite WARNING] Could not import robosuite_models. Some robots may not be available. If you want to use these robots, please install robosuite_models from source (https://github.com/ARISE-Initiative/robosuite_models) or through pip install. (__init__.py:30)
[robosuite WARNING] Could not import robosuite_models. Some robots may not be available. If you want to use these robots, please install robosuite_models from source (https://github.com/ARISE-Initiative/robosuite_models) or through pip install. (__init__.py:30)
[robosuite WARNING] Could not import robosuite_models. Some robots may not be available. If you want to use these robots, please install robosuite_models from source (https://github.com/ARISE-Initiative/robosuite_models) or through pip install. (__init__.py:30)
[robosuite WARNING] Could not import robosuite_models. Some robots may not be available. If you want to use these robots, please install robosuite_models from source (https://github.com/ARISE-Initiative/robosuite_models) or through pip install. (__init__.py:30)
[robosuite WARNING] Could not import robosuite_models. Some robots may not be available. If you want to use these robots, please install robosuite_models from source (https://github.com/ARISE-Initiative/robosuite_models) or through pip install. (__init__.py:30)
[robosuite WARNING] Could not import robosuite_models. Some robots may not be available. If you want to use these robots, please install robosuite_models from source (https://github.com/ARISE-Initiative/robosuite_models) or through pip install. (__init__.py:30)
2026-08-09 13:55:56,105 | INFO | Video key: agentview
2026-08-09 13:55:56,105 | INFO | Using image observation keys: ['agentview']
[robosuite INFO] Loading controller configuration from: /mnt/data/users/haoyu/workspace/code/fpo-control/manipulation_experiments/thirdparty/robosuite/robosuite/controllers/config/robots/default_panda.json (composite_controller_factory.py:121)
2026-08-09 13:55:56,106 | INFO | Loading controller configuration from: /mnt/data/users/haoyu/workspace/code/fpo-control/manipulation_experiments/thirdparty/robosuite/robosuite/controllers/config/robots/default_panda.json
render_gpu_device_id: 1
2026-08-09 13:55:56,867 | INFO | Video key: agentview
2026-08-09 13:55:56,867 | INFO | Using image observation keys: ['agentview']
[robosuite INFO] Loading controller configuration from: /mnt/data/users/haoyu/workspace/code/fpo-control/manipulation_experiments/thirdparty/robosuite/robosuite/controllers/config/robots/default_panda.json (composite_controller_factory.py:121)
2026-08-09 13:55:56,867 | INFO | Loading controller configuration from: /mnt/data/users/haoyu/workspace/code/fpo-control/manipulation_experiments/thirdparty/robosuite/robosuite/controllers/config/robots/default_panda.json
render_gpu_device_id: 1
2026-08-09 13:55:57,257 | INFO | Video key: agentview
2026-08-09 13:55:57,257 | INFO | Using image observation keys: ['agentview']
[robosuite INFO] Loading controller configuration from: /mnt/data/users/haoyu/workspace/code/fpo-control/manipulation_experiments/thirdparty/robosuite/robosuite/controllers/config/robots/default_panda.json (composite_controller_factory.py:121)
2026-08-09 13:55:57,257 | INFO | Loading controller configuration from: /mnt/data/users/haoyu/workspace/code/fpo-control/manipulation_experiments/thirdparty/robosuite/robosuite/controllers/config/robots/default_panda.json
render_gpu_device_id: 1
2026-08-09 13:55:57,621 | INFO | Video key: agentview
2026-08-09 13:55:57,621 | INFO | Using image observation keys: ['agentview']
[robosuite INFO] Loading controller configuration from: /mnt/data/users/haoyu/workspace/code/fpo-control/manipulation_experiments/thirdparty/robosuite/robosuite/controllers/config/robots/default_panda.json (composite_controller_factory.py:121)
2026-08-09 13:55:57,621 | INFO | Loading controller configuration from: /mnt/data/users/haoyu/workspace/code/fpo-control/manipulation_experiments/thirdparty/robosuite/robosuite/controllers/config/robots/default_panda.json
render_gpu_device_id: 1
2026-08-09 13:55:57,623 | INFO | Video key: agentview
2026-08-09 13:55:57,623 | INFO | Using image observation keys: ['agentview']
[robosuite INFO] Loading controller configuration from: /mnt/data/users/haoyu/workspace/code/fpo-control/manipulation_experiments/thirdparty/robosuite/robosuite/controllers/config/robots/default_panda.json (composite_controller_factory.py:121)
2026-08-09 13:55:57,623 | INFO | Loading controller configuration from: /mnt/data/users/haoyu/workspace/code/fpo-control/manipulation_experiments/thirdparty/robosuite/robosuite/controllers/config/robots/default_panda.json
render_gpu_device_id: 1
2026-08-09 13:55:57,630 | INFO | Video key: agentview
2026-08-09 13:55:57,630 | INFO | Using image observation keys: ['agentview']
[robosuite INFO] Loading controller configuration from: /mnt/data/users/haoyu/workspace/code/fpo-control/manipulation_experiments/thirdparty/robosuite/robosuite/controllers/config/robots/default_panda.json (composite_controller_factory.py:121)
2026-08-09 13:55:57,630 | INFO | Loading controller configuration from: /mnt/data/users/haoyu/workspace/code/fpo-control/manipulation_experiments/thirdparty/robosuite/robosuite/controllers/config/robots/default_panda.json
render_gpu_device_id: 1
2026-08-09 13:55:57,651 | INFO | Video key: agentview
2026-08-09 13:55:57,651 | INFO | Using image observation keys: ['agentview']
[robosuite INFO] Loading controller configuration from: /mnt/data/users/haoyu/workspace/code/fpo-control/manipulation_experiments/thirdparty/robosuite/robosuite/controllers/config/robots/default_panda.json (composite_controller_factory.py:121)
2026-08-09 13:55:57,651 | INFO | Loading controller configuration from: /mnt/data/users/haoyu/workspace/code/fpo-control/manipulation_experiments/thirdparty/robosuite/robosuite/controllers/config/robots/default_panda.json
render_gpu_device_id: 1
2026-08-09 13:55:57,657 | INFO | Video key: agentview
2026-08-09 13:55:57,657 | INFO | Using image observation keys: ['agentview']
[robosuite INFO] Loading controller configuration from: /mnt/data/users/haoyu/workspace/code/fpo-control/manipulation_experiments/thirdparty/robosuite/robosuite/controllers/config/robots/default_panda.json (composite_controller_factory.py:121)
2026-08-09 13:55:57,657 | INFO | Loading controller configuration from: /mnt/data/users/haoyu/workspace/code/fpo-control/manipulation_experiments/thirdparty/robosuite/robosuite/controllers/config/robots/default_panda.json
render_gpu_device_id: 1
2026-08-09 13:55:57,905 | INFO | Successfully created NutAssemblySquare environment via robosuite.make() with cameras at 84x84
2026-08-09 13:55:57,905 | INFO | Configured cameras: ['agentview']
2026-08-09 13:55:58,689 | INFO | Successfully created NutAssemblySquare environment via robosuite.make() with cameras at 84x84
2026-08-09 13:55:58,689 | INFO | Configured cameras: ['agentview']
2026-08-09 13:55:59,189 | INFO | Successfully created NutAssemblySquare environment via robosuite.make() with cameras at 84x84
2026-08-09 13:55:59,189 | INFO | Configured cameras: ['agentview']
2026-08-09 13:55:59,416 | INFO | Successfully created NutAssemblySquare environment via robosuite.make() with cameras at 84x84
2026-08-09 13:55:59,417 | INFO | Configured cameras: ['agentview']
2026-08-09 13:55:59,422 | INFO | Successfully created NutAssemblySquare environment via robosuite.make() with cameras at 84x84
2026-08-09 13:55:59,422 | INFO | Configured cameras: ['agentview']
2026-08-09 13:55:59,504 | INFO | Successfully created NutAssemblySquare environment via robosuite.make() with cameras at 84x84
2026-08-09 13:55:59,504 | INFO | Configured cameras: ['agentview']
2026-08-09 13:55:59,545 | INFO | Successfully created NutAssemblySquare environment via robosuite.make() with cameras at 84x84
2026-08-09 13:55:59,545 | INFO | Configured cameras: ['agentview']
2026-08-09 13:55:59,722 | INFO | Successfully created NutAssemblySquare environment via robosuite.make() with cameras at 84x84
2026-08-09 13:55:59,722 | INFO | Configured cameras: ['agentview']
2026-08-09 13:56:00,964 | INFO | Created 8 vectorized Square environments
2026-08-09 13:56:00,965 | INFO | Set video key to 'agentview' for video recording
2026-08-09 13:56:02,019 | INFO | Created observation keys: ['observation.state', 'observation.images.agentview']
2026-08-09 13:56:02,019 | INFO | Created observation keys: ['observation.state', 'observation.images.agentview']
2026-08-09 13:56:02,020 | INFO | Created observation keys: ['observation.state', 'observation.images.agentview']
2026-08-09 13:56:02,021 | INFO | Created observation keys: ['observation.state', 'observation.images.agentview']
2026-08-09 13:56:02,033 | INFO | Created observation keys: ['observation.state', 'observation.images.agentview']
2026-08-09 13:56:02,039 | INFO | Created observation keys: ['observation.state', 'observation.images.agentview']
2026-08-09 13:56:02,043 | INFO | Created observation keys: ['observation.state', 'observation.images.agentview']
2026-08-09 13:56:02,064 | INFO | Created observation keys: ['observation.state', 'observation.images.agentview']
2026-08-09 13:56:38,758 | INFO | direction=14 seed=20261014 sign=+1 envs=8
num_visible_gpus: 1 [1] render_override: 1
2026-08-09 13:56:38,759 | INFO | Production mode: using gymnasium.vector.AsyncVectorEnv
2026-08-09 13:56:38,759 | INFO | Video key: agentview
2026-08-09 13:56:38,759 | INFO | Using image observation keys: ['agentview']
[robosuite INFO] Loading controller configuration from: /mnt/data/users/haoyu/workspace/code/fpo-control/manipulation_experiments/thirdparty/robosuite/robosuite/controllers/config/robots/default_panda.json (composite_controller_factory.py:121)
2026-08-09 13:56:38,759 | INFO | Loading controller configuration from: /mnt/data/users/haoyu/workspace/code/fpo-control/manipulation_experiments/thirdparty/robosuite/robosuite/controllers/config/robots/default_panda.json
render_gpu_device_id: 1
2026-08-09 13:56:39,604 | INFO | Successfully created NutAssemblySquare environment via robosuite.make() with cameras at 84x84
2026-08-09 13:56:39,605 | INFO | Configured cameras: ['agentview']
[robosuite WARNING] No private macro file found! (macros.py:57)
[robosuite WARNING] It is recommended to use a private macro file (macros.py:58)
[robosuite WARNING] To setup, run: python /mnt/data/users/haoyu/workspace/code/fpo-control/manipulation_experiments/thirdparty/robosuite/robosuite/scripts/setup_macros.py (macros.py:59)
[robosuite WARNING] No private macro file found! (macros.py:57)
[robosuite WARNING] It is recommended to use a private macro file (macros.py:58)
[robosuite WARNING] To setup, run: python /mnt/data/users/haoyu/workspace/code/fpo-control/manipulation_experiments/thirdparty/robosuite/robosuite/scripts/setup_macros.py (macros.py:59)
[robosuite WARNING] No private macro file found! (macros.py:57)
[robosuite WARNING] It is recommended to use a private macro file (macros.py:58)
[robosuite WARNING] To setup, run: python /mnt/data/users/haoyu/workspace/code/fpo-control/manipulation_experiments/thirdparty/robosuite/robosuite/scripts/setup_macros.py (macros.py:59)
[robosuite WARNING] No private macro file found! (macros.py:57)
[robosuite WARNING] No private macro file found! (macros.py:57)
[robosuite WARNING] It is recommended to use a private macro file (macros.py:58)
[robosuite WARNING] It is recommended to use a private macro file (macros.py:58)
[robosuite WARNING] To setup, run: python /mnt/data/users/haoyu/workspace/code/fpo-control/manipulation_experiments/thirdparty/robosuite/robosuite/scripts/setup_macros.py (macros.py:59)
[robosuite WARNING] To setup, run: python /mnt/data/users/haoyu/workspace/code/fpo-control/manipulation_experiments/thirdparty/robosuite/robosuite/scripts/setup_macros.py (macros.py:59)
[robosuite WARNING] No private macro file found! (macros.py:57)
[robosuite WARNING] It is recommended to use a private macro file (macros.py:58)
[robosuite WARNING] To setup, run: python /mnt/data/users/haoyu/workspace/code/fpo-control/manipulation_experiments/thirdparty/robosuite/robosuite/scripts/setup_macros.py (macros.py:59)
[robosuite WARNING] No private macro file found! (macros.py:57)
[robosuite WARNING] It is recommended to use a private macro file (macros.py:58)
[robosuite WARNING] To setup, run: python /mnt/data/users/haoyu/workspace/code/fpo-control/manipulation_experiments/thirdparty/robosuite/robosuite/scripts/setup_macros.py (macros.py:59)
[robosuite WARNING] No private macro file found! (macros.py:57)
[robosuite WARNING] It is recommended to use a private macro file (macros.py:58)
[robosuite WARNING] To setup, run: python /mnt/data/users/haoyu/workspace/code/fpo-control/manipulation_experiments/thirdparty/robosuite/robosuite/scripts/setup_macros.py (macros.py:59)
[robosuite WARNING] Could not import robosuite_models. Some robots may not be available. If you want to use these robots, please install robosuite_models from source (https://github.com/ARISE-Initiative/robosuite_models) or through pip install. (__init__.py:30)
[robosuite WARNING] Could not import robosuite_models. Some robots may not be available. If you want to use these robots, please install robosuite_models from source (https://github.com/ARISE-Initiative/robosuite_models) or through pip install. (__init__.py:30)
[robosuite WARNING] Could not import robosuite_models. Some robots may not be available. If you want to use these robots, please install robosuite_models from source (https://github.com/ARISE-Initiative/robosuite_models) or through pip install. (__init__.py:30)
[robosuite WARNING] Could not import robosuite_models. Some robots may not be available. If you want to use these robots, please install robosuite_models from source (https://github.com/ARISE-Initiative/robosuite_models) or through pip install. (__init__.py:30)
[robosuite WARNING] Could not import robosuite_models. Some robots may not be available. If you want to use these robots, please install robosuite_models from source (https://github.com/ARISE-Initiative/robosuite_models) or through pip install. (__init__.py:30)
[robosuite WARNING] Could not import robosuite_models. Some robots may not be available. If you want to use these robots, please install robosuite_models from source (https://github.com/ARISE-Initiative/robosuite_models) or through pip install. (__init__.py:30)
[robosuite WARNING] Could not import robosuite_models. Some robots may not be available. If you want to use these robots, please install robosuite_models from source (https://github.com/ARISE-Initiative/robosuite_models) or through pip install. (__init__.py:30)
[robosuite WARNING] Could not import robosuite_models. Some robots may not be available. If you want to use these robots, please install robosuite_models from source (https://github.com/ARISE-Initiative/robosuite_models) or through pip install. (__init__.py:30)
2026-08-09 13:56:48,071 | INFO | Video key: agentview
2026-08-09 13:56:48,071 | INFO | Using image observation keys: ['agentview']
[robosuite INFO] Loading controller configuration from: /mnt/data/users/haoyu/workspace/code/fpo-control/manipulation_experiments/thirdparty/robosuite/robosuite/controllers/config/robots/default_panda.json (composite_controller_factory.py:121)
2026-08-09 13:56:48,071 | INFO | Loading controller configuration from: /mnt/data/users/haoyu/workspace/code/fpo-control/manipulation_experiments/thirdparty/robosuite/robosuite/controllers/config/robots/default_panda.json
render_gpu_device_id: 1
2026-08-09 13:56:48,849 | INFO | Video key: agentview
2026-08-09 13:56:48,850 | INFO | Using image observation keys: ['agentview']
[robosuite INFO] Loading controller configuration from: /mnt/data/users/haoyu/workspace/code/fpo-control/manipulation_experiments/thirdparty/robosuite/robosuite/controllers/config/robots/default_panda.json (composite_controller_factory.py:121)
2026-08-09 13:56:48,850 | INFO | Loading controller configuration from: /mnt/data/users/haoyu/workspace/code/fpo-control/manipulation_experiments/thirdparty/robosuite/robosuite/controllers/config/robots/default_panda.json
render_gpu_device_id: 1
2026-08-09 13:56:49,019 | INFO | Video key: agentview
2026-08-09 13:56:49,019 | INFO | Using image observation keys: ['agentview']
[robosuite INFO] Loading controller configuration from: /mnt/data/users/haoyu/workspace/code/fpo-control/manipulation_experiments/thirdparty/robosuite/robosuite/controllers/config/robots/default_panda.json (composite_controller_factory.py:121)
2026-08-09 13:56:49,019 | INFO | Loading controller configuration from: /mnt/data/users/haoyu/workspace/code/fpo-control/manipulation_experiments/thirdparty/robosuite/robosuite/controllers/config/robots/default_panda.json
render_gpu_device_id: 1
2026-08-09 13:56:49,326 | INFO | Video key: agentview
2026-08-09 13:56:49,326 | INFO | Using image observation keys: ['agentview']
[robosuite INFO] Loading controller configuration from: /mnt/data/users/haoyu/workspace/code/fpo-control/manipulation_experiments/thirdparty/robosuite/robosuite/controllers/config/robots/default_panda.json (composite_controller_factory.py:121)
2026-08-09 13:56:49,326 | INFO | Loading controller configuration from: /mnt/data/users/haoyu/workspace/code/fpo-control/manipulation_experiments/thirdparty/robosuite/robosuite/controllers/config/robots/default_panda.json
render_gpu_device_id: 1
2026-08-09 13:56:49,361 | INFO | Video key: agentview
2026-08-09 13:56:49,361 | INFO | Using image observation keys: ['agentview']
[robosuite INFO] Loading controller configuration from: /mnt/data/users/haoyu/workspace/code/fpo-control/manipulation_experiments/thirdparty/robosuite/robosuite/controllers/config/robots/default_panda.json (composite_controller_factory.py:121)
2026-08-09 13:56:49,362 | INFO | Loading controller configuration from: /mnt/data/users/haoyu/workspace/code/fpo-control/manipulation_experiments/thirdparty/robosuite/robosuite/controllers/config/robots/default_panda.json
render_gpu_device_id: 1
2026-08-09 13:56:49,378 | INFO | Video key: agentview
2026-08-09 13:56:49,378 | INFO | Using image observation keys: ['agentview']
[robosuite INFO] Loading controller configuration from: /mnt/data/users/haoyu/workspace/code/fpo-control/manipulation_experiments/thirdparty/robosuite/robosuite/controllers/config/robots/default_panda.json (composite_controller_factory.py:121)
2026-08-09 13:56:49,379 | INFO | Loading controller configuration from: /mnt/data/users/haoyu/workspace/code/fpo-control/manipulation_experiments/thirdparty/robosuite/robosuite/controllers/config/robots/default_panda.json
render_gpu_device_id: 1
2026-08-09 13:56:49,386 | INFO | Video key: agentview
2026-08-09 13:56:49,386 | INFO | Using image observation keys: ['agentview']
[robosuite INFO] Loading controller configuration from: /mnt/data/users/haoyu/workspace/code/fpo-control/manipulation_experiments/thirdparty/robosuite/robosuite/controllers/config/robots/default_panda.json (composite_controller_factory.py:121)
2026-08-09 13:56:49,386 | INFO | Loading controller configuration from: /mnt/data/users/haoyu/workspace/code/fpo-control/manipulation_experiments/thirdparty/robosuite/robosuite/controllers/config/robots/default_panda.json
render_gpu_device_id: 1
2026-08-09 13:56:49,390 | INFO | Video key: agentview
2026-08-09 13:56:49,390 | INFO | Using image observation keys: ['agentview']
[robosuite INFO] Loading controller configuration from: /mnt/data/users/haoyu/workspace/code/fpo-control/manipulation_experiments/thirdparty/robosuite/robosuite/controllers/config/robots/default_panda.json (composite_controller_factory.py:121)
2026-08-09 13:56:49,390 | INFO | Loading controller configuration from: /mnt/data/users/haoyu/workspace/code/fpo-control/manipulation_experiments/thirdparty/robosuite/robosuite/controllers/config/robots/default_panda.json
render_gpu_device_id: 1
2026-08-09 13:56:49,870 | INFO | Successfully created NutAssemblySquare environment via robosuite.make() with cameras at 84x84
2026-08-09 13:56:49,870 | INFO | Configured cameras: ['agentview']
2026-08-09 13:56:50,658 | INFO | Successfully created NutAssemblySquare environment via robosuite.make() with cameras at 84x84
2026-08-09 13:56:50,658 | INFO | Configured cameras: ['agentview']
2026-08-09 13:56:50,839 | INFO | Successfully created NutAssemblySquare environment via robosuite.make() with cameras at 84x84
2026-08-09 13:56:50,839 | INFO | Configured cameras: ['agentview']
2026-08-09 13:56:51,153 | INFO | Successfully created NutAssemblySquare environment via robosuite.make() with cameras at 84x84
2026-08-09 13:56:51,153 | INFO | Configured cameras: ['agentview']
2026-08-09 13:56:51,200 | INFO | Successfully created NutAssemblySquare environment via robosuite.make() with cameras at 84x84
2026-08-09 13:56:51,200 | INFO | Configured cameras: ['agentview']
2026-08-09 13:56:51,208 | INFO | Successfully created NutAssemblySquare environment via robosuite.make() with cameras at 84x84
2026-08-09 13:56:51,208 | INFO | Configured cameras: ['agentview']
2026-08-09 13:56:51,217 | INFO | Successfully created NutAssemblySquare environment via robosuite.make() with cameras at 84x84
2026-08-09 13:56:51,218 | INFO | Configured cameras: ['agentview']
2026-08-09 13:56:51,245 | INFO | Successfully created NutAssemblySquare environment via robosuite.make() with cameras at 84x84
2026-08-09 13:56:51,245 | INFO | Configured cameras: ['agentview']
2026-08-09 13:56:52,394 | INFO | Created 8 vectorized Square environments
2026-08-09 13:56:52,395 | INFO | Set video key to 'agentview' for video recording
2026-08-09 13:56:53,441 | INFO | Created observation keys: ['observation.state', 'observation.images.agentview']
2026-08-09 13:56:53,465 | INFO | Created observation keys: ['observation.state', 'observation.images.agentview']
2026-08-09 13:56:53,481 | INFO | Created observation keys: ['observation.state', 'observation.images.agentview']
2026-08-09 13:56:53,482 | INFO | Created observation keys: ['observation.state', 'observation.images.agentview']
2026-08-09 13:56:53,488 | INFO | Created observation keys: ['observation.state', 'observation.images.agentview']
2026-08-09 13:56:53,491 | INFO | Created observation keys: ['observation.state', 'observation.images.agentview']
2026-08-09 13:56:53,497 | INFO | Created observation keys: ['observation.state', 'observation.images.agentview']
2026-08-09 13:56:53,525 | INFO | Created observation keys: ['observation.state', 'observation.images.agentview']
2026-08-09 13:57:31,204 | INFO | direction=15 seed=20261015 sign=-1 envs=8
num_visible_gpus: 1 [1] render_override: 1
2026-08-09 13:57:31,205 | INFO | Production mode: using gymnasium.vector.AsyncVectorEnv
2026-08-09 13:57:31,205 | INFO | Video key: agentview
2026-08-09 13:57:31,205 | INFO | Using image observation keys: ['agentview']
[robosuite INFO] Loading controller configuration from: /mnt/data/users/haoyu/workspace/code/fpo-control/manipulation_experiments/thirdparty/robosuite/robosuite/controllers/config/robots/default_panda.json (composite_controller_factory.py:121)
2026-08-09 13:57:31,206 | INFO | Loading controller configuration from: /mnt/data/users/haoyu/workspace/code/fpo-control/manipulation_experiments/thirdparty/robosuite/robosuite/controllers/config/robots/default_panda.json
render_gpu_device_id: 1
2026-08-09 13:57:32,239 | INFO | Successfully created NutAssemblySquare environment via robosuite.make() with cameras at 84x84
2026-08-09 13:57:32,239 | INFO | Configured cameras: ['agentview']
[robosuite WARNING] No private macro file found! (macros.py:57)
[robosuite WARNING] It is recommended to use a private macro file (macros.py:58)
[robosuite WARNING] To setup, run: python /mnt/data/users/haoyu/workspace/code/fpo-control/manipulation_experiments/thirdparty/robosuite/robosuite/scripts/setup_macros.py (macros.py:59)
[robosuite WARNING] No private macro file found! (macros.py:57)
[robosuite WARNING] It is recommended to use a private macro file (macros.py:58)
[robosuite WARNING] To setup, run: python /mnt/data/users/haoyu/workspace/code/fpo-control/manipulation_experiments/thirdparty/robosuite/robosuite/scripts/setup_macros.py (macros.py:59)
[robosuite WARNING] No private macro file found! (macros.py:57)
[robosuite WARNING] It is recommended to use a private macro file (macros.py:58)
[robosuite WARNING] To setup, run: python /mnt/data/users/haoyu/workspace/code/fpo-control/manipulation_experiments/thirdparty/robosuite/robosuite/scripts/setup_macros.py (macros.py:59)
[robosuite WARNING] No private macro file found! (macros.py:57)
[robosuite WARNING] It is recommended to use a private macro file (macros.py:58)
[robosuite WARNING] To setup, run: python /mnt/data/users/haoyu/workspace/code/fpo-control/manipulation_experiments/thirdparty/robosuite/robosuite/scripts/setup_macros.py (macros.py:59)
[robosuite WARNING] No private macro file found! (macros.py:57)
[robosuite WARNING] It is recommended to use a private macro file (macros.py:58)
[robosuite WARNING] To setup, run: python /mnt/data/users/haoyu/workspace/code/fpo-control/manipulation_experiments/thirdparty/robosuite/robosuite/scripts/setup_macros.py (macros.py:59)
[robosuite WARNING] No private macro file found! (macros.py:57)
[robosuite WARNING] It is recommended to use a private macro file (macros.py:58)
[robosuite WARNING] To setup, run: python /mnt/data/users/haoyu/workspace/code/fpo-control/manipulation_experiments/thirdparty/robosuite/robosuite/scripts/setup_macros.py (macros.py:59)
[robosuite WARNING] No private macro file found! (macros.py:57)
[robosuite WARNING] It is recommended to use a private macro file (macros.py:58)
[robosuite WARNING] To setup, run: python /mnt/data/users/haoyu/workspace/code/fpo-control/manipulation_experiments/thirdparty/robosuite/robosuite/scripts/setup_macros.py (macros.py:59)
[robosuite WARNING] No private macro file found! (macros.py:57)
[robosuite WARNING] It is recommended to use a private macro file (macros.py:58)
[robosuite WARNING] To setup, run: python /mnt/data/users/haoyu/workspace/code/fpo-control/manipulation_experiments/thirdparty/robosuite/robosuite/scripts/setup_macros.py (macros.py:59)
[robosuite WARNING] Could not import robosuite_models. Some robots may not be available. If you want to use these robots, please install robosuite_models from source (https://github.com/ARISE-Initiative/robosuite_models) or through pip install. (__init__.py:30)
[robosuite WARNING] Could not import robosuite_models. Some robots may not be available. If you want to use these robots, please install robosuite_models from source (https://github.com/ARISE-Initiative/robosuite_models) or through pip install. (__init__.py:30)
[robosuite WARNING] Could not import robosuite_models. Some robots may not be available. If you want to use these robots, please install robosuite_models from source (https://github.com/ARISE-Initiative/robosuite_models) or through pip install. (__init__.py:30)
[robosuite WARNING] Could not import robosuite_models. Some robots may not be available. If you want to use these robots, please install robosuite_models from source (https://github.com/ARISE-Initiative/robosuite_models) or through pip install. (__init__.py:30)
[robosuite WARNING] Could not import robosuite_models. Some robots may not be available. If you want to use these robots, please install robosuite_models from source (https://github.com/ARISE-Initiative/robosuite_models) or through pip install. (__init__.py:30)
[robosuite WARNING] Could not import robosuite_models. Some robots may not be available. If you want to use these robots, please install robosuite_models from source (https://github.com/ARISE-Initiative/robosuite_models) or through pip install. (__init__.py:30)
[robosuite WARNING] Could not import robosuite_models. Some robots may not be available. If you want to use these robots, please install robosuite_models from source (https://github.com/ARISE-Initiative/robosuite_models) or through pip install. (__init__.py:30)
[robosuite WARNING] Could not import robosuite_models. Some robots may not be available. If you want to use these robots, please install robosuite_models from source (https://github.com/ARISE-Initiative/robosuite_models) or through pip install. (__init__.py:30)
2026-08-09 13:57:41,520 | INFO | Video key: agentview
2026-08-09 13:57:41,520 | INFO | Using image observation keys: ['agentview']
[robosuite INFO] Loading controller configuration from: /mnt/data/users/haoyu/workspace/code/fpo-control/manipulation_experiments/thirdparty/robosuite/robosuite/controllers/config/robots/default_panda.json (composite_controller_factory.py:121)
2026-08-09 13:57:41,520 | INFO | Loading controller configuration from: /mnt/data/users/haoyu/workspace/code/fpo-control/manipulation_experiments/thirdparty/robosuite/robosuite/controllers/config/robots/default_panda.json
render_gpu_device_id: 1
2026-08-09 13:57:41,588 | INFO | Video key: agentview
2026-08-09 13:57:41,588 | INFO | Using image observation keys: ['agentview']
[robosuite INFO] Loading controller configuration from: /mnt/data/users/haoyu/workspace/code/fpo-control/manipulation_experiments/thirdparty/robosuite/robosuite/controllers/config/robots/default_panda.json (composite_controller_factory.py:121)
2026-08-09 13:57:41,588 | INFO | Loading controller configuration from: /mnt/data/users/haoyu/workspace/code/fpo-control/manipulation_experiments/thirdparty/robosuite/robosuite/controllers/config/robots/default_panda.json
render_gpu_device_id: 1
2026-08-09 13:57:41,720 | INFO | Video key: agentview
2026-08-09 13:57:41,720 | INFO | Using image observation keys: ['agentview']
[robosuite INFO] Loading controller configuration from: /mnt/data/users/haoyu/workspace/code/fpo-control/manipulation_experiments/thirdparty/robosuite/robosuite/controllers/config/robots/default_panda.json (composite_controller_factory.py:121)
2026-08-09 13:57:41,720 | INFO | Loading controller configuration from: /mnt/data/users/haoyu/workspace/code/fpo-control/manipulation_experiments/thirdparty/robosuite/robosuite/controllers/config/robots/default_panda.json
render_gpu_device_id: 1
2026-08-09 13:57:41,855 | INFO | Video key: agentview
2026-08-09 13:57:41,855 | INFO | Using image observation keys: ['agentview']
[robosuite INFO] Loading controller configuration from: /mnt/data/users/haoyu/workspace/code/fpo-control/manipulation_experiments/thirdparty/robosuite/robosuite/controllers/config/robots/default_panda.json (composite_controller_factory.py:121)
2026-08-09 13:57:41,856 | INFO | Loading controller configuration from: /mnt/data/users/haoyu/workspace/code/fpo-control/manipulation_experiments/thirdparty/robosuite/robosuite/controllers/config/robots/default_panda.json
render_gpu_device_id: 1
2026-08-09 13:57:41,990 | INFO | Video key: agentview
2026-08-09 13:57:41,990 | INFO | Using image observation keys: ['agentview']
[robosuite INFO] Loading controller configuration from: /mnt/data/users/haoyu/workspace/code/fpo-control/manipulation_experiments/thirdparty/robosuite/robosuite/controllers/config/robots/default_panda.json (composite_controller_factory.py:121)
2026-08-09 13:57:41,991 | INFO | Loading controller configuration from: /mnt/data/users/haoyu/workspace/code/fpo-control/manipulation_experiments/thirdparty/robosuite/robosuite/controllers/config/robots/default_panda.json
render_gpu_device_id: 1
2026-08-09 13:57:42,067 | INFO | Video key: agentview
2026-08-09 13:57:42,068 | INFO | Using image observation keys: ['agentview']
[robosuite INFO] Loading controller configuration from: /mnt/data/users/haoyu/workspace/code/fpo-control/manipulation_experiments/thirdparty/robosuite/robosuite/controllers/config/robots/default_panda.json (composite_controller_factory.py:121)
2026-08-09 13:57:42,068 | INFO | Loading controller configuration from: /mnt/data/users/haoyu/workspace/code/fpo-control/manipulation_experiments/thirdparty/robosuite/robosuite/controllers/config/robots/default_panda.json
render_gpu_device_id: 1
2026-08-09 13:57:42,071 | INFO | Video key: agentview
2026-08-09 13:57:42,071 | INFO | Using image observation keys: ['agentview']
[robosuite INFO] Loading controller configuration from: /mnt/data/users/haoyu/workspace/code/fpo-control/manipulation_experiments/thirdparty/robosuite/robosuite/controllers/config/robots/default_panda.json (composite_controller_factory.py:121)
2026-08-09 13:57:42,071 | INFO | Loading controller configuration from: /mnt/data/users/haoyu/workspace/code/fpo-control/manipulation_experiments/thirdparty/robosuite/robosuite/controllers/config/robots/default_panda.json
render_gpu_device_id: 1
2026-08-09 13:57:42,072 | INFO | Video key: agentview
2026-08-09 13:57:42,073 | INFO | Using image observation keys: ['agentview']
[robosuite INFO] Loading controller configuration from: /mnt/data/users/haoyu/workspace/code/fpo-control/manipulation_experiments/thirdparty/robosuite/robosuite/controllers/config/robots/default_panda.json (composite_controller_factory.py:121)
2026-08-09 13:57:42,073 | INFO | Loading controller configuration from: /mnt/data/users/haoyu/workspace/code/fpo-control/manipulation_experiments/thirdparty/robosuite/robosuite/controllers/config/robots/default_panda.json
render_gpu_device_id: 1
2026-08-09 13:57:43,315 | INFO | Successfully created NutAssemblySquare environment via robosuite.make() with cameras at 84x84
2026-08-09 13:57:43,315 | INFO | Configured cameras: ['agentview']
2026-08-09 13:57:43,374 | INFO | Successfully created NutAssemblySquare environment via robosuite.make() with cameras at 84x84
2026-08-09 13:57:43,374 | INFO | Configured cameras: ['agentview']
2026-08-09 13:57:43,531 | INFO | Successfully created NutAssemblySquare environment via robosuite.make() with cameras at 84x84
2026-08-09 13:57:43,532 | INFO | Configured cameras: ['agentview']
2026-08-09 13:57:43,662 | INFO | Successfully created NutAssemblySquare environment via robosuite.make() with cameras at 84x84
2026-08-09 13:57:43,663 | INFO | Configured cameras: ['agentview']
2026-08-09 13:57:43,791 | INFO | Successfully created NutAssemblySquare environment via robosuite.make() with cameras at 84x84
2026-08-09 13:57:43,792 | INFO | Configured cameras: ['agentview']
2026-08-09 13:57:43,865 | INFO | Successfully created NutAssemblySquare environment via robosuite.make() with cameras at 84x84
2026-08-09 13:57:43,866 | INFO | Configured cameras: ['agentview']
2026-08-09 13:57:43,903 | INFO | Successfully created NutAssemblySquare environment via robosuite.make() with cameras at 84x84
2026-08-09 13:57:43,903 | INFO | Configured cameras: ['agentview']
2026-08-09 13:57:43,944 | INFO | Successfully created NutAssemblySquare environment via robosuite.make() with cameras at 84x84
2026-08-09 13:57:43,944 | INFO | Configured cameras: ['agentview']
2026-08-09 13:57:45,395 | INFO | Created 8 vectorized Square environments
2026-08-09 13:57:45,395 | INFO | Set video key to 'agentview' for video recording
2026-08-09 13:57:46,440 | INFO | Created observation keys: ['observation.state', 'observation.images.agentview']
2026-08-09 13:57:46,445 | INFO | Created observation keys: ['observation.state', 'observation.images.agentview']
2026-08-09 13:57:46,453 | INFO | Created observation keys: ['observation.state', 'observation.images.agentview']
2026-08-09 13:57:46,481 | INFO | Created observation keys: ['observation.state', 'observation.images.agentview']
2026-08-09 13:57:46,500 | INFO | Created observation keys: ['observation.state', 'observation.images.agentview']
2026-08-09 13:57:46,503 | INFO | Created observation keys: ['observation.state', 'observation.images.agentview']
2026-08-09 13:57:46,507 | INFO | Created observation keys: ['observation.state', 'observation.images.agentview']
2026-08-09 13:57:46,516 | INFO | Created observation keys: ['observation.state', 'observation.images.agentview']
2026-08-09 13:58:21,657 | INFO | direction=15 seed=20261015 sign=+1 envs=8
num_visible_gpus: 1 [1] render_override: 1
2026-08-09 13:58:21,657 | INFO | Production mode: using gymnasium.vector.AsyncVectorEnv
2026-08-09 13:58:21,657 | INFO | Video key: agentview
2026-08-09 13:58:21,657 | INFO | Using image observation keys: ['agentview']
[robosuite INFO] Loading controller configuration from: /mnt/data/users/haoyu/workspace/code/fpo-control/manipulation_experiments/thirdparty/robosuite/robosuite/controllers/config/robots/default_panda.json (composite_controller_factory.py:121)
2026-08-09 13:58:21,657 | INFO | Loading controller configuration from: /mnt/data/users/haoyu/workspace/code/fpo-control/manipulation_experiments/thirdparty/robosuite/robosuite/controllers/config/robots/default_panda.json
render_gpu_device_id: 1
2026-08-09 13:58:22,383 | INFO | Successfully created NutAssemblySquare environment via robosuite.make() with cameras at 84x84
2026-08-09 13:58:22,383 | INFO | Configured cameras: ['agentview']
[robosuite WARNING] No private macro file found! (macros.py:57)
[robosuite WARNING] It is recommended to use a private macro file (macros.py:58)
[robosuite WARNING] To setup, run: python /mnt/data/users/haoyu/workspace/code/fpo-control/manipulation_experiments/thirdparty/robosuite/robosuite/scripts/setup_macros.py (macros.py:59)
[robosuite WARNING] No private macro file found! (macros.py:57)
[robosuite WARNING] It is recommended to use a private macro file (macros.py:58)
[robosuite WARNING] To setup, run: python /mnt/data/users/haoyu/workspace/code/fpo-control/manipulation_experiments/thirdparty/robosuite/robosuite/scripts/setup_macros.py (macros.py:59)
[robosuite WARNING] No private macro file found! (macros.py:57)
[robosuite WARNING] It is recommended to use a private macro file (macros.py:58)
[robosuite WARNING] To setup, run: python /mnt/data/users/haoyu/workspace/code/fpo-control/manipulation_experiments/thirdparty/robosuite/robosuite/scripts/setup_macros.py (macros.py:59)
[robosuite WARNING] No private macro file found! (macros.py:57)
[robosuite WARNING] It is recommended to use a private macro file (macros.py:58)
[robosuite WARNING] To setup, run: python /mnt/data/users/haoyu/workspace/code/fpo-control/manipulation_experiments/thirdparty/robosuite/robosuite/scripts/setup_macros.py (macros.py:59)
[robosuite WARNING] No private macro file found! (macros.py:57)
[robosuite WARNING] It is recommended to use a private macro file (macros.py:58)
[robosuite WARNING] To setup, run: python /mnt/data/users/haoyu/workspace/code/fpo-control/manipulation_experiments/thirdparty/robosuite/robosuite/scripts/setup_macros.py (macros.py:59)
[robosuite WARNING] No private macro file found! (macros.py:57)
[robosuite WARNING] It is recommended to use a private macro file (macros.py:58)
[robosuite WARNING] To setup, run: python /mnt/data/users/haoyu/workspace/code/fpo-control/manipulation_experiments/thirdparty/robosuite/robosuite/scripts/setup_macros.py (macros.py:59)
[robosuite WARNING] No private macro file found! (macros.py:57)
[robosuite WARNING] It is recommended to use a private macro file (macros.py:58)
[robosuite WARNING] To setup, run: python /mnt/data/users/haoyu/workspace/code/fpo-control/manipulation_experiments/thirdparty/robosuite/robosuite/scripts/setup_macros.py (macros.py:59)
[robosuite WARNING] No private macro file found! (macros.py:57)
[robosuite WARNING] It is recommended to use a private macro file (macros.py:58)
[robosuite WARNING] To setup, run: python /mnt/data/users/haoyu/workspace/code/fpo-control/manipulation_experiments/thirdparty/robosuite/robosuite/scripts/setup_macros.py (macros.py:59)
[robosuite WARNING] Could not import robosuite_models. Some robots may not be available. If you want to use these robots, please install robosuite_models from source (https://github.com/ARISE-Initiative/robosuite_models) or through pip install. (__init__.py:30)
[robosuite WARNING] Could not import robosuite_models. Some robots may not be available. If you want to use these robots, please install robosuite_models from source (https://github.com/ARISE-Initiative/robosuite_models) or through pip install. (__init__.py:30)
[robosuite WARNING] Could not import robosuite_models. Some robots may not be available. If you want to use these robots, please install robosuite_models from source (https://github.com/ARISE-Initiative/robosuite_models) or through pip install. (__init__.py:30)
[robosuite WARNING] Could not import robosuite_models. Some robots may not be available. If you want to use these robots, please install robosuite_models from source (https://github.com/ARISE-Initiative/robosuite_models) or through pip install. (__init__.py:30)
[robosuite WARNING] Could not import robosuite_models. Some robots may not be available. If you want to use these robots, please install robosuite_models from source (https://github.com/ARISE-Initiative/robosuite_models) or through pip install. (__init__.py:30)
[robosuite WARNING] Could not import robosuite_models. Some robots may not be available. If you want to use these robots, please install robosuite_models from source (https://github.com/ARISE-Initiative/robosuite_models) or through pip install. (__init__.py:30)
[robosuite WARNING] Could not import robosuite_models. Some robots may not be available. If you want to use these robots, please install robosuite_models from source (https://github.com/ARISE-Initiative/robosuite_models) or through pip install. (__init__.py:30)
[robosuite WARNING] Could not import robosuite_models. Some robots may not be available. If you want to use these robots, please install robosuite_models from source (https://github.com/ARISE-Initiative/robosuite_models) or through pip install. (__init__.py:30)
2026-08-09 13:58:30,040 | INFO | Video key: agentview
2026-08-09 13:58:30,040 | INFO | Using image observation keys: ['agentview']
[robosuite INFO] Loading controller configuration from: /mnt/data/users/haoyu/workspace/code/fpo-control/manipulation_experiments/thirdparty/robosuite/robosuite/controllers/config/robots/default_panda.json (composite_controller_factory.py:121)
2026-08-09 13:58:30,040 | INFO | Loading controller configuration from: /mnt/data/users/haoyu/workspace/code/fpo-control/manipulation_experiments/thirdparty/robosuite/robosuite/controllers/config/robots/default_panda.json
render_gpu_device_id: 1
2026-08-09 13:58:30,884 | INFO | Video key: agentview
2026-08-09 13:58:30,884 | INFO | Using image observation keys: ['agentview']
[robosuite INFO] Loading controller configuration from: /mnt/data/users/haoyu/workspace/code/fpo-control/manipulation_experiments/thirdparty/robosuite/robosuite/controllers/config/robots/default_panda.json (composite_controller_factory.py:121)
2026-08-09 13:58:30,884 | INFO | Loading controller configuration from: /mnt/data/users/haoyu/workspace/code/fpo-control/manipulation_experiments/thirdparty/robosuite/robosuite/controllers/config/robots/default_panda.json
render_gpu_device_id: 1
2026-08-09 13:58:31,264 | INFO | Video key: agentview
2026-08-09 13:58:31,264 | INFO | Using image observation keys: ['agentview']
[robosuite INFO] Loading controller configuration from: /mnt/data/users/haoyu/workspace/code/fpo-control/manipulation_experiments/thirdparty/robosuite/robosuite/controllers/config/robots/default_panda.json (composite_controller_factory.py:121)
2026-08-09 13:58:31,264 | INFO | Loading controller configuration from: /mnt/data/users/haoyu/workspace/code/fpo-control/manipulation_experiments/thirdparty/robosuite/robosuite/controllers/config/robots/default_panda.json
render_gpu_device_id: 1
2026-08-09 13:58:31,324 | INFO | Video key: agentview
2026-08-09 13:58:31,324 | INFO | Using image observation keys: ['agentview']
[robosuite INFO] Loading controller configuration from: /mnt/data/users/haoyu/workspace/code/fpo-control/manipulation_experiments/thirdparty/robosuite/robosuite/controllers/config/robots/default_panda.json (composite_controller_factory.py:121)
2026-08-09 13:58:31,324 | INFO | Loading controller configuration from: /mnt/data/users/haoyu/workspace/code/fpo-control/manipulation_experiments/thirdparty/robosuite/robosuite/controllers/config/robots/default_panda.json
render_gpu_device_id: 1
2026-08-09 13:58:31,656 | INFO | Video key: agentview
2026-08-09 13:58:31,656 | INFO | Using image observation keys: ['agentview']
[robosuite INFO] Loading controller configuration from: /mnt/data/users/haoyu/workspace/code/fpo-control/manipulation_experiments/thirdparty/robosuite/robosuite/controllers/config/robots/default_panda.json (composite_controller_factory.py:121)
2026-08-09 13:58:31,656 | INFO | Loading controller configuration from: /mnt/data/users/haoyu/workspace/code/fpo-control/manipulation_experiments/thirdparty/robosuite/robosuite/controllers/config/robots/default_panda.json
render_gpu_device_id: 1
2026-08-09 13:58:31,761 | INFO | Video key: agentview
2026-08-09 13:58:31,761 | INFO | Using image observation keys: ['agentview']
[robosuite INFO] Loading controller configuration from: /mnt/data/users/haoyu/workspace/code/fpo-control/manipulation_experiments/thirdparty/robosuite/robosuite/controllers/config/robots/default_panda.json (composite_controller_factory.py:121)
2026-08-09 13:58:31,761 | INFO | Loading controller configuration from: /mnt/data/users/haoyu/workspace/code/fpo-control/manipulation_experiments/thirdparty/robosuite/robosuite/controllers/config/robots/default_panda.json
render_gpu_device_id: 1
2026-08-09 13:58:31,764 | INFO | Video key: agentview
2026-08-09 13:58:31,764 | INFO | Using image observation keys: ['agentview']
[robosuite INFO] Loading controller configuration from: /mnt/data/users/haoyu/workspace/code/fpo-control/manipulation_experiments/thirdparty/robosuite/robosuite/controllers/config/robots/default_panda.json (composite_controller_factory.py:121)
2026-08-09 13:58:31,764 | INFO | Loading controller configuration from: /mnt/data/users/haoyu/workspace/code/fpo-control/manipulation_experiments/thirdparty/robosuite/robosuite/controllers/config/robots/default_panda.json
render_gpu_device_id: 1
2026-08-09 13:58:31,767 | INFO | Video key: agentview
2026-08-09 13:58:31,768 | INFO | Using image observation keys: ['agentview']
[robosuite INFO] Loading controller configuration from: /mnt/data/users/haoyu/workspace/code/fpo-control/manipulation_experiments/thirdparty/robosuite/robosuite/controllers/config/robots/default_panda.json (composite_controller_factory.py:121)
2026-08-09 13:58:31,768 | INFO | Loading controller configuration from: /mnt/data/users/haoyu/workspace/code/fpo-control/manipulation_experiments/thirdparty/robosuite/robosuite/controllers/config/robots/default_panda.json
render_gpu_device_id: 1
2026-08-09 13:58:31,867 | INFO | Successfully created NutAssemblySquare environment via robosuite.make() with cameras at 84x84
2026-08-09 13:58:31,868 | INFO | Configured cameras: ['agentview']
2026-08-09 13:58:32,678 | INFO | Successfully created NutAssemblySquare environment via robosuite.make() with cameras at 84x84
2026-08-09 13:58:32,678 | INFO | Configured cameras: ['agentview']
2026-08-09 13:58:33,046 | INFO | Successfully created NutAssemblySquare environment via robosuite.make() with cameras at 84x84
2026-08-09 13:58:33,046 | INFO | Configured cameras: ['agentview']
2026-08-09 13:58:33,159 | INFO | Successfully created NutAssemblySquare environment via robosuite.make() with cameras at 84x84
2026-08-09 13:58:33,159 | INFO | Configured cameras: ['agentview']
2026-08-09 13:58:33,452 | INFO | Successfully created NutAssemblySquare environment via robosuite.make() with cameras at 84x84
2026-08-09 13:58:33,452 | INFO | Configured cameras: ['agentview']
2026-08-09 13:58:33,552 | INFO | Successfully created NutAssemblySquare environment via robosuite.make() with cameras at 84x84
2026-08-09 13:58:33,553 | INFO | Configured cameras: ['agentview']
2026-08-09 13:58:33,597 | INFO | Successfully created NutAssemblySquare environment via robosuite.make() with cameras at 84x84
2026-08-09 13:58:33,597 | INFO | Configured cameras: ['agentview']
2026-08-09 13:58:33,608 | INFO | Successfully created NutAssemblySquare environment via robosuite.make() with cameras at 84x84
2026-08-09 13:58:33,609 | INFO | Configured cameras: ['agentview']
2026-08-09 13:58:34,911 | INFO | Created 8 vectorized Square environments
2026-08-09 13:58:34,911 | INFO | Set video key to 'agentview' for video recording
2026-08-09 13:58:35,948 | INFO | Created observation keys: ['observation.state', 'observation.images.agentview']
2026-08-09 13:58:36,048 | INFO | Created observation keys: ['observation.state', 'observation.images.agentview']
2026-08-09 13:58:36,048 | INFO | Created observation keys: ['observation.state', 'observation.images.agentview']
2026-08-09 13:58:36,060 | INFO | Created observation keys: ['observation.state', 'observation.images.agentview']
2026-08-09 13:58:36,074 | INFO | Created observation keys: ['observation.state', 'observation.images.agentview']
2026-08-09 13:58:36,075 | INFO | Created observation keys: ['observation.state', 'observation.images.agentview']
2026-08-09 13:58:36,105 | INFO | Created observation keys: ['observation.state', 'observation.images.agentview']
2026-08-09 13:58:36,113 | INFO | Created observation keys: ['observation.state', 'observation.images.agentview']
2026-08-09 13:59:13,270 | INFO | wrote /home/haoyu/workspace/outputs/fpo-control/h53_paired_parameter_es_square/audit_results.json
