[robosuite WARNING] No private macro file found! (macros.py:57)
[robosuite WARNING] It is recommended to use a private macro file (macros.py:58)
[robosuite WARNING] To setup, run: python /mnt/data/users/haoyu/workspace/code/fpo-control/manipulation_experiments/thirdparty/robosuite/robosuite/scripts/setup_macros.py (macros.py:59)
[robosuite WARNING] Could not import robosuite_models. Some robots may not be available. If you want to use these robots, please install robosuite_models from source (https://github.com/ARISE-Initiative/robosuite_models) or through pip install. (__init__.py:30)
[ViT Init] Inferred image size from dataset: 84x84
2026-08-09 17:38:57,462 | INFO | Collecting 8 root trajectories through step 240
num_visible_gpus: 1 [3] render_override: 3
2026-08-09 17:38:57,462 | INFO | Production mode: using gymnasium.vector.AsyncVectorEnv
2026-08-09 17:38:57,462 | INFO | Video key: agentview
2026-08-09 17:38:57,462 | INFO | Using image observation keys: ['agentview']
[robosuite INFO] Loading controller configuration from: /mnt/data/users/haoyu/workspace/code/fpo-control/manipulation_experiments/thirdparty/robosuite/robosuite/controllers/config/robots/default_panda.json (composite_controller_factory.py:121)
2026-08-09 17:38:57,463 | INFO | Loading controller configuration from: /mnt/data/users/haoyu/workspace/code/fpo-control/manipulation_experiments/thirdparty/robosuite/robosuite/controllers/config/robots/default_panda.json
render_gpu_device_id: 3
2026-08-09 17:38:59,307 | INFO | Successfully created NutAssemblySquare environment via robosuite.make() with cameras at 84x84
2026-08-09 17:38:59,307 | INFO | Configured cameras: ['agentview']
[robosuite WARNING] No private macro file found! (macros.py:57)
[robosuite WARNING] It is recommended to use a private macro file (macros.py:58)
[robosuite WARNING] To setup, run: python /mnt/data/users/haoyu/workspace/code/fpo-control/manipulation_experiments/thirdparty/robosuite/robosuite/scripts/setup_macros.py (macros.py:59)
[robosuite WARNING] No private macro file found! (macros.py:57)
[robosuite WARNING] It is recommended to use a private macro file (macros.py:58)
[robosuite WARNING] To setup, run: python /mnt/data/users/haoyu/workspace/code/fpo-control/manipulation_experiments/thirdparty/robosuite/robosuite/scripts/setup_macros.py (macros.py:59)
[robosuite WARNING] No private macro file found! (macros.py:57)
[robosuite WARNING] It is recommended to use a private macro file (macros.py:58)
[robosuite WARNING] To setup, run: python /mnt/data/users/haoyu/workspace/code/fpo-control/manipulation_experiments/thirdparty/robosuite/robosuite/scripts/setup_macros.py (macros.py:59)
[robosuite WARNING] No private macro file found! (macros.py:57)
[robosuite WARNING] It is recommended to use a private macro file (macros.py:58)
[robosuite WARNING] To setup, run: python /mnt/data/users/haoyu/workspace/code/fpo-control/manipulation_experiments/thirdparty/robosuite/robosuite/scripts/setup_macros.py (macros.py:59)
[robosuite WARNING] No private macro file found! (macros.py:57)
[robosuite WARNING] It is recommended to use a private macro file (macros.py:58)
[robosuite WARNING] To setup, run: python /mnt/data/users/haoyu/workspace/code/fpo-control/manipulation_experiments/thirdparty/robosuite/robosuite/scripts/setup_macros.py (macros.py:59)
[robosuite WARNING] No private macro file found! (macros.py:57)
[robosuite WARNING] It is recommended to use a private macro file (macros.py:58)
[robosuite WARNING] To setup, run: python /mnt/data/users/haoyu/workspace/code/fpo-control/manipulation_experiments/thirdparty/robosuite/robosuite/scripts/setup_macros.py (macros.py:59)
[robosuite WARNING] No private macro file found! (macros.py:57)
[robosuite WARNING] It is recommended to use a private macro file (macros.py:58)
[robosuite WARNING] To setup, run: python /mnt/data/users/haoyu/workspace/code/fpo-control/manipulation_experiments/thirdparty/robosuite/robosuite/scripts/setup_macros.py (macros.py:59)
[robosuite WARNING] No private macro file found! (macros.py:57)
[robosuite WARNING] It is recommended to use a private macro file (macros.py:58)
[robosuite WARNING] To setup, run: python /mnt/data/users/haoyu/workspace/code/fpo-control/manipulation_experiments/thirdparty/robosuite/robosuite/scripts/setup_macros.py (macros.py:59)
[robosuite WARNING] Could not import robosuite_models. Some robots may not be available. If you want to use these robots, please install robosuite_models from source (https://github.com/ARISE-Initiative/robosuite_models) or through pip install. (__init__.py:30)
[robosuite WARNING] Could not import robosuite_models. Some robots may not be available. If you want to use these robots, please install robosuite_models from source (https://github.com/ARISE-Initiative/robosuite_models) or through pip install. (__init__.py:30)
[robosuite WARNING] Could not import robosuite_models. Some robots may not be available. If you want to use these robots, please install robosuite_models from source (https://github.com/ARISE-Initiative/robosuite_models) or through pip install. (__init__.py:30)
[robosuite WARNING] Could not import robosuite_models. Some robots may not be available. If you want to use these robots, please install robosuite_models from source (https://github.com/ARISE-Initiative/robosuite_models) or through pip install. (__init__.py:30)
[robosuite WARNING] Could not import robosuite_models. Some robots may not be available. If you want to use these robots, please install robosuite_models from source (https://github.com/ARISE-Initiative/robosuite_models) or through pip install. (__init__.py:30)
[robosuite WARNING] Could not import robosuite_models. Some robots may not be available. If you want to use these robots, please install robosuite_models from source (https://github.com/ARISE-Initiative/robosuite_models) or through pip install. (__init__.py:30)
[robosuite WARNING] Could not import robosuite_models. Some robots may not be available. If you want to use these robots, please install robosuite_models from source (https://github.com/ARISE-Initiative/robosuite_models) or through pip install. (__init__.py:30)
[robosuite WARNING] Could not import robosuite_models. Some robots may not be available. If you want to use these robots, please install robosuite_models from source (https://github.com/ARISE-Initiative/robosuite_models) or through pip install. (__init__.py:30)
2026-08-09 17:39:06,412 | INFO | Video key: agentview
2026-08-09 17:39:06,412 | INFO | Using image observation keys: ['agentview']
[robosuite INFO] Loading controller configuration from: /mnt/data/users/haoyu/workspace/code/fpo-control/manipulation_experiments/thirdparty/robosuite/robosuite/controllers/config/robots/default_panda.json (composite_controller_factory.py:121)
2026-08-09 17:39:06,412 | INFO | Loading controller configuration from: /mnt/data/users/haoyu/workspace/code/fpo-control/manipulation_experiments/thirdparty/robosuite/robosuite/controllers/config/robots/default_panda.json
render_gpu_device_id: 3
2026-08-09 17:39:06,415 | INFO | Video key: agentview
2026-08-09 17:39:06,415 | INFO | Using image observation keys: ['agentview']
[robosuite INFO] Loading controller configuration from: /mnt/data/users/haoyu/workspace/code/fpo-control/manipulation_experiments/thirdparty/robosuite/robosuite/controllers/config/robots/default_panda.json (composite_controller_factory.py:121)
2026-08-09 17:39:06,415 | INFO | Loading controller configuration from: /mnt/data/users/haoyu/workspace/code/fpo-control/manipulation_experiments/thirdparty/robosuite/robosuite/controllers/config/robots/default_panda.json
render_gpu_device_id: 3
2026-08-09 17:39:06,430 | INFO | Video key: agentview
2026-08-09 17:39:06,430 | INFO | Using image observation keys: ['agentview']
[robosuite INFO] Loading controller configuration from: /mnt/data/users/haoyu/workspace/code/fpo-control/manipulation_experiments/thirdparty/robosuite/robosuite/controllers/config/robots/default_panda.json (composite_controller_factory.py:121)
2026-08-09 17:39:06,430 | INFO | Loading controller configuration from: /mnt/data/users/haoyu/workspace/code/fpo-control/manipulation_experiments/thirdparty/robosuite/robosuite/controllers/config/robots/default_panda.json
render_gpu_device_id: 3
2026-08-09 17:39:06,437 | INFO | Video key: agentview
2026-08-09 17:39:06,437 | INFO | Using image observation keys: ['agentview']
[robosuite INFO] Loading controller configuration from: /mnt/data/users/haoyu/workspace/code/fpo-control/manipulation_experiments/thirdparty/robosuite/robosuite/controllers/config/robots/default_panda.json (composite_controller_factory.py:121)
2026-08-09 17:39:06,438 | INFO | Loading controller configuration from: /mnt/data/users/haoyu/workspace/code/fpo-control/manipulation_experiments/thirdparty/robosuite/robosuite/controllers/config/robots/default_panda.json
render_gpu_device_id: 3
2026-08-09 17:39:06,459 | INFO | Video key: agentview
2026-08-09 17:39:06,459 | INFO | Using image observation keys: ['agentview']
[robosuite INFO] Loading controller configuration from: /mnt/data/users/haoyu/workspace/code/fpo-control/manipulation_experiments/thirdparty/robosuite/robosuite/controllers/config/robots/default_panda.json (composite_controller_factory.py:121)
2026-08-09 17:39:06,460 | INFO | Loading controller configuration from: /mnt/data/users/haoyu/workspace/code/fpo-control/manipulation_experiments/thirdparty/robosuite/robosuite/controllers/config/robots/default_panda.json
render_gpu_device_id: 3
2026-08-09 17:39:06,570 | INFO | Video key: agentview
2026-08-09 17:39:06,570 | INFO | Using image observation keys: ['agentview']
[robosuite INFO] Loading controller configuration from: /mnt/data/users/haoyu/workspace/code/fpo-control/manipulation_experiments/thirdparty/robosuite/robosuite/controllers/config/robots/default_panda.json (composite_controller_factory.py:121)
2026-08-09 17:39:06,570 | INFO | Loading controller configuration from: /mnt/data/users/haoyu/workspace/code/fpo-control/manipulation_experiments/thirdparty/robosuite/robosuite/controllers/config/robots/default_panda.json
render_gpu_device_id: 3
2026-08-09 17:39:06,602 | INFO | Video key: agentview
2026-08-09 17:39:06,602 | INFO | Using image observation keys: ['agentview']
[robosuite INFO] Loading controller configuration from: /mnt/data/users/haoyu/workspace/code/fpo-control/manipulation_experiments/thirdparty/robosuite/robosuite/controllers/config/robots/default_panda.json (composite_controller_factory.py:121)
2026-08-09 17:39:06,602 | INFO | Loading controller configuration from: /mnt/data/users/haoyu/workspace/code/fpo-control/manipulation_experiments/thirdparty/robosuite/robosuite/controllers/config/robots/default_panda.json
render_gpu_device_id: 3
2026-08-09 17:39:06,615 | INFO | Video key: agentview
2026-08-09 17:39:06,615 | INFO | Using image observation keys: ['agentview']
[robosuite INFO] Loading controller configuration from: /mnt/data/users/haoyu/workspace/code/fpo-control/manipulation_experiments/thirdparty/robosuite/robosuite/controllers/config/robots/default_panda.json (composite_controller_factory.py:121)
2026-08-09 17:39:06,616 | INFO | Loading controller configuration from: /mnt/data/users/haoyu/workspace/code/fpo-control/manipulation_experiments/thirdparty/robosuite/robosuite/controllers/config/robots/default_panda.json
render_gpu_device_id: 3
2026-08-09 17:39:08,248 | INFO | Successfully created NutAssemblySquare environment via robosuite.make() with cameras at 84x84
2026-08-09 17:39:08,249 | INFO | Configured cameras: ['agentview']
2026-08-09 17:39:08,288 | INFO | Successfully created NutAssemblySquare environment via robosuite.make() with cameras at 84x84
2026-08-09 17:39:08,288 | INFO | Configured cameras: ['agentview']
2026-08-09 17:39:08,299 | INFO | Successfully created NutAssemblySquare environment via robosuite.make() with cameras at 84x84
2026-08-09 17:39:08,299 | INFO | Configured cameras: ['agentview']
2026-08-09 17:39:08,303 | INFO | Successfully created NutAssemblySquare environment via robosuite.make() with cameras at 84x84
2026-08-09 17:39:08,303 | INFO | Configured cameras: ['agentview']
2026-08-09 17:39:08,309 | INFO | Successfully created NutAssemblySquare environment via robosuite.make() with cameras at 84x84
2026-08-09 17:39:08,309 | INFO | Configured cameras: ['agentview']
2026-08-09 17:39:08,469 | INFO | Successfully created NutAssemblySquare environment via robosuite.make() with cameras at 84x84
2026-08-09 17:39:08,470 | INFO | Configured cameras: ['agentview']
2026-08-09 17:39:08,470 | INFO | Successfully created NutAssemblySquare environment via robosuite.make() with cameras at 84x84
2026-08-09 17:39:08,470 | INFO | Configured cameras: ['agentview']
2026-08-09 17:39:08,543 | INFO | Successfully created NutAssemblySquare environment via robosuite.make() with cameras at 84x84
2026-08-09 17:39:08,543 | INFO | Configured cameras: ['agentview']
2026-08-09 17:39:09,670 | INFO | Created 8 vectorized Square environments
2026-08-09 17:39:09,670 | INFO | Set video key to 'agentview' for video recording
2026-08-09 17:39:10,725 | INFO | Created observation keys: ['observation.state', 'observation.images.agentview']
2026-08-09 17:39:10,725 | INFO | Created observation keys: ['observation.state', 'observation.images.agentview']
2026-08-09 17:39:10,739 | INFO | Created observation keys: ['observation.state', 'observation.images.agentview']
2026-08-09 17:39:10,740 | INFO | Created observation keys: ['observation.state', 'observation.images.agentview']
2026-08-09 17:39:10,751 | INFO | Created observation keys: ['observation.state', 'observation.images.agentview']
2026-08-09 17:39:10,753 | INFO | Created observation keys: ['observation.state', 'observation.images.agentview']
2026-08-09 17:39:10,803 | INFO | Created observation keys: ['observation.state', 'observation.images.agentview']
2026-08-09 17:39:10,816 | INFO | Created observation keys: ['observation.state', 'observation.images.agentview']
/home/haoyu/workspace/code/fpo-control/manipulation_experiments/thirdparty/miniconda3/envs/fpo_manipulation/lib/python3.10/contextlib.py:103: FutureWarning: `torch.backends.cuda.sdp_kernel()` is deprecated. In the future, this context manager will be removed. Please see `torch.nn.attention.sdpa_kernel()` for the new context manager, with updated signature.
  self.gen = func(*args, **kwds)
2026-08-09 17:39:33,951 | INFO | Running vine batch 0 with 16 lanes
num_visible_gpus: 1 [3] render_override: 3
2026-08-09 17:39:33,951 | INFO | Production mode: using gymnasium.vector.AsyncVectorEnv
2026-08-09 17:39:33,951 | INFO | Video key: agentview
2026-08-09 17:39:33,951 | INFO | Using image observation keys: ['agentview']
[robosuite INFO] Loading controller configuration from: /mnt/data/users/haoyu/workspace/code/fpo-control/manipulation_experiments/thirdparty/robosuite/robosuite/controllers/config/robots/default_panda.json (composite_controller_factory.py:121)
2026-08-09 17:39:33,952 | INFO | Loading controller configuration from: /mnt/data/users/haoyu/workspace/code/fpo-control/manipulation_experiments/thirdparty/robosuite/robosuite/controllers/config/robots/default_panda.json
render_gpu_device_id: 3
2026-08-09 17:39:34,815 | INFO | Successfully created NutAssemblySquare environment via robosuite.make() with cameras at 84x84
2026-08-09 17:39:34,815 | INFO | Configured cameras: ['agentview']
[robosuite WARNING] No private macro file found! (macros.py:57)
[robosuite WARNING] No private macro file found! (macros.py:57)
[robosuite WARNING] It is recommended to use a private macro file (macros.py:58)
[robosuite WARNING] To setup, run: python /mnt/data/users/haoyu/workspace/code/fpo-control/manipulation_experiments/thirdparty/robosuite/robosuite/scripts/setup_macros.py (macros.py:59)
[robosuite WARNING] It is recommended to use a private macro file (macros.py:58)
[robosuite WARNING] To setup, run: python /mnt/data/users/haoyu/workspace/code/fpo-control/manipulation_experiments/thirdparty/robosuite/robosuite/scripts/setup_macros.py (macros.py:59)
[robosuite WARNING] No private macro file found! (macros.py:57)
[robosuite WARNING] It is recommended to use a private macro file (macros.py:58)
[robosuite WARNING] To setup, run: python /mnt/data/users/haoyu/workspace/code/fpo-control/manipulation_experiments/thirdparty/robosuite/robosuite/scripts/setup_macros.py (macros.py:59)
[robosuite WARNING] No private macro file found! (macros.py:57)
[robosuite WARNING] It is recommended to use a private macro file (macros.py:58)
[robosuite WARNING] To setup, run: python /mnt/data/users/haoyu/workspace/code/fpo-control/manipulation_experiments/thirdparty/robosuite/robosuite/scripts/setup_macros.py (macros.py:59)
[robosuite WARNING] No private macro file found! (macros.py:57)
[robosuite WARNING] It is recommended to use a private macro file (macros.py:58)
[robosuite WARNING] To setup, run: python /mnt/data/users/haoyu/workspace/code/fpo-control/manipulation_experiments/thirdparty/robosuite/robosuite/scripts/setup_macros.py (macros.py:59)
[robosuite WARNING] No private macro file found! (macros.py:57)
[robosuite WARNING] It is recommended to use a private macro file (macros.py:58)
[robosuite WARNING] To setup, run: python /mnt/data/users/haoyu/workspace/code/fpo-control/manipulation_experiments/thirdparty/robosuite/robosuite/scripts/setup_macros.py (macros.py:59)
[robosuite WARNING] No private macro file found! (macros.py:57)
[robosuite WARNING] It is recommended to use a private macro file (macros.py:58)
[robosuite WARNING] To setup, run: python /mnt/data/users/haoyu/workspace/code/fpo-control/manipulation_experiments/thirdparty/robosuite/robosuite/scripts/setup_macros.py (macros.py:59)
[robosuite WARNING] No private macro file found! (macros.py:57)
[robosuite WARNING] It is recommended to use a private macro file (macros.py:58)
[robosuite WARNING] To setup, run: python /mnt/data/users/haoyu/workspace/code/fpo-control/manipulation_experiments/thirdparty/robosuite/robosuite/scripts/setup_macros.py (macros.py:59)
[robosuite WARNING] No private macro file found! (macros.py:57)
[robosuite WARNING] It is recommended to use a private macro file (macros.py:58)
[robosuite WARNING] To setup, run: python /mnt/data/users/haoyu/workspace/code/fpo-control/manipulation_experiments/thirdparty/robosuite/robosuite/scripts/setup_macros.py (macros.py:59)
[robosuite WARNING] No private macro file found! (macros.py:57)
[robosuite WARNING] It is recommended to use a private macro file (macros.py:58)
[robosuite WARNING] To setup, run: python /mnt/data/users/haoyu/workspace/code/fpo-control/manipulation_experiments/thirdparty/robosuite/robosuite/scripts/setup_macros.py (macros.py:59)
[robosuite WARNING] No private macro file found! (macros.py:57)
[robosuite WARNING] It is recommended to use a private macro file (macros.py:58)
[robosuite WARNING] To setup, run: python /mnt/data/users/haoyu/workspace/code/fpo-control/manipulation_experiments/thirdparty/robosuite/robosuite/scripts/setup_macros.py (macros.py:59)
[robosuite WARNING] No private macro file found! (macros.py:57)
[robosuite WARNING] It is recommended to use a private macro file (macros.py:58)
[robosuite WARNING] To setup, run: python /mnt/data/users/haoyu/workspace/code/fpo-control/manipulation_experiments/thirdparty/robosuite/robosuite/scripts/setup_macros.py (macros.py:59)
[robosuite WARNING] No private macro file found! (macros.py:57)
[robosuite WARNING] It is recommended to use a private macro file (macros.py:58)
[robosuite WARNING] To setup, run: python /mnt/data/users/haoyu/workspace/code/fpo-control/manipulation_experiments/thirdparty/robosuite/robosuite/scripts/setup_macros.py (macros.py:59)
[robosuite WARNING] No private macro file found! (macros.py:57)
[robosuite WARNING] It is recommended to use a private macro file (macros.py:58)
[robosuite WARNING] To setup, run: python /mnt/data/users/haoyu/workspace/code/fpo-control/manipulation_experiments/thirdparty/robosuite/robosuite/scripts/setup_macros.py (macros.py:59)
[robosuite WARNING] No private macro file found! (macros.py:57)
[robosuite WARNING] It is recommended to use a private macro file (macros.py:58)
[robosuite WARNING] To setup, run: python /mnt/data/users/haoyu/workspace/code/fpo-control/manipulation_experiments/thirdparty/robosuite/robosuite/scripts/setup_macros.py (macros.py:59)
[robosuite WARNING] No private macro file found! (macros.py:57)
[robosuite WARNING] It is recommended to use a private macro file (macros.py:58)
[robosuite WARNING] To setup, run: python /mnt/data/users/haoyu/workspace/code/fpo-control/manipulation_experiments/thirdparty/robosuite/robosuite/scripts/setup_macros.py (macros.py:59)
[robosuite WARNING] Could not import robosuite_models. Some robots may not be available. If you want to use these robots, please install robosuite_models from source (https://github.com/ARISE-Initiative/robosuite_models) or through pip install. (__init__.py:30)
[robosuite WARNING] Could not import robosuite_models. Some robots may not be available. If you want to use these robots, please install robosuite_models from source (https://github.com/ARISE-Initiative/robosuite_models) or through pip install. (__init__.py:30)
[robosuite WARNING] Could not import robosuite_models. Some robots may not be available. If you want to use these robots, please install robosuite_models from source (https://github.com/ARISE-Initiative/robosuite_models) or through pip install. (__init__.py:30)
[robosuite WARNING] Could not import robosuite_models. Some robots may not be available. If you want to use these robots, please install robosuite_models from source (https://github.com/ARISE-Initiative/robosuite_models) or through pip install. (__init__.py:30)
[robosuite WARNING] Could not import robosuite_models. Some robots may not be available. If you want to use these robots, please install robosuite_models from source (https://github.com/ARISE-Initiative/robosuite_models) or through pip install. (__init__.py:30)
[robosuite WARNING] Could not import robosuite_models. Some robots may not be available. If you want to use these robots, please install robosuite_models from source (https://github.com/ARISE-Initiative/robosuite_models) or through pip install. (__init__.py:30)
[robosuite WARNING] Could not import robosuite_models. Some robots may not be available. If you want to use these robots, please install robosuite_models from source (https://github.com/ARISE-Initiative/robosuite_models) or through pip install. (__init__.py:30)
[robosuite WARNING] Could not import robosuite_models. Some robots may not be available. If you want to use these robots, please install robosuite_models from source (https://github.com/ARISE-Initiative/robosuite_models) or through pip install. (__init__.py:30)
[robosuite WARNING] Could not import robosuite_models. Some robots may not be available. If you want to use these robots, please install robosuite_models from source (https://github.com/ARISE-Initiative/robosuite_models) or through pip install. (__init__.py:30)
[robosuite WARNING] Could not import robosuite_models. Some robots may not be available. If you want to use these robots, please install robosuite_models from source (https://github.com/ARISE-Initiative/robosuite_models) or through pip install. (__init__.py:30)
[robosuite WARNING] Could not import robosuite_models. Some robots may not be available. If you want to use these robots, please install robosuite_models from source (https://github.com/ARISE-Initiative/robosuite_models) or through pip install. (__init__.py:30)
[robosuite WARNING] Could not import robosuite_models. Some robots may not be available. If you want to use these robots, please install robosuite_models from source (https://github.com/ARISE-Initiative/robosuite_models) or through pip install. (__init__.py:30)
[robosuite WARNING] Could not import robosuite_models. Some robots may not be available. If you want to use these robots, please install robosuite_models from source (https://github.com/ARISE-Initiative/robosuite_models) or through pip install. (__init__.py:30)
[robosuite WARNING] Could not import robosuite_models. Some robots may not be available. If you want to use these robots, please install robosuite_models from source (https://github.com/ARISE-Initiative/robosuite_models) or through pip install. (__init__.py:30)
[robosuite WARNING] Could not import robosuite_models. Some robots may not be available. If you want to use these robots, please install robosuite_models from source (https://github.com/ARISE-Initiative/robosuite_models) or through pip install. (__init__.py:30)
[robosuite WARNING] Could not import robosuite_models. Some robots may not be available. If you want to use these robots, please install robosuite_models from source (https://github.com/ARISE-Initiative/robosuite_models) or through pip install. (__init__.py:30)
2026-08-09 17:39:43,502 | INFO | Video key: agentview
2026-08-09 17:39:43,502 | INFO | Video key: agentview
2026-08-09 17:39:43,502 | INFO | Video key: agentview
2026-08-09 17:39:43,502 | INFO | Using image observation keys: ['agentview']
2026-08-09 17:39:43,502 | INFO | Using image observation keys: ['agentview']
2026-08-09 17:39:43,502 | INFO | Using image observation keys: ['agentview']
2026-08-09 17:39:43,502 | INFO | Video key: agentview
2026-08-09 17:39:43,502 | INFO | Video key: agentview
2026-08-09 17:39:43,502 | INFO | Video key: agentview
2026-08-09 17:39:43,502 | INFO | Using image observation keys: ['agentview']
2026-08-09 17:39:43,502 | INFO | Using image observation keys: ['agentview']
2026-08-09 17:39:43,502 | INFO | Using image observation keys: ['agentview']
[robosuite INFO] Loading controller configuration from: /mnt/data/users/haoyu/workspace/code/fpo-control/manipulation_experiments/thirdparty/robosuite/robosuite/controllers/config/robots/default_panda.json (composite_controller_factory.py:121)
[robosuite INFO] Loading controller configuration from: /mnt/data/users/haoyu/workspace/code/fpo-control/manipulation_experiments/thirdparty/robosuite/robosuite/controllers/config/robots/default_panda.json (composite_controller_factory.py:121)
[robosuite INFO] Loading controller configuration from: /mnt/data/users/haoyu/workspace/code/fpo-control/manipulation_experiments/thirdparty/robosuite/robosuite/controllers/config/robots/default_panda.json (composite_controller_factory.py:121)
2026-08-09 17:39:43,502 | INFO | Loading controller configuration from: /mnt/data/users/haoyu/workspace/code/fpo-control/manipulation_experiments/thirdparty/robosuite/robosuite/controllers/config/robots/default_panda.json
2026-08-09 17:39:43,502 | INFO | Loading controller configuration from: /mnt/data/users/haoyu/workspace/code/fpo-control/manipulation_experiments/thirdparty/robosuite/robosuite/controllers/config/robots/default_panda.json
2026-08-09 17:39:43,502 | INFO | Loading controller configuration from: /mnt/data/users/haoyu/workspace/code/fpo-control/manipulation_experiments/thirdparty/robosuite/robosuite/controllers/config/robots/default_panda.json
render_gpu_device_id: 3render_gpu_device_id: 3

render_gpu_device_id: 3
[robosuite INFO] Loading controller configuration from: /mnt/data/users/haoyu/workspace/code/fpo-control/manipulation_experiments/thirdparty/robosuite/robosuite/controllers/config/robots/default_panda.json (composite_controller_factory.py:121)
[robosuite INFO] Loading controller configuration from: /mnt/data/users/haoyu/workspace/code/fpo-control/manipulation_experiments/thirdparty/robosuite/robosuite/controllers/config/robots/default_panda.json (composite_controller_factory.py:121)
2026-08-09 17:39:43,502 | INFO | Loading controller configuration from: /mnt/data/users/haoyu/workspace/code/fpo-control/manipulation_experiments/thirdparty/robosuite/robosuite/controllers/config/robots/default_panda.json
2026-08-09 17:39:43,502 | INFO | Loading controller configuration from: /mnt/data/users/haoyu/workspace/code/fpo-control/manipulation_experiments/thirdparty/robosuite/robosuite/controllers/config/robots/default_panda.json
[robosuite INFO] Loading controller configuration from: /mnt/data/users/haoyu/workspace/code/fpo-control/manipulation_experiments/thirdparty/robosuite/robosuite/controllers/config/robots/default_panda.json (composite_controller_factory.py:121)
2026-08-09 17:39:43,502 | INFO | Loading controller configuration from: /mnt/data/users/haoyu/workspace/code/fpo-control/manipulation_experiments/thirdparty/robosuite/robosuite/controllers/config/robots/default_panda.json
render_gpu_device_id: 3
render_gpu_device_id: 3
render_gpu_device_id: 3
2026-08-09 17:39:43,503 | INFO | Video key: agentview
2026-08-09 17:39:43,503 | INFO | Using image observation keys: ['agentview']
2026-08-09 17:39:43,503 | INFO | Video key: agentview
2026-08-09 17:39:43,503 | INFO | Using image observation keys: ['agentview']
[robosuite INFO] Loading controller configuration from: /mnt/data/users/haoyu/workspace/code/fpo-control/manipulation_experiments/thirdparty/robosuite/robosuite/controllers/config/robots/default_panda.json (composite_controller_factory.py:121)
2026-08-09 17:39:43,503 | INFO | Loading controller configuration from: /mnt/data/users/haoyu/workspace/code/fpo-control/manipulation_experiments/thirdparty/robosuite/robosuite/controllers/config/robots/default_panda.json
render_gpu_device_id: 3[robosuite INFO] Loading controller configuration from: /mnt/data/users/haoyu/workspace/code/fpo-control/manipulation_experiments/thirdparty/robosuite/robosuite/controllers/config/robots/default_panda.json (composite_controller_factory.py:121)

2026-08-09 17:39:43,503 | INFO | Loading controller configuration from: /mnt/data/users/haoyu/workspace/code/fpo-control/manipulation_experiments/thirdparty/robosuite/robosuite/controllers/config/robots/default_panda.json
render_gpu_device_id: 3
2026-08-09 17:39:43,513 | INFO | Video key: agentview
2026-08-09 17:39:43,513 | INFO | Using image observation keys: ['agentview']
[robosuite INFO] Loading controller configuration from: /mnt/data/users/haoyu/workspace/code/fpo-control/manipulation_experiments/thirdparty/robosuite/robosuite/controllers/config/robots/default_panda.json (composite_controller_factory.py:121)
2026-08-09 17:39:43,514 | INFO | Loading controller configuration from: /mnt/data/users/haoyu/workspace/code/fpo-control/manipulation_experiments/thirdparty/robosuite/robosuite/controllers/config/robots/default_panda.json
render_gpu_device_id: 3
2026-08-09 17:39:43,518 | INFO | Video key: agentview
2026-08-09 17:39:43,518 | INFO | Using image observation keys: ['agentview']
[robosuite INFO] Loading controller configuration from: /mnt/data/users/haoyu/workspace/code/fpo-control/manipulation_experiments/thirdparty/robosuite/robosuite/controllers/config/robots/default_panda.json (composite_controller_factory.py:121)
2026-08-09 17:39:43,519 | INFO | Loading controller configuration from: /mnt/data/users/haoyu/workspace/code/fpo-control/manipulation_experiments/thirdparty/robosuite/robosuite/controllers/config/robots/default_panda.json
render_gpu_device_id: 3
2026-08-09 17:39:43,614 | INFO | Video key: agentview
2026-08-09 17:39:43,614 | INFO | Using image observation keys: ['agentview']
[robosuite INFO] Loading controller configuration from: /mnt/data/users/haoyu/workspace/code/fpo-control/manipulation_experiments/thirdparty/robosuite/robosuite/controllers/config/robots/default_panda.json (composite_controller_factory.py:121)
2026-08-09 17:39:43,614 | INFO | Loading controller configuration from: /mnt/data/users/haoyu/workspace/code/fpo-control/manipulation_experiments/thirdparty/robosuite/robosuite/controllers/config/robots/default_panda.json
render_gpu_device_id: 3
2026-08-09 17:39:43,619 | INFO | Video key: agentview
2026-08-09 17:39:43,619 | INFO | Using image observation keys: ['agentview']
[robosuite INFO] Loading controller configuration from: /mnt/data/users/haoyu/workspace/code/fpo-control/manipulation_experiments/thirdparty/robosuite/robosuite/controllers/config/robots/default_panda.json (composite_controller_factory.py:121)
2026-08-09 17:39:43,619 | INFO | Loading controller configuration from: /mnt/data/users/haoyu/workspace/code/fpo-control/manipulation_experiments/thirdparty/robosuite/robosuite/controllers/config/robots/default_panda.json
render_gpu_device_id: 3
2026-08-09 17:39:43,651 | INFO | Video key: agentview
2026-08-09 17:39:43,651 | INFO | Using image observation keys: ['agentview']
[robosuite INFO] Loading controller configuration from: /mnt/data/users/haoyu/workspace/code/fpo-control/manipulation_experiments/thirdparty/robosuite/robosuite/controllers/config/robots/default_panda.json (composite_controller_factory.py:121)
2026-08-09 17:39:43,651 | INFO | Loading controller configuration from: /mnt/data/users/haoyu/workspace/code/fpo-control/manipulation_experiments/thirdparty/robosuite/robosuite/controllers/config/robots/default_panda.json
render_gpu_device_id: 3
2026-08-09 17:39:43,699 | INFO | Video key: agentview
2026-08-09 17:39:43,699 | INFO | Using image observation keys: ['agentview']
[robosuite INFO] Loading controller configuration from: /mnt/data/users/haoyu/workspace/code/fpo-control/manipulation_experiments/thirdparty/robosuite/robosuite/controllers/config/robots/default_panda.json (composite_controller_factory.py:121)
2026-08-09 17:39:43,699 | INFO | Loading controller configuration from: /mnt/data/users/haoyu/workspace/code/fpo-control/manipulation_experiments/thirdparty/robosuite/robosuite/controllers/config/robots/default_panda.json
render_gpu_device_id: 3
2026-08-09 17:39:43,874 | INFO | Video key: agentview
2026-08-09 17:39:43,874 | INFO | Using image observation keys: ['agentview']
[robosuite INFO] Loading controller configuration from: /mnt/data/users/haoyu/workspace/code/fpo-control/manipulation_experiments/thirdparty/robosuite/robosuite/controllers/config/robots/default_panda.json (composite_controller_factory.py:121)
2026-08-09 17:39:43,875 | INFO | Loading controller configuration from: /mnt/data/users/haoyu/workspace/code/fpo-control/manipulation_experiments/thirdparty/robosuite/robosuite/controllers/config/robots/default_panda.json
render_gpu_device_id: 3
2026-08-09 17:39:43,982 | INFO | Video key: agentview
2026-08-09 17:39:43,982 | INFO | Using image observation keys: ['agentview']
[robosuite INFO] Loading controller configuration from: /mnt/data/users/haoyu/workspace/code/fpo-control/manipulation_experiments/thirdparty/robosuite/robosuite/controllers/config/robots/default_panda.json (composite_controller_factory.py:121)
2026-08-09 17:39:43,982 | INFO | Loading controller configuration from: /mnt/data/users/haoyu/workspace/code/fpo-control/manipulation_experiments/thirdparty/robosuite/robosuite/controllers/config/robots/default_panda.json
render_gpu_device_id: 3
2026-08-09 17:39:45,400 | INFO | Successfully created NutAssemblySquare environment via robosuite.make() with cameras at 84x84
2026-08-09 17:39:45,401 | INFO | Configured cameras: ['agentview']
2026-08-09 17:39:45,402 | INFO | Successfully created NutAssemblySquare environment via robosuite.make() with cameras at 84x84
2026-08-09 17:39:45,402 | INFO | Configured cameras: ['agentview']
2026-08-09 17:39:45,405 | INFO | Successfully created NutAssemblySquare environment via robosuite.make() with cameras at 84x84
2026-08-09 17:39:45,405 | INFO | Configured cameras: ['agentview']
2026-08-09 17:39:45,405 | INFO | Successfully created NutAssemblySquare environment via robosuite.make() with cameras at 84x84
2026-08-09 17:39:45,405 | INFO | Configured cameras: ['agentview']
2026-08-09 17:39:45,405 | INFO | Successfully created NutAssemblySquare environment via robosuite.make() with cameras at 84x84
2026-08-09 17:39:45,406 | INFO | Configured cameras: ['agentview']
2026-08-09 17:39:45,414 | INFO | Successfully created NutAssemblySquare environment via robosuite.make() with cameras at 84x84
2026-08-09 17:39:45,414 | INFO | Configured cameras: ['agentview']
2026-08-09 17:39:45,457 | INFO | Successfully created NutAssemblySquare environment via robosuite.make() with cameras at 84x84
2026-08-09 17:39:45,457 | INFO | Configured cameras: ['agentview']
2026-08-09 17:39:45,458 | INFO | Successfully created NutAssemblySquare environment via robosuite.make() with cameras at 84x84
2026-08-09 17:39:45,458 | INFO | Configured cameras: ['agentview']
2026-08-09 17:39:45,477 | INFO | Successfully created NutAssemblySquare environment via robosuite.make() with cameras at 84x84
2026-08-09 17:39:45,477 | INFO | Configured cameras: ['agentview']
2026-08-09 17:39:45,479 | INFO | Successfully created NutAssemblySquare environment via robosuite.make() with cameras at 84x84
2026-08-09 17:39:45,479 | INFO | Configured cameras: ['agentview']
2026-08-09 17:39:45,504 | INFO | Successfully created NutAssemblySquare environment via robosuite.make() with cameras at 84x84
2026-08-09 17:39:45,504 | INFO | Configured cameras: ['agentview']
2026-08-09 17:39:45,508 | INFO | Successfully created NutAssemblySquare environment via robosuite.make() with cameras at 84x84
2026-08-09 17:39:45,508 | INFO | Configured cameras: ['agentview']
2026-08-09 17:39:45,599 | INFO | Successfully created NutAssemblySquare environment via robosuite.make() with cameras at 84x84
2026-08-09 17:39:45,599 | INFO | Configured cameras: ['agentview']
2026-08-09 17:39:45,668 | INFO | Successfully created NutAssemblySquare environment via robosuite.make() with cameras at 84x84
2026-08-09 17:39:45,668 | INFO | Configured cameras: ['agentview']
2026-08-09 17:39:45,740 | INFO | Successfully created NutAssemblySquare environment via robosuite.make() with cameras at 84x84
2026-08-09 17:39:45,741 | INFO | Configured cameras: ['agentview']
2026-08-09 17:39:45,902 | INFO | Successfully created NutAssemblySquare environment via robosuite.make() with cameras at 84x84
2026-08-09 17:39:45,902 | INFO | Configured cameras: ['agentview']
2026-08-09 17:39:47,176 | INFO | Created 16 vectorized Square environments
2026-08-09 17:39:47,177 | INFO | Set video key to 'agentview' for video recording
2026-08-09 17:39:48,259 | INFO | Created observation keys: ['observation.state', 'observation.images.agentview']
2026-08-09 17:39:48,264 | INFO | Created observation keys: ['observation.state', 'observation.images.agentview']
2026-08-09 17:39:48,272 | INFO | Created observation keys: ['observation.state', 'observation.images.agentview']
2026-08-09 17:39:48,280 | INFO | Created observation keys: ['observation.state', 'observation.images.agentview']
2026-08-09 17:39:48,291 | INFO | Created observation keys: ['observation.state', 'observation.images.agentview']
2026-08-09 17:39:48,299 | INFO | Created observation keys: ['observation.state', 'observation.images.agentview']
2026-08-09 17:39:48,318 | INFO | Created observation keys: ['observation.state', 'observation.images.agentview']
2026-08-09 17:39:48,322 | INFO | Created observation keys: ['observation.state', 'observation.images.agentview']
2026-08-09 17:39:48,351 | INFO | Created observation keys: ['observation.state', 'observation.images.agentview']
2026-08-09 17:39:48,362 | INFO | Created observation keys: ['observation.state', 'observation.images.agentview']
2026-08-09 17:39:48,364 | INFO | Created observation keys: ['observation.state', 'observation.images.agentview']
2026-08-09 17:39:48,433 | INFO | Created observation keys: ['observation.state', 'observation.images.agentview']
2026-08-09 17:39:48,438 | INFO | Created observation keys: ['observation.state', 'observation.images.agentview']
2026-08-09 17:39:48,440 | INFO | Created observation keys: ['observation.state', 'observation.images.agentview']
2026-08-09 17:39:48,449 | INFO | Created observation keys: ['observation.state', 'observation.images.agentview']
2026-08-09 17:39:48,510 | INFO | Created observation keys: ['observation.state', 'observation.images.agentview']
2026-08-09 17:40:34,860 | INFO | Running vine batch 1 with 16 lanes
num_visible_gpus: 1 [3] render_override: 3
2026-08-09 17:40:34,861 | INFO | Production mode: using gymnasium.vector.AsyncVectorEnv
2026-08-09 17:40:34,861 | INFO | Video key: agentview
2026-08-09 17:40:34,861 | INFO | Using image observation keys: ['agentview']
[robosuite INFO] Loading controller configuration from: /mnt/data/users/haoyu/workspace/code/fpo-control/manipulation_experiments/thirdparty/robosuite/robosuite/controllers/config/robots/default_panda.json (composite_controller_factory.py:121)
2026-08-09 17:40:34,861 | INFO | Loading controller configuration from: /mnt/data/users/haoyu/workspace/code/fpo-control/manipulation_experiments/thirdparty/robosuite/robosuite/controllers/config/robots/default_panda.json
render_gpu_device_id: 3
2026-08-09 17:40:35,748 | INFO | Successfully created NutAssemblySquare environment via robosuite.make() with cameras at 84x84
2026-08-09 17:40:35,748 | INFO | Configured cameras: ['agentview']
[robosuite WARNING] No private macro file found! (macros.py:57)
[robosuite WARNING] No private macro file found! (macros.py:57)
[robosuite WARNING] It is recommended to use a private macro file (macros.py:58)
[robosuite WARNING] It is recommended to use a private macro file (macros.py:58)
[robosuite WARNING] To setup, run: python /mnt/data/users/haoyu/workspace/code/fpo-control/manipulation_experiments/thirdparty/robosuite/robosuite/scripts/setup_macros.py (macros.py:59)
[robosuite WARNING] To setup, run: python /mnt/data/users/haoyu/workspace/code/fpo-control/manipulation_experiments/thirdparty/robosuite/robosuite/scripts/setup_macros.py (macros.py:59)
[robosuite WARNING] No private macro file found! (macros.py:57)
[robosuite WARNING] It is recommended to use a private macro file (macros.py:58)
[robosuite WARNING] To setup, run: python /mnt/data/users/haoyu/workspace/code/fpo-control/manipulation_experiments/thirdparty/robosuite/robosuite/scripts/setup_macros.py (macros.py:59)
[robosuite WARNING] No private macro file found! (macros.py:57)
[robosuite WARNING] It is recommended to use a private macro file (macros.py:58)
[robosuite WARNING] To setup, run: python /mnt/data/users/haoyu/workspace/code/fpo-control/manipulation_experiments/thirdparty/robosuite/robosuite/scripts/setup_macros.py (macros.py:59)
[robosuite WARNING] No private macro file found! (macros.py:57)
[robosuite WARNING] It is recommended to use a private macro file (macros.py:58)
[robosuite WARNING] To setup, run: python /mnt/data/users/haoyu/workspace/code/fpo-control/manipulation_experiments/thirdparty/robosuite/robosuite/scripts/setup_macros.py (macros.py:59)
[robosuite WARNING] No private macro file found! (macros.py:57)
[robosuite WARNING] It is recommended to use a private macro file (macros.py:58)
[robosuite WARNING] To setup, run: python /mnt/data/users/haoyu/workspace/code/fpo-control/manipulation_experiments/thirdparty/robosuite/robosuite/scripts/setup_macros.py (macros.py:59)
[robosuite WARNING] No private macro file found! (macros.py:57)
[robosuite WARNING] It is recommended to use a private macro file (macros.py:58)
[robosuite WARNING] To setup, run: python /mnt/data/users/haoyu/workspace/code/fpo-control/manipulation_experiments/thirdparty/robosuite/robosuite/scripts/setup_macros.py (macros.py:59)
[robosuite WARNING] No private macro file found! (macros.py:57)
[robosuite WARNING] It is recommended to use a private macro file (macros.py:58)
[robosuite WARNING] To setup, run: python /mnt/data/users/haoyu/workspace/code/fpo-control/manipulation_experiments/thirdparty/robosuite/robosuite/scripts/setup_macros.py (macros.py:59)
[robosuite WARNING] No private macro file found! (macros.py:57)
[robosuite WARNING] It is recommended to use a private macro file (macros.py:58)
[robosuite WARNING] To setup, run: python /mnt/data/users/haoyu/workspace/code/fpo-control/manipulation_experiments/thirdparty/robosuite/robosuite/scripts/setup_macros.py (macros.py:59)
[robosuite WARNING] No private macro file found! (macros.py:57)
[robosuite WARNING] It is recommended to use a private macro file (macros.py:58)
[robosuite WARNING] To setup, run: python /mnt/data/users/haoyu/workspace/code/fpo-control/manipulation_experiments/thirdparty/robosuite/robosuite/scripts/setup_macros.py (macros.py:59)
[robosuite WARNING] No private macro file found! (macros.py:57)
[robosuite WARNING] It is recommended to use a private macro file (macros.py:58)
[robosuite WARNING] To setup, run: python /mnt/data/users/haoyu/workspace/code/fpo-control/manipulation_experiments/thirdparty/robosuite/robosuite/scripts/setup_macros.py (macros.py:59)
[robosuite WARNING] No private macro file found! (macros.py:57)
[robosuite WARNING] It is recommended to use a private macro file (macros.py:58)
[robosuite WARNING] To setup, run: python /mnt/data/users/haoyu/workspace/code/fpo-control/manipulation_experiments/thirdparty/robosuite/robosuite/scripts/setup_macros.py (macros.py:59)
[robosuite WARNING] No private macro file found! (macros.py:57)
[robosuite WARNING] It is recommended to use a private macro file (macros.py:58)
[robosuite WARNING] To setup, run: python /mnt/data/users/haoyu/workspace/code/fpo-control/manipulation_experiments/thirdparty/robosuite/robosuite/scripts/setup_macros.py (macros.py:59)
[robosuite WARNING] No private macro file found! (macros.py:57)
[robosuite WARNING] It is recommended to use a private macro file (macros.py:58)
[robosuite WARNING] To setup, run: python /mnt/data/users/haoyu/workspace/code/fpo-control/manipulation_experiments/thirdparty/robosuite/robosuite/scripts/setup_macros.py (macros.py:59)
[robosuite WARNING] No private macro file found! (macros.py:57)
[robosuite WARNING] It is recommended to use a private macro file (macros.py:58)
[robosuite WARNING] To setup, run: python /mnt/data/users/haoyu/workspace/code/fpo-control/manipulation_experiments/thirdparty/robosuite/robosuite/scripts/setup_macros.py (macros.py:59)
[robosuite WARNING] No private macro file found! (macros.py:57)
[robosuite WARNING] It is recommended to use a private macro file (macros.py:58)
[robosuite WARNING] To setup, run: python /mnt/data/users/haoyu/workspace/code/fpo-control/manipulation_experiments/thirdparty/robosuite/robosuite/scripts/setup_macros.py (macros.py:59)
[robosuite WARNING] Could not import robosuite_models. Some robots may not be available. If you want to use these robots, please install robosuite_models from source (https://github.com/ARISE-Initiative/robosuite_models) or through pip install. (__init__.py:30)
[robosuite WARNING] Could not import robosuite_models. Some robots may not be available. If you want to use these robots, please install robosuite_models from source (https://github.com/ARISE-Initiative/robosuite_models) or through pip install. (__init__.py:30)
[robosuite WARNING] Could not import robosuite_models. Some robots may not be available. If you want to use these robots, please install robosuite_models from source (https://github.com/ARISE-Initiative/robosuite_models) or through pip install. (__init__.py:30)
[robosuite WARNING] Could not import robosuite_models. Some robots may not be available. If you want to use these robots, please install robosuite_models from source (https://github.com/ARISE-Initiative/robosuite_models) or through pip install. (__init__.py:30)
[robosuite WARNING] Could not import robosuite_models. Some robots may not be available. If you want to use these robots, please install robosuite_models from source (https://github.com/ARISE-Initiative/robosuite_models) or through pip install. (__init__.py:30)
[robosuite WARNING] Could not import robosuite_models. Some robots may not be available. If you want to use these robots, please install robosuite_models from source (https://github.com/ARISE-Initiative/robosuite_models) or through pip install. (__init__.py:30)
[robosuite WARNING] Could not import robosuite_models. Some robots may not be available. If you want to use these robots, please install robosuite_models from source (https://github.com/ARISE-Initiative/robosuite_models) or through pip install. (__init__.py:30)
[robosuite WARNING] Could not import robosuite_models. Some robots may not be available. If you want to use these robots, please install robosuite_models from source (https://github.com/ARISE-Initiative/robosuite_models) or through pip install. (__init__.py:30)
[robosuite WARNING] Could not import robosuite_models. Some robots may not be available. If you want to use these robots, please install robosuite_models from source (https://github.com/ARISE-Initiative/robosuite_models) or through pip install. (__init__.py:30)
[robosuite WARNING] Could not import robosuite_models. Some robots may not be available. If you want to use these robots, please install robosuite_models from source (https://github.com/ARISE-Initiative/robosuite_models) or through pip install. (__init__.py:30)
[robosuite WARNING] Could not import robosuite_models. Some robots may not be available. If you want to use these robots, please install robosuite_models from source (https://github.com/ARISE-Initiative/robosuite_models) or through pip install. (__init__.py:30)
[robosuite WARNING] Could not import robosuite_models. Some robots may not be available. If you want to use these robots, please install robosuite_models from source (https://github.com/ARISE-Initiative/robosuite_models) or through pip install. (__init__.py:30)
[robosuite WARNING] Could not import robosuite_models. Some robots may not be available. If you want to use these robots, please install robosuite_models from source (https://github.com/ARISE-Initiative/robosuite_models) or through pip install. (__init__.py:30)
[robosuite WARNING] Could not import robosuite_models. Some robots may not be available. If you want to use these robots, please install robosuite_models from source (https://github.com/ARISE-Initiative/robosuite_models) or through pip install. (__init__.py:30)
[robosuite WARNING] Could not import robosuite_models. Some robots may not be available. If you want to use these robots, please install robosuite_models from source (https://github.com/ARISE-Initiative/robosuite_models) or through pip install. (__init__.py:30)
[robosuite WARNING] Could not import robosuite_models. Some robots may not be available. If you want to use these robots, please install robosuite_models from source (https://github.com/ARISE-Initiative/robosuite_models) or through pip install. (__init__.py:30)
2026-08-09 17:40:44,534 | INFO | Video key: agentview
2026-08-09 17:40:44,534 | INFO | Using image observation keys: ['agentview']
2026-08-09 17:40:44,534 | INFO | Video key: agentview
2026-08-09 17:40:44,534 | INFO | Video key: agentview
2026-08-09 17:40:44,534 | INFO | Video key: agentview
2026-08-09 17:40:44,534 | INFO | Video key: agentview
2026-08-09 17:40:44,535 | INFO | Video key: agentview
2026-08-09 17:40:44,535 | INFO | Using image observation keys: ['agentview']
2026-08-09 17:40:44,535 | INFO | Using image observation keys: ['agentview']
2026-08-09 17:40:44,535 | INFO | Using image observation keys: ['agentview']
[robosuite INFO] Loading controller configuration from: /mnt/data/users/haoyu/workspace/code/fpo-control/manipulation_experiments/thirdparty/robosuite/robosuite/controllers/config/robots/default_panda.json (composite_controller_factory.py:121)
2026-08-09 17:40:44,535 | INFO | Using image observation keys: ['agentview']
2026-08-09 17:40:44,535 | INFO | Loading controller configuration from: /mnt/data/users/haoyu/workspace/code/fpo-control/manipulation_experiments/thirdparty/robosuite/robosuite/controllers/config/robots/default_panda.json
2026-08-09 17:40:44,535 | INFO | Using image observation keys: ['agentview']
render_gpu_device_id: 3
2026-08-09 17:40:44,535 | INFO | Video key: agentview
2026-08-09 17:40:44,535 | INFO | Using image observation keys: ['agentview']
[robosuite INFO] Loading controller configuration from: /mnt/data/users/haoyu/workspace/code/fpo-control/manipulation_experiments/thirdparty/robosuite/robosuite/controllers/config/robots/default_panda.json (composite_controller_factory.py:121)
[robosuite INFO] Loading controller configuration from: /mnt/data/users/haoyu/workspace/code/fpo-control/manipulation_experiments/thirdparty/robosuite/robosuite/controllers/config/robots/default_panda.json (composite_controller_factory.py:121)
2026-08-09 17:40:44,535 | INFO | Loading controller configuration from: /mnt/data/users/haoyu/workspace/code/fpo-control/manipulation_experiments/thirdparty/robosuite/robosuite/controllers/config/robots/default_panda.json
2026-08-09 17:40:44,535 | INFO | Loading controller configuration from: /mnt/data/users/haoyu/workspace/code/fpo-control/manipulation_experiments/thirdparty/robosuite/robosuite/controllers/config/robots/default_panda.json
[robosuite INFO] Loading controller configuration from: /mnt/data/users/haoyu/workspace/code/fpo-control/manipulation_experiments/thirdparty/robosuite/robosuite/controllers/config/robots/default_panda.json (composite_controller_factory.py:121)
2026-08-09 17:40:44,535 | INFO | Loading controller configuration from: /mnt/data/users/haoyu/workspace/code/fpo-control/manipulation_experiments/thirdparty/robosuite/robosuite/controllers/config/robots/default_panda.json
[robosuite INFO] Loading controller configuration from: /mnt/data/users/haoyu/workspace/code/fpo-control/manipulation_experiments/thirdparty/robosuite/robosuite/controllers/config/robots/default_panda.json (composite_controller_factory.py:121)
render_gpu_device_id: 3
render_gpu_device_id: 3
2026-08-09 17:40:44,535 | INFO | Loading controller configuration from: /mnt/data/users/haoyu/workspace/code/fpo-control/manipulation_experiments/thirdparty/robosuite/robosuite/controllers/config/robots/default_panda.json
[robosuite INFO] Loading controller configuration from: /mnt/data/users/haoyu/workspace/code/fpo-control/manipulation_experiments/thirdparty/robosuite/robosuite/controllers/config/robots/default_panda.json (composite_controller_factory.py:121)
render_gpu_device_id: 3
2026-08-09 17:40:44,535 | INFO | Video key: agentview
2026-08-09 17:40:44,535 | INFO | Loading controller configuration from: /mnt/data/users/haoyu/workspace/code/fpo-control/manipulation_experiments/thirdparty/robosuite/robosuite/controllers/config/robots/default_panda.json
2026-08-09 17:40:44,535 | INFO | Video key: agentview
render_gpu_device_id: 3
render_gpu_device_id: 3
2026-08-09 17:40:44,535 | INFO | Using image observation keys: ['agentview']
2026-08-09 17:40:44,535 | INFO | Video key: agentview
2026-08-09 17:40:44,535 | INFO | Using image observation keys: ['agentview']
2026-08-09 17:40:44,535 | INFO | Using image observation keys: ['agentview']
[robosuite INFO] Loading controller configuration from: /mnt/data/users/haoyu/workspace/code/fpo-control/manipulation_experiments/thirdparty/robosuite/robosuite/controllers/config/robots/default_panda.json (composite_controller_factory.py:121)
2026-08-09 17:40:44,535 | INFO | Loading controller configuration from: /mnt/data/users/haoyu/workspace/code/fpo-control/manipulation_experiments/thirdparty/robosuite/robosuite/controllers/config/robots/default_panda.json
render_gpu_device_id: 3
[robosuite INFO] Loading controller configuration from: /mnt/data/users/haoyu/workspace/code/fpo-control/manipulation_experiments/thirdparty/robosuite/robosuite/controllers/config/robots/default_panda.json (composite_controller_factory.py:121)
[robosuite INFO] Loading controller configuration from: /mnt/data/users/haoyu/workspace/code/fpo-control/manipulation_experiments/thirdparty/robosuite/robosuite/controllers/config/robots/default_panda.json (composite_controller_factory.py:121)
2026-08-09 17:40:44,535 | INFO | Loading controller configuration from: /mnt/data/users/haoyu/workspace/code/fpo-control/manipulation_experiments/thirdparty/robosuite/robosuite/controllers/config/robots/default_panda.json
2026-08-09 17:40:44,535 | INFO | Loading controller configuration from: /mnt/data/users/haoyu/workspace/code/fpo-control/manipulation_experiments/thirdparty/robosuite/robosuite/controllers/config/robots/default_panda.json
[robosuite INFO] Loading controller configuration from: /mnt/data/users/haoyu/workspace/code/fpo-control/manipulation_experiments/thirdparty/robosuite/robosuite/controllers/config/robots/default_panda.json (composite_controller_factory.py:121)
render_gpu_device_id: 3
render_gpu_device_id: 3
2026-08-09 17:40:44,535 | INFO | Loading controller configuration from: /mnt/data/users/haoyu/workspace/code/fpo-control/manipulation_experiments/thirdparty/robosuite/robosuite/controllers/config/robots/default_panda.json
render_gpu_device_id: 3
2026-08-09 17:40:44,539 | INFO | Video key: agentview
2026-08-09 17:40:44,539 | INFO | Using image observation keys: ['agentview']
[robosuite INFO] Loading controller configuration from: /mnt/data/users/haoyu/workspace/code/fpo-control/manipulation_experiments/thirdparty/robosuite/robosuite/controllers/config/robots/default_panda.json (composite_controller_factory.py:121)
2026-08-09 17:40:44,539 | INFO | Loading controller configuration from: /mnt/data/users/haoyu/workspace/code/fpo-control/manipulation_experiments/thirdparty/robosuite/robosuite/controllers/config/robots/default_panda.json
render_gpu_device_id: 3
2026-08-09 17:40:44,598 | INFO | Video key: agentview
2026-08-09 17:40:44,598 | INFO | Using image observation keys: ['agentview']
[robosuite INFO] Loading controller configuration from: /mnt/data/users/haoyu/workspace/code/fpo-control/manipulation_experiments/thirdparty/robosuite/robosuite/controllers/config/robots/default_panda.json (composite_controller_factory.py:121)
2026-08-09 17:40:44,598 | INFO | Loading controller configuration from: /mnt/data/users/haoyu/workspace/code/fpo-control/manipulation_experiments/thirdparty/robosuite/robosuite/controllers/config/robots/default_panda.json
render_gpu_device_id: 3
2026-08-09 17:40:44,610 | INFO | Video key: agentview
2026-08-09 17:40:44,610 | INFO | Using image observation keys: ['agentview']
[robosuite INFO] Loading controller configuration from: /mnt/data/users/haoyu/workspace/code/fpo-control/manipulation_experiments/thirdparty/robosuite/robosuite/controllers/config/robots/default_panda.json (composite_controller_factory.py:121)
2026-08-09 17:40:44,610 | INFO | Loading controller configuration from: /mnt/data/users/haoyu/workspace/code/fpo-control/manipulation_experiments/thirdparty/robosuite/robosuite/controllers/config/robots/default_panda.json
render_gpu_device_id: 3
2026-08-09 17:40:44,610 | INFO | Video key: agentview
2026-08-09 17:40:44,611 | INFO | Using image observation keys: ['agentview']
[robosuite INFO] Loading controller configuration from: /mnt/data/users/haoyu/workspace/code/fpo-control/manipulation_experiments/thirdparty/robosuite/robosuite/controllers/config/robots/default_panda.json (composite_controller_factory.py:121)
2026-08-09 17:40:44,611 | INFO | Loading controller configuration from: /mnt/data/users/haoyu/workspace/code/fpo-control/manipulation_experiments/thirdparty/robosuite/robosuite/controllers/config/robots/default_panda.json
render_gpu_device_id: 3
2026-08-09 17:40:44,631 | INFO | Video key: agentview
2026-08-09 17:40:44,631 | INFO | Video key: agentview
2026-08-09 17:40:44,631 | INFO | Using image observation keys: ['agentview']
2026-08-09 17:40:44,631 | INFO | Using image observation keys: ['agentview']
[robosuite INFO] Loading controller configuration from: /mnt/data/users/haoyu/workspace/code/fpo-control/manipulation_experiments/thirdparty/robosuite/robosuite/controllers/config/robots/default_panda.json (composite_controller_factory.py:121)
[robosuite INFO] Loading controller configuration from: /mnt/data/users/haoyu/workspace/code/fpo-control/manipulation_experiments/thirdparty/robosuite/robosuite/controllers/config/robots/default_panda.json (composite_controller_factory.py:121)
2026-08-09 17:40:44,632 | INFO | Loading controller configuration from: /mnt/data/users/haoyu/workspace/code/fpo-control/manipulation_experiments/thirdparty/robosuite/robosuite/controllers/config/robots/default_panda.json
2026-08-09 17:40:44,632 | INFO | Loading controller configuration from: /mnt/data/users/haoyu/workspace/code/fpo-control/manipulation_experiments/thirdparty/robosuite/robosuite/controllers/config/robots/default_panda.json
render_gpu_device_id: 3
render_gpu_device_id: 3
2026-08-09 17:40:46,411 | INFO | Successfully created NutAssemblySquare environment via robosuite.make() with cameras at 84x84
2026-08-09 17:40:46,411 | INFO | Configured cameras: ['agentview']
2026-08-09 17:40:46,418 | INFO | Successfully created NutAssemblySquare environment via robosuite.make() with cameras at 84x84
2026-08-09 17:40:46,418 | INFO | Configured cameras: ['agentview']
2026-08-09 17:40:46,419 | INFO | Successfully created NutAssemblySquare environment via robosuite.make() with cameras at 84x84
2026-08-09 17:40:46,419 | INFO | Configured cameras: ['agentview']
2026-08-09 17:40:46,435 | INFO | Successfully created NutAssemblySquare environment via robosuite.make() with cameras at 84x84
2026-08-09 17:40:46,436 | INFO | Configured cameras: ['agentview']
2026-08-09 17:40:46,438 | INFO | Successfully created NutAssemblySquare environment via robosuite.make() with cameras at 84x84
2026-08-09 17:40:46,438 | INFO | Configured cameras: ['agentview']
2026-08-09 17:40:46,440 | INFO | Successfully created NutAssemblySquare environment via robosuite.make() with cameras at 84x84
2026-08-09 17:40:46,440 | INFO | Configured cameras: ['agentview']
2026-08-09 17:40:46,444 | INFO | Successfully created NutAssemblySquare environment via robosuite.make() with cameras at 84x84
2026-08-09 17:40:46,445 | INFO | Configured cameras: ['agentview']
2026-08-09 17:40:46,453 | INFO | Successfully created NutAssemblySquare environment via robosuite.make() with cameras at 84x84
2026-08-09 17:40:46,454 | INFO | Configured cameras: ['agentview']
2026-08-09 17:40:46,464 | INFO | Successfully created NutAssemblySquare environment via robosuite.make() with cameras at 84x84
2026-08-09 17:40:46,464 | INFO | Configured cameras: ['agentview']
2026-08-09 17:40:46,465 | INFO | Successfully created NutAssemblySquare environment via robosuite.make() with cameras at 84x84
2026-08-09 17:40:46,465 | INFO | Configured cameras: ['agentview']
2026-08-09 17:40:46,468 | INFO | Successfully created NutAssemblySquare environment via robosuite.make() with cameras at 84x84
2026-08-09 17:40:46,468 | INFO | Configured cameras: ['agentview']
2026-08-09 17:40:46,468 | INFO | Successfully created NutAssemblySquare environment via robosuite.make() with cameras at 84x84
2026-08-09 17:40:46,469 | INFO | Configured cameras: ['agentview']
2026-08-09 17:40:46,469 | INFO | Successfully created NutAssemblySquare environment via robosuite.make() with cameras at 84x84
2026-08-09 17:40:46,469 | INFO | Configured cameras: ['agentview']
2026-08-09 17:40:46,471 | INFO | Successfully created NutAssemblySquare environment via robosuite.make() with cameras at 84x84
2026-08-09 17:40:46,471 | INFO | Configured cameras: ['agentview']
2026-08-09 17:40:46,479 | INFO | Successfully created NutAssemblySquare environment via robosuite.make() with cameras at 84x84
2026-08-09 17:40:46,479 | INFO | Configured cameras: ['agentview']
2026-08-09 17:40:46,521 | INFO | Successfully created NutAssemblySquare environment via robosuite.make() with cameras at 84x84
2026-08-09 17:40:46,522 | INFO | Configured cameras: ['agentview']
2026-08-09 17:40:48,110 | INFO | Created 16 vectorized Square environments
2026-08-09 17:40:48,110 | INFO | Set video key to 'agentview' for video recording
2026-08-09 17:40:49,196 | INFO | Created observation keys: ['observation.state', 'observation.images.agentview']
2026-08-09 17:40:49,206 | INFO | Created observation keys: ['observation.state', 'observation.images.agentview']
2026-08-09 17:40:49,245 | INFO | Created observation keys: ['observation.state', 'observation.images.agentview']
2026-08-09 17:40:49,286 | INFO | Created observation keys: ['observation.state', 'observation.images.agentview']
2026-08-09 17:40:49,299 | INFO | Created observation keys: ['observation.state', 'observation.images.agentview']
2026-08-09 17:40:49,338 | INFO | Created observation keys: ['observation.state', 'observation.images.agentview']
2026-08-09 17:40:49,348 | INFO | Created observation keys: ['observation.state', 'observation.images.agentview']
2026-08-09 17:40:49,357 | INFO | Created observation keys: ['observation.state', 'observation.images.agentview']
2026-08-09 17:40:49,357 | INFO | Created observation keys: ['observation.state', 'observation.images.agentview']
2026-08-09 17:40:49,358 | INFO | Created observation keys: ['observation.state', 'observation.images.agentview']
2026-08-09 17:40:49,380 | INFO | Created observation keys: ['observation.state', 'observation.images.agentview']
2026-08-09 17:40:49,409 | INFO | Created observation keys: ['observation.state', 'observation.images.agentview']
2026-08-09 17:40:49,424 | INFO | Created observation keys: ['observation.state', 'observation.images.agentview']
2026-08-09 17:40:49,429 | INFO | Created observation keys: ['observation.state', 'observation.images.agentview']
2026-08-09 17:40:49,493 | INFO | Created observation keys: ['observation.state', 'observation.images.agentview']
2026-08-09 17:40:49,539 | INFO | Created observation keys: ['observation.state', 'observation.images.agentview']
2026-08-09 17:41:34,805 | INFO | Running vine batch 2 with 16 lanes
num_visible_gpus: 1 [3] render_override: 3
2026-08-09 17:41:34,805 | INFO | Production mode: using gymnasium.vector.AsyncVectorEnv
2026-08-09 17:41:34,805 | INFO | Video key: agentview
2026-08-09 17:41:34,805 | INFO | Using image observation keys: ['agentview']
[robosuite INFO] Loading controller configuration from: /mnt/data/users/haoyu/workspace/code/fpo-control/manipulation_experiments/thirdparty/robosuite/robosuite/controllers/config/robots/default_panda.json (composite_controller_factory.py:121)
2026-08-09 17:41:34,806 | INFO | Loading controller configuration from: /mnt/data/users/haoyu/workspace/code/fpo-control/manipulation_experiments/thirdparty/robosuite/robosuite/controllers/config/robots/default_panda.json
render_gpu_device_id: 3
2026-08-09 17:41:35,722 | INFO | Successfully created NutAssemblySquare environment via robosuite.make() with cameras at 84x84
2026-08-09 17:41:35,722 | INFO | Configured cameras: ['agentview']
[robosuite WARNING] No private macro file found! (macros.py:57)
[robosuite WARNING] No private macro file found! (macros.py:57)
[robosuite WARNING] It is recommended to use a private macro file (macros.py:58)
[robosuite WARNING] It is recommended to use a private macro file (macros.py:58)
[robosuite WARNING] To setup, run: python /mnt/data/users/haoyu/workspace/code/fpo-control/manipulation_experiments/thirdparty/robosuite/robosuite/scripts/setup_macros.py (macros.py:59)
[robosuite WARNING] To setup, run: python /mnt/data/users/haoyu/workspace/code/fpo-control/manipulation_experiments/thirdparty/robosuite/robosuite/scripts/setup_macros.py (macros.py:59)
[robosuite WARNING] No private macro file found! (macros.py:57)
[robosuite WARNING] It is recommended to use a private macro file (macros.py:58)
[robosuite WARNING] To setup, run: python /mnt/data/users/haoyu/workspace/code/fpo-control/manipulation_experiments/thirdparty/robosuite/robosuite/scripts/setup_macros.py (macros.py:59)
[robosuite WARNING] No private macro file found! (macros.py:57)
[robosuite WARNING] It is recommended to use a private macro file (macros.py:58)
[robosuite WARNING] To setup, run: python /mnt/data/users/haoyu/workspace/code/fpo-control/manipulation_experiments/thirdparty/robosuite/robosuite/scripts/setup_macros.py (macros.py:59)
[robosuite WARNING] No private macro file found! (macros.py:57)
[robosuite WARNING] It is recommended to use a private macro file (macros.py:58)
[robosuite WARNING] To setup, run: python /mnt/data/users/haoyu/workspace/code/fpo-control/manipulation_experiments/thirdparty/robosuite/robosuite/scripts/setup_macros.py (macros.py:59)
[robosuite WARNING] No private macro file found! (macros.py:57)
[robosuite WARNING] It is recommended to use a private macro file (macros.py:58)
[robosuite WARNING] To setup, run: python /mnt/data/users/haoyu/workspace/code/fpo-control/manipulation_experiments/thirdparty/robosuite/robosuite/scripts/setup_macros.py (macros.py:59)
[robosuite WARNING] No private macro file found! (macros.py:57)
[robosuite WARNING] It is recommended to use a private macro file (macros.py:58)
[robosuite WARNING] To setup, run: python /mnt/data/users/haoyu/workspace/code/fpo-control/manipulation_experiments/thirdparty/robosuite/robosuite/scripts/setup_macros.py (macros.py:59)
[robosuite WARNING] No private macro file found! (macros.py:57)
[robosuite WARNING] It is recommended to use a private macro file (macros.py:58)
[robosuite WARNING] To setup, run: python /mnt/data/users/haoyu/workspace/code/fpo-control/manipulation_experiments/thirdparty/robosuite/robosuite/scripts/setup_macros.py (macros.py:59)
[robosuite WARNING] No private macro file found! (macros.py:57)
[robosuite WARNING] It is recommended to use a private macro file (macros.py:58)
[robosuite WARNING] To setup, run: python /mnt/data/users/haoyu/workspace/code/fpo-control/manipulation_experiments/thirdparty/robosuite/robosuite/scripts/setup_macros.py (macros.py:59)
[robosuite WARNING] No private macro file found! (macros.py:57)
[robosuite WARNING] It is recommended to use a private macro file (macros.py:58)
[robosuite WARNING] To setup, run: python /mnt/data/users/haoyu/workspace/code/fpo-control/manipulation_experiments/thirdparty/robosuite/robosuite/scripts/setup_macros.py (macros.py:59)
[robosuite WARNING] No private macro file found! (macros.py:57)
[robosuite WARNING] It is recommended to use a private macro file (macros.py:58)
[robosuite WARNING] To setup, run: python /mnt/data/users/haoyu/workspace/code/fpo-control/manipulation_experiments/thirdparty/robosuite/robosuite/scripts/setup_macros.py (macros.py:59)
[robosuite WARNING] No private macro file found! (macros.py:57)
[robosuite WARNING] It is recommended to use a private macro file (macros.py:58)
[robosuite WARNING] To setup, run: python /mnt/data/users/haoyu/workspace/code/fpo-control/manipulation_experiments/thirdparty/robosuite/robosuite/scripts/setup_macros.py (macros.py:59)
[robosuite WARNING] No private macro file found! (macros.py:57)
[robosuite WARNING] It is recommended to use a private macro file (macros.py:58)
[robosuite WARNING] To setup, run: python /mnt/data/users/haoyu/workspace/code/fpo-control/manipulation_experiments/thirdparty/robosuite/robosuite/scripts/setup_macros.py (macros.py:59)
[robosuite WARNING] No private macro file found! (macros.py:57)
[robosuite WARNING] It is recommended to use a private macro file (macros.py:58)
[robosuite WARNING] To setup, run: python /mnt/data/users/haoyu/workspace/code/fpo-control/manipulation_experiments/thirdparty/robosuite/robosuite/scripts/setup_macros.py (macros.py:59)
[robosuite WARNING] No private macro file found! (macros.py:57)
[robosuite WARNING] It is recommended to use a private macro file (macros.py:58)
[robosuite WARNING] To setup, run: python /mnt/data/users/haoyu/workspace/code/fpo-control/manipulation_experiments/thirdparty/robosuite/robosuite/scripts/setup_macros.py (macros.py:59)
[robosuite WARNING] No private macro file found! (macros.py:57)
[robosuite WARNING] It is recommended to use a private macro file (macros.py:58)
[robosuite WARNING] To setup, run: python /mnt/data/users/haoyu/workspace/code/fpo-control/manipulation_experiments/thirdparty/robosuite/robosuite/scripts/setup_macros.py (macros.py:59)
[robosuite WARNING] Could not import robosuite_models. Some robots may not be available. If you want to use these robots, please install robosuite_models from source (https://github.com/ARISE-Initiative/robosuite_models) or through pip install. (__init__.py:30)
[robosuite WARNING] Could not import robosuite_models. Some robots may not be available. If you want to use these robots, please install robosuite_models from source (https://github.com/ARISE-Initiative/robosuite_models) or through pip install. (__init__.py:30)
[robosuite WARNING] Could not import robosuite_models. Some robots may not be available. If you want to use these robots, please install robosuite_models from source (https://github.com/ARISE-Initiative/robosuite_models) or through pip install. (__init__.py:30)
[robosuite WARNING] Could not import robosuite_models. Some robots may not be available. If you want to use these robots, please install robosuite_models from source (https://github.com/ARISE-Initiative/robosuite_models) or through pip install. (__init__.py:30)
[robosuite WARNING] Could not import robosuite_models. Some robots may not be available. If you want to use these robots, please install robosuite_models from source (https://github.com/ARISE-Initiative/robosuite_models) or through pip install. (__init__.py:30)
[robosuite WARNING] Could not import robosuite_models. Some robots may not be available. If you want to use these robots, please install robosuite_models from source (https://github.com/ARISE-Initiative/robosuite_models) or through pip install. (__init__.py:30)
[robosuite WARNING] Could not import robosuite_models. Some robots may not be available. If you want to use these robots, please install robosuite_models from source (https://github.com/ARISE-Initiative/robosuite_models) or through pip install. (__init__.py:30)
[robosuite WARNING] Could not import robosuite_models. Some robots may not be available. If you want to use these robots, please install robosuite_models from source (https://github.com/ARISE-Initiative/robosuite_models) or through pip install. (__init__.py:30)
[robosuite WARNING] Could not import robosuite_models. Some robots may not be available. If you want to use these robots, please install robosuite_models from source (https://github.com/ARISE-Initiative/robosuite_models) or through pip install. (__init__.py:30)
[robosuite WARNING] Could not import robosuite_models. Some robots may not be available. If you want to use these robots, please install robosuite_models from source (https://github.com/ARISE-Initiative/robosuite_models) or through pip install. (__init__.py:30)
[robosuite WARNING] Could not import robosuite_models. Some robots may not be available. If you want to use these robots, please install robosuite_models from source (https://github.com/ARISE-Initiative/robosuite_models) or through pip install. (__init__.py:30)
[robosuite WARNING] Could not import robosuite_models. Some robots may not be available. If you want to use these robots, please install robosuite_models from source (https://github.com/ARISE-Initiative/robosuite_models) or through pip install. (__init__.py:30)
[robosuite WARNING] Could not import robosuite_models. Some robots may not be available. If you want to use these robots, please install robosuite_models from source (https://github.com/ARISE-Initiative/robosuite_models) or through pip install. (__init__.py:30)
[robosuite WARNING] Could not import robosuite_models. Some robots may not be available. If you want to use these robots, please install robosuite_models from source (https://github.com/ARISE-Initiative/robosuite_models) or through pip install. (__init__.py:30)
[robosuite WARNING] Could not import robosuite_models. Some robots may not be available. If you want to use these robots, please install robosuite_models from source (https://github.com/ARISE-Initiative/robosuite_models) or through pip install. (__init__.py:30)
[robosuite WARNING] Could not import robosuite_models. Some robots may not be available. If you want to use these robots, please install robosuite_models from source (https://github.com/ARISE-Initiative/robosuite_models) or through pip install. (__init__.py:30)
2026-08-09 17:41:44,604 | INFO | Video key: agentview
2026-08-09 17:41:44,605 | INFO | Using image observation keys: ['agentview']
2026-08-09 17:41:44,605 | INFO | Video key: agentview
2026-08-09 17:41:44,605 | INFO | Video key: agentview
2026-08-09 17:41:44,605 | INFO | Video key: agentview
2026-08-09 17:41:44,605 | INFO | Using image observation keys: ['agentview']
2026-08-09 17:41:44,605 | INFO | Video key: agentview
2026-08-09 17:41:44,605 | INFO | Video key: agentview
2026-08-09 17:41:44,605 | INFO | Using image observation keys: ['agentview']
2026-08-09 17:41:44,605 | INFO | Using image observation keys: ['agentview']
2026-08-09 17:41:44,605 | INFO | Using image observation keys: ['agentview']
2026-08-09 17:41:44,605 | INFO | Using image observation keys: ['agentview']
2026-08-09 17:41:44,605 | INFO | Video key: agentview
2026-08-09 17:41:44,605 | INFO | Video key: agentview
2026-08-09 17:41:44,605 | INFO | Video key: agentview
2026-08-09 17:41:44,605 | INFO | Video key: agentview
2026-08-09 17:41:44,605 | INFO | Using image observation keys: ['agentview']
2026-08-09 17:41:44,605 | INFO | Using image observation keys: ['agentview']
2026-08-09 17:41:44,605 | INFO | Using image observation keys: ['agentview']
2026-08-09 17:41:44,605 | INFO | Using image observation keys: ['agentview']
[robosuite INFO] Loading controller configuration from: /mnt/data/users/haoyu/workspace/code/fpo-control/manipulation_experiments/thirdparty/robosuite/robosuite/controllers/config/robots/default_panda.json (composite_controller_factory.py:121)
2026-08-09 17:41:44,605 | INFO | Loading controller configuration from: /mnt/data/users/haoyu/workspace/code/fpo-control/manipulation_experiments/thirdparty/robosuite/robosuite/controllers/config/robots/default_panda.json
render_gpu_device_id: 3
[robosuite INFO] Loading controller configuration from: /mnt/data/users/haoyu/workspace/code/fpo-control/manipulation_experiments/thirdparty/robosuite/robosuite/controllers/config/robots/default_panda.json (composite_controller_factory.py:121)
[robosuite INFO] Loading controller configuration from: /mnt/data/users/haoyu/workspace/code/fpo-control/manipulation_experiments/thirdparty/robosuite/robosuite/controllers/config/robots/default_panda.json (composite_controller_factory.py:121)
[robosuite INFO] Loading controller configuration from: /mnt/data/users/haoyu/workspace/code/fpo-control/manipulation_experiments/thirdparty/robosuite/robosuite/controllers/config/robots/default_panda.json (composite_controller_factory.py:121)
2026-08-09 17:41:44,605 | INFO | Loading controller configuration from: /mnt/data/users/haoyu/workspace/code/fpo-control/manipulation_experiments/thirdparty/robosuite/robosuite/controllers/config/robots/default_panda.json
2026-08-09 17:41:44,605 | INFO | Loading controller configuration from: /mnt/data/users/haoyu/workspace/code/fpo-control/manipulation_experiments/thirdparty/robosuite/robosuite/controllers/config/robots/default_panda.json
2026-08-09 17:41:44,605 | INFO | Loading controller configuration from: /mnt/data/users/haoyu/workspace/code/fpo-control/manipulation_experiments/thirdparty/robosuite/robosuite/controllers/config/robots/default_panda.json
render_gpu_device_id: 3
render_gpu_device_id: 3
render_gpu_device_id: 3
[robosuite INFO] Loading controller configuration from: /mnt/data/users/haoyu/workspace/code/fpo-control/manipulation_experiments/thirdparty/robosuite/robosuite/controllers/config/robots/default_panda.json (composite_controller_factory.py:121)
[robosuite INFO] Loading controller configuration from: /mnt/data/users/haoyu/workspace/code/fpo-control/manipulation_experiments/thirdparty/robosuite/robosuite/controllers/config/robots/default_panda.json (composite_controller_factory.py:121)
2026-08-09 17:41:44,605 | INFO | Loading controller configuration from: /mnt/data/users/haoyu/workspace/code/fpo-control/manipulation_experiments/thirdparty/robosuite/robosuite/controllers/config/robots/default_panda.json
[robosuite INFO] Loading controller configuration from: /mnt/data/users/haoyu/workspace/code/fpo-control/manipulation_experiments/thirdparty/robosuite/robosuite/controllers/config/robots/default_panda.json (composite_controller_factory.py:121)
[robosuite INFO] Loading controller configuration from: /mnt/data/users/haoyu/workspace/code/fpo-control/manipulation_experiments/thirdparty/robosuite/robosuite/controllers/config/robots/default_panda.json (composite_controller_factory.py:121)
2026-08-09 17:41:44,605 | INFO | Loading controller configuration from: /mnt/data/users/haoyu/workspace/code/fpo-control/manipulation_experiments/thirdparty/robosuite/robosuite/controllers/config/robots/default_panda.json
2026-08-09 17:41:44,605 | INFO | Loading controller configuration from: /mnt/data/users/haoyu/workspace/code/fpo-control/manipulation_experiments/thirdparty/robosuite/robosuite/controllers/config/robots/default_panda.json
2026-08-09 17:41:44,605 | INFO | Loading controller configuration from: /mnt/data/users/haoyu/workspace/code/fpo-control/manipulation_experiments/thirdparty/robosuite/robosuite/controllers/config/robots/default_panda.json
[robosuite INFO] Loading controller configuration from: /mnt/data/users/haoyu/workspace/code/fpo-control/manipulation_experiments/thirdparty/robosuite/robosuite/controllers/config/robots/default_panda.json (composite_controller_factory.py:121)
render_gpu_device_id: 3
2026-08-09 17:41:44,605 | INFO | Loading controller configuration from: /mnt/data/users/haoyu/workspace/code/fpo-control/manipulation_experiments/thirdparty/robosuite/robosuite/controllers/config/robots/default_panda.json
render_gpu_device_id: 3
render_gpu_device_id: 3
render_gpu_device_id: 3
[robosuite INFO] Loading controller configuration from: /mnt/data/users/haoyu/workspace/code/fpo-control/manipulation_experiments/thirdparty/robosuite/robosuite/controllers/config/robots/default_panda.json (composite_controller_factory.py:121)
2026-08-09 17:41:44,605 | INFO | Loading controller configuration from: /mnt/data/users/haoyu/workspace/code/fpo-control/manipulation_experiments/thirdparty/robosuite/robosuite/controllers/config/robots/default_panda.json
render_gpu_device_id: 3
render_gpu_device_id: 3
2026-08-09 17:41:44,606 | INFO | Video key: agentview
2026-08-09 17:41:44,606 | INFO | Using image observation keys: ['agentview']
[robosuite INFO] Loading controller configuration from: /mnt/data/users/haoyu/workspace/code/fpo-control/manipulation_experiments/thirdparty/robosuite/robosuite/controllers/config/robots/default_panda.json (composite_controller_factory.py:121)
2026-08-09 17:41:44,606 | INFO | Loading controller configuration from: /mnt/data/users/haoyu/workspace/code/fpo-control/manipulation_experiments/thirdparty/robosuite/robosuite/controllers/config/robots/default_panda.json
render_gpu_device_id: 3
2026-08-09 17:41:44,607 | INFO | Video key: agentview
2026-08-09 17:41:44,607 | INFO | Using image observation keys: ['agentview']
[robosuite INFO] Loading controller configuration from: /mnt/data/users/haoyu/workspace/code/fpo-control/manipulation_experiments/thirdparty/robosuite/robosuite/controllers/config/robots/default_panda.json (composite_controller_factory.py:121)
2026-08-09 17:41:44,607 | INFO | Loading controller configuration from: /mnt/data/users/haoyu/workspace/code/fpo-control/manipulation_experiments/thirdparty/robosuite/robosuite/controllers/config/robots/default_panda.json
render_gpu_device_id: 3
2026-08-09 17:41:44,668 | INFO | Video key: agentview
2026-08-09 17:41:44,669 | INFO | Using image observation keys: ['agentview']
[robosuite INFO] Loading controller configuration from: /mnt/data/users/haoyu/workspace/code/fpo-control/manipulation_experiments/thirdparty/robosuite/robosuite/controllers/config/robots/default_panda.json (composite_controller_factory.py:121)
2026-08-09 17:41:44,669 | INFO | Loading controller configuration from: /mnt/data/users/haoyu/workspace/code/fpo-control/manipulation_experiments/thirdparty/robosuite/robosuite/controllers/config/robots/default_panda.json
render_gpu_device_id: 3
2026-08-09 17:41:44,709 | INFO | Video key: agentview
2026-08-09 17:41:44,709 | INFO | Using image observation keys: ['agentview']
[robosuite INFO] Loading controller configuration from: /mnt/data/users/haoyu/workspace/code/fpo-control/manipulation_experiments/thirdparty/robosuite/robosuite/controllers/config/robots/default_panda.json (composite_controller_factory.py:121)
2026-08-09 17:41:44,709 | INFO | Loading controller configuration from: /mnt/data/users/haoyu/workspace/code/fpo-control/manipulation_experiments/thirdparty/robosuite/robosuite/controllers/config/robots/default_panda.json
render_gpu_device_id: 3
2026-08-09 17:41:44,718 | INFO | Video key: agentview
2026-08-09 17:41:44,718 | INFO | Using image observation keys: ['agentview']
[robosuite INFO] Loading controller configuration from: /mnt/data/users/haoyu/workspace/code/fpo-control/manipulation_experiments/thirdparty/robosuite/robosuite/controllers/config/robots/default_panda.json (composite_controller_factory.py:121)
2026-08-09 17:41:44,718 | INFO | Loading controller configuration from: /mnt/data/users/haoyu/workspace/code/fpo-control/manipulation_experiments/thirdparty/robosuite/robosuite/controllers/config/robots/default_panda.json
render_gpu_device_id: 3
2026-08-09 17:41:44,732 | INFO | Video key: agentview
2026-08-09 17:41:44,732 | INFO | Using image observation keys: ['agentview']
[robosuite INFO] Loading controller configuration from: /mnt/data/users/haoyu/workspace/code/fpo-control/manipulation_experiments/thirdparty/robosuite/robosuite/controllers/config/robots/default_panda.json (composite_controller_factory.py:121)
2026-08-09 17:41:44,733 | INFO | Loading controller configuration from: /mnt/data/users/haoyu/workspace/code/fpo-control/manipulation_experiments/thirdparty/robosuite/robosuite/controllers/config/robots/default_panda.json
render_gpu_device_id: 3
2026-08-09 17:41:46,510 | INFO | Successfully created NutAssemblySquare environment via robosuite.make() with cameras at 84x84
2026-08-09 17:41:46,510 | INFO | Configured cameras: ['agentview']
2026-08-09 17:41:46,513 | INFO | Successfully created NutAssemblySquare environment via robosuite.make() with cameras at 84x84
2026-08-09 17:41:46,513 | INFO | Configured cameras: ['agentview']
2026-08-09 17:41:46,513 | INFO | Successfully created NutAssemblySquare environment via robosuite.make() with cameras at 84x84
2026-08-09 17:41:46,514 | INFO | Configured cameras: ['agentview']
2026-08-09 17:41:46,513 | INFO | Successfully created NutAssemblySquare environment via robosuite.make() with cameras at 84x84
2026-08-09 17:41:46,514 | INFO | Configured cameras: ['agentview']
2026-08-09 17:41:46,515 | INFO | Successfully created NutAssemblySquare environment via robosuite.make() with cameras at 84x84
2026-08-09 17:41:46,515 | INFO | Configured cameras: ['agentview']
2026-08-09 17:41:46,519 | INFO | Successfully created NutAssemblySquare environment via robosuite.make() with cameras at 84x84
2026-08-09 17:41:46,519 | INFO | Configured cameras: ['agentview']
2026-08-09 17:41:46,522 | INFO | Successfully created NutAssemblySquare environment via robosuite.make() with cameras at 84x84
2026-08-09 17:41:46,522 | INFO | Configured cameras: ['agentview']
2026-08-09 17:41:46,542 | INFO | Successfully created NutAssemblySquare environment via robosuite.make() with cameras at 84x84
2026-08-09 17:41:46,543 | INFO | Configured cameras: ['agentview']
2026-08-09 17:41:46,552 | INFO | Successfully created NutAssemblySquare environment via robosuite.make() with cameras at 84x84
2026-08-09 17:41:46,552 | INFO | Configured cameras: ['agentview']
2026-08-09 17:41:46,556 | INFO | Successfully created NutAssemblySquare environment via robosuite.make() with cameras at 84x84
2026-08-09 17:41:46,556 | INFO | Configured cameras: ['agentview']
2026-08-09 17:41:46,561 | INFO | Successfully created NutAssemblySquare environment via robosuite.make() with cameras at 84x84
2026-08-09 17:41:46,561 | INFO | Configured cameras: ['agentview']
2026-08-09 17:41:46,598 | INFO | Successfully created NutAssemblySquare environment via robosuite.make() with cameras at 84x84
2026-08-09 17:41:46,598 | INFO | Configured cameras: ['agentview']
2026-08-09 17:41:46,601 | INFO | Successfully created NutAssemblySquare environment via robosuite.make() with cameras at 84x84
2026-08-09 17:41:46,601 | INFO | Configured cameras: ['agentview']
2026-08-09 17:41:46,641 | INFO | Successfully created NutAssemblySquare environment via robosuite.make() with cameras at 84x84
2026-08-09 17:41:46,641 | INFO | Configured cameras: ['agentview']
2026-08-09 17:41:46,642 | INFO | Successfully created NutAssemblySquare environment via robosuite.make() with cameras at 84x84
2026-08-09 17:41:46,642 | INFO | Configured cameras: ['agentview']
2026-08-09 17:41:46,792 | INFO | Successfully created NutAssemblySquare environment via robosuite.make() with cameras at 84x84
2026-08-09 17:41:46,792 | INFO | Configured cameras: ['agentview']
2026-08-09 17:41:47,978 | INFO | Created 16 vectorized Square environments
2026-08-09 17:41:47,978 | INFO | Set video key to 'agentview' for video recording
2026-08-09 17:41:49,051 | INFO | Created observation keys: ['observation.state', 'observation.images.agentview']
2026-08-09 17:41:49,094 | INFO | Created observation keys: ['observation.state', 'observation.images.agentview']
2026-08-09 17:41:49,108 | INFO | Created observation keys: ['observation.state', 'observation.images.agentview']
2026-08-09 17:41:49,141 | INFO | Created observation keys: ['observation.state', 'observation.images.agentview']
2026-08-09 17:41:49,146 | INFO | Created observation keys: ['observation.state', 'observation.images.agentview']
2026-08-09 17:41:49,154 | INFO | Created observation keys: ['observation.state', 'observation.images.agentview']
2026-08-09 17:41:49,167 | INFO | Created observation keys: ['observation.state', 'observation.images.agentview']
2026-08-09 17:41:49,168 | INFO | Created observation keys: ['observation.state', 'observation.images.agentview']
2026-08-09 17:41:49,191 | INFO | Created observation keys: ['observation.state', 'observation.images.agentview']
2026-08-09 17:41:49,213 | INFO | Created observation keys: ['observation.state', 'observation.images.agentview']
2026-08-09 17:41:49,214 | INFO | Created observation keys: ['observation.state', 'observation.images.agentview']
2026-08-09 17:41:49,215 | INFO | Created observation keys: ['observation.state', 'observation.images.agentview']
2026-08-09 17:41:49,217 | INFO | Created observation keys: ['observation.state', 'observation.images.agentview']
2026-08-09 17:41:49,218 | INFO | Created observation keys: ['observation.state', 'observation.images.agentview']
2026-08-09 17:41:49,229 | INFO | Created observation keys: ['observation.state', 'observation.images.agentview']
2026-08-09 17:41:49,337 | INFO | Created observation keys: ['observation.state', 'observation.images.agentview']
2026-08-09 17:42:42,972 | INFO | Running vine batch 3 with 16 lanes
num_visible_gpus: 1 [3] render_override: 3
2026-08-09 17:42:42,972 | INFO | Production mode: using gymnasium.vector.AsyncVectorEnv
2026-08-09 17:42:42,972 | INFO | Video key: agentview
2026-08-09 17:42:42,973 | INFO | Using image observation keys: ['agentview']
[robosuite INFO] Loading controller configuration from: /mnt/data/users/haoyu/workspace/code/fpo-control/manipulation_experiments/thirdparty/robosuite/robosuite/controllers/config/robots/default_panda.json (composite_controller_factory.py:121)
2026-08-09 17:42:42,973 | INFO | Loading controller configuration from: /mnt/data/users/haoyu/workspace/code/fpo-control/manipulation_experiments/thirdparty/robosuite/robosuite/controllers/config/robots/default_panda.json
render_gpu_device_id: 3
2026-08-09 17:42:43,849 | INFO | Successfully created NutAssemblySquare environment via robosuite.make() with cameras at 84x84
2026-08-09 17:42:43,849 | INFO | Configured cameras: ['agentview']
[robosuite WARNING] No private macro file found! (macros.py:57)
[robosuite WARNING] It is recommended to use a private macro file (macros.py:58)
[robosuite WARNING] To setup, run: python /mnt/data/users/haoyu/workspace/code/fpo-control/manipulation_experiments/thirdparty/robosuite/robosuite/scripts/setup_macros.py (macros.py:59)
[robosuite WARNING] No private macro file found! (macros.py:57)
[robosuite WARNING] It is recommended to use a private macro file (macros.py:58)
[robosuite WARNING] To setup, run: python /mnt/data/users/haoyu/workspace/code/fpo-control/manipulation_experiments/thirdparty/robosuite/robosuite/scripts/setup_macros.py (macros.py:59)
[robosuite WARNING] No private macro file found! (macros.py:57)
[robosuite WARNING] It is recommended to use a private macro file (macros.py:58)
[robosuite WARNING] To setup, run: python /mnt/data/users/haoyu/workspace/code/fpo-control/manipulation_experiments/thirdparty/robosuite/robosuite/scripts/setup_macros.py (macros.py:59)
[robosuite WARNING] No private macro file found! (macros.py:57)
[robosuite WARNING] It is recommended to use a private macro file (macros.py:58)
[robosuite WARNING] To setup, run: python /mnt/data/users/haoyu/workspace/code/fpo-control/manipulation_experiments/thirdparty/robosuite/robosuite/scripts/setup_macros.py (macros.py:59)
[robosuite WARNING] No private macro file found! (macros.py:57)
[robosuite WARNING] It is recommended to use a private macro file (macros.py:58)
[robosuite WARNING] To setup, run: python /mnt/data/users/haoyu/workspace/code/fpo-control/manipulation_experiments/thirdparty/robosuite/robosuite/scripts/setup_macros.py (macros.py:59)
[robosuite WARNING] No private macro file found! (macros.py:57)
[robosuite WARNING] It is recommended to use a private macro file (macros.py:58)
[robosuite WARNING] To setup, run: python /mnt/data/users/haoyu/workspace/code/fpo-control/manipulation_experiments/thirdparty/robosuite/robosuite/scripts/setup_macros.py (macros.py:59)
[robosuite WARNING] No private macro file found! (macros.py:57)
[robosuite WARNING] It is recommended to use a private macro file (macros.py:58)
[robosuite WARNING] To setup, run: python /mnt/data/users/haoyu/workspace/code/fpo-control/manipulation_experiments/thirdparty/robosuite/robosuite/scripts/setup_macros.py (macros.py:59)
[robosuite WARNING] No private macro file found! (macros.py:57)
[robosuite WARNING] It is recommended to use a private macro file (macros.py:58)
[robosuite WARNING] To setup, run: python /mnt/data/users/haoyu/workspace/code/fpo-control/manipulation_experiments/thirdparty/robosuite/robosuite/scripts/setup_macros.py (macros.py:59)
[robosuite WARNING] No private macro file found! (macros.py:57)
[robosuite WARNING] It is recommended to use a private macro file (macros.py:58)
[robosuite WARNING] To setup, run: python /mnt/data/users/haoyu/workspace/code/fpo-control/manipulation_experiments/thirdparty/robosuite/robosuite/scripts/setup_macros.py (macros.py:59)
[robosuite WARNING] No private macro file found! (macros.py:57)
[robosuite WARNING] It is recommended to use a private macro file (macros.py:58)
[robosuite WARNING] To setup, run: python /mnt/data/users/haoyu/workspace/code/fpo-control/manipulation_experiments/thirdparty/robosuite/robosuite/scripts/setup_macros.py (macros.py:59)
[robosuite WARNING] No private macro file found! (macros.py:57)
[robosuite WARNING] It is recommended to use a private macro file (macros.py:58)
[robosuite WARNING] To setup, run: python /mnt/data/users/haoyu/workspace/code/fpo-control/manipulation_experiments/thirdparty/robosuite/robosuite/scripts/setup_macros.py (macros.py:59)
[robosuite WARNING] No private macro file found! (macros.py:57)
[robosuite WARNING] It is recommended to use a private macro file (macros.py:58)
[robosuite WARNING] To setup, run: python /mnt/data/users/haoyu/workspace/code/fpo-control/manipulation_experiments/thirdparty/robosuite/robosuite/scripts/setup_macros.py (macros.py:59)
[robosuite WARNING] No private macro file found! (macros.py:57)
[robosuite WARNING] It is recommended to use a private macro file (macros.py:58)
[robosuite WARNING] To setup, run: python /mnt/data/users/haoyu/workspace/code/fpo-control/manipulation_experiments/thirdparty/robosuite/robosuite/scripts/setup_macros.py (macros.py:59)
[robosuite WARNING] No private macro file found! (macros.py:57)
[robosuite WARNING] It is recommended to use a private macro file (macros.py:58)
[robosuite WARNING] To setup, run: python /mnt/data/users/haoyu/workspace/code/fpo-control/manipulation_experiments/thirdparty/robosuite/robosuite/scripts/setup_macros.py (macros.py:59)
[robosuite WARNING] No private macro file found! (macros.py:57)
[robosuite WARNING] It is recommended to use a private macro file (macros.py:58)
[robosuite WARNING] To setup, run: python /mnt/data/users/haoyu/workspace/code/fpo-control/manipulation_experiments/thirdparty/robosuite/robosuite/scripts/setup_macros.py (macros.py:59)
[robosuite WARNING] No private macro file found! (macros.py:57)
[robosuite WARNING] It is recommended to use a private macro file (macros.py:58)
[robosuite WARNING] To setup, run: python /mnt/data/users/haoyu/workspace/code/fpo-control/manipulation_experiments/thirdparty/robosuite/robosuite/scripts/setup_macros.py (macros.py:59)
[robosuite WARNING] Could not import robosuite_models. Some robots may not be available. If you want to use these robots, please install robosuite_models from source (https://github.com/ARISE-Initiative/robosuite_models) or through pip install. (__init__.py:30)
[robosuite WARNING] Could not import robosuite_models. Some robots may not be available. If you want to use these robots, please install robosuite_models from source (https://github.com/ARISE-Initiative/robosuite_models) or through pip install. (__init__.py:30)
[robosuite WARNING] Could not import robosuite_models. Some robots may not be available. If you want to use these robots, please install robosuite_models from source (https://github.com/ARISE-Initiative/robosuite_models) or through pip install. (__init__.py:30)
[robosuite WARNING] Could not import robosuite_models. Some robots may not be available. If you want to use these robots, please install robosuite_models from source (https://github.com/ARISE-Initiative/robosuite_models) or through pip install. (__init__.py:30)
[robosuite WARNING] Could not import robosuite_models. Some robots may not be available. If you want to use these robots, please install robosuite_models from source (https://github.com/ARISE-Initiative/robosuite_models) or through pip install. (__init__.py:30)
[robosuite WARNING] Could not import robosuite_models. Some robots may not be available. If you want to use these robots, please install robosuite_models from source (https://github.com/ARISE-Initiative/robosuite_models) or through pip install. (__init__.py:30)
[robosuite WARNING] Could not import robosuite_models. Some robots may not be available. If you want to use these robots, please install robosuite_models from source (https://github.com/ARISE-Initiative/robosuite_models) or through pip install. (__init__.py:30)
[robosuite WARNING] Could not import robosuite_models. Some robots may not be available. If you want to use these robots, please install robosuite_models from source (https://github.com/ARISE-Initiative/robosuite_models) or through pip install. (__init__.py:30)
[robosuite WARNING] Could not import robosuite_models. Some robots may not be available. If you want to use these robots, please install robosuite_models from source (https://github.com/ARISE-Initiative/robosuite_models) or through pip install. (__init__.py:30)
[robosuite WARNING] Could not import robosuite_models. Some robots may not be available. If you want to use these robots, please install robosuite_models from source (https://github.com/ARISE-Initiative/robosuite_models) or through pip install. (__init__.py:30)
[robosuite WARNING] Could not import robosuite_models. Some robots may not be available. If you want to use these robots, please install robosuite_models from source (https://github.com/ARISE-Initiative/robosuite_models) or through pip install. (__init__.py:30)
[robosuite WARNING] Could not import robosuite_models. Some robots may not be available. If you want to use these robots, please install robosuite_models from source (https://github.com/ARISE-Initiative/robosuite_models) or through pip install. (__init__.py:30)
[robosuite WARNING] Could not import robosuite_models. Some robots may not be available. If you want to use these robots, please install robosuite_models from source (https://github.com/ARISE-Initiative/robosuite_models) or through pip install. (__init__.py:30)
[robosuite WARNING] Could not import robosuite_models. Some robots may not be available. If you want to use these robots, please install robosuite_models from source (https://github.com/ARISE-Initiative/robosuite_models) or through pip install. (__init__.py:30)
[robosuite WARNING] Could not import robosuite_models. Some robots may not be available. If you want to use these robots, please install robosuite_models from source (https://github.com/ARISE-Initiative/robosuite_models) or through pip install. (__init__.py:30)
[robosuite WARNING] Could not import robosuite_models. Some robots may not be available. If you want to use these robots, please install robosuite_models from source (https://github.com/ARISE-Initiative/robosuite_models) or through pip install. (__init__.py:30)
2026-08-09 17:42:52,423 | INFO | Video key: agentview
2026-08-09 17:42:52,423 | INFO | Using image observation keys: ['agentview']
[robosuite INFO] Loading controller configuration from: /mnt/data/users/haoyu/workspace/code/fpo-control/manipulation_experiments/thirdparty/robosuite/robosuite/controllers/config/robots/default_panda.json (composite_controller_factory.py:121)
2026-08-09 17:42:52,423 | INFO | Loading controller configuration from: /mnt/data/users/haoyu/workspace/code/fpo-control/manipulation_experiments/thirdparty/robosuite/robosuite/controllers/config/robots/default_panda.json
render_gpu_device_id: 3
2026-08-09 17:42:52,429 | INFO | Video key: agentview
2026-08-09 17:42:52,429 | INFO | Using image observation keys: ['agentview']
[robosuite INFO] Loading controller configuration from: /mnt/data/users/haoyu/workspace/code/fpo-control/manipulation_experiments/thirdparty/robosuite/robosuite/controllers/config/robots/default_panda.json (composite_controller_factory.py:121)
2026-08-09 17:42:52,429 | INFO | Loading controller configuration from: /mnt/data/users/haoyu/workspace/code/fpo-control/manipulation_experiments/thirdparty/robosuite/robosuite/controllers/config/robots/default_panda.json
render_gpu_device_id: 3
2026-08-09 17:42:52,430 | INFO | Video key: agentview
2026-08-09 17:42:52,430 | INFO | Using image observation keys: ['agentview']
2026-08-09 17:42:52,430 | INFO | Video key: agentview
2026-08-09 17:42:52,430 | INFO | Using image observation keys: ['agentview']
[robosuite INFO] Loading controller configuration from: /mnt/data/users/haoyu/workspace/code/fpo-control/manipulation_experiments/thirdparty/robosuite/robosuite/controllers/config/robots/default_panda.json (composite_controller_factory.py:121)
2026-08-09 17:42:52,430 | INFO | Loading controller configuration from: /mnt/data/users/haoyu/workspace/code/fpo-control/manipulation_experiments/thirdparty/robosuite/robosuite/controllers/config/robots/default_panda.json
render_gpu_device_id: 3
[robosuite INFO] Loading controller configuration from: /mnt/data/users/haoyu/workspace/code/fpo-control/manipulation_experiments/thirdparty/robosuite/robosuite/controllers/config/robots/default_panda.json (composite_controller_factory.py:121)
2026-08-09 17:42:52,430 | INFO | Loading controller configuration from: /mnt/data/users/haoyu/workspace/code/fpo-control/manipulation_experiments/thirdparty/robosuite/robosuite/controllers/config/robots/default_panda.json
render_gpu_device_id: 3
2026-08-09 17:42:52,431 | INFO | Video key: agentview
2026-08-09 17:42:52,431 | INFO | Using image observation keys: ['agentview']
2026-08-09 17:42:52,431 | INFO | Video key: agentview
2026-08-09 17:42:52,431 | INFO | Using image observation keys: ['agentview']
[robosuite INFO] Loading controller configuration from: /mnt/data/users/haoyu/workspace/code/fpo-control/manipulation_experiments/thirdparty/robosuite/robosuite/controllers/config/robots/default_panda.json (composite_controller_factory.py:121)
2026-08-09 17:42:52,431 | INFO | Loading controller configuration from: /mnt/data/users/haoyu/workspace/code/fpo-control/manipulation_experiments/thirdparty/robosuite/robosuite/controllers/config/robots/default_panda.json
render_gpu_device_id: 3
2026-08-09 17:42:52,431 | INFO | Video key: agentview
2026-08-09 17:42:52,431 | INFO | Using image observation keys: ['agentview']
[robosuite INFO] Loading controller configuration from: /mnt/data/users/haoyu/workspace/code/fpo-control/manipulation_experiments/thirdparty/robosuite/robosuite/controllers/config/robots/default_panda.json (composite_controller_factory.py:121)
2026-08-09 17:42:52,431 | INFO | Loading controller configuration from: /mnt/data/users/haoyu/workspace/code/fpo-control/manipulation_experiments/thirdparty/robosuite/robosuite/controllers/config/robots/default_panda.json
render_gpu_device_id: 3
2026-08-09 17:42:52,431 | INFO | Video key: agentview
2026-08-09 17:42:52,431 | INFO | Using image observation keys: ['agentview']
[robosuite INFO] Loading controller configuration from: /mnt/data/users/haoyu/workspace/code/fpo-control/manipulation_experiments/thirdparty/robosuite/robosuite/controllers/config/robots/default_panda.json (composite_controller_factory.py:121)
2026-08-09 17:42:52,431 | INFO | Loading controller configuration from: /mnt/data/users/haoyu/workspace/code/fpo-control/manipulation_experiments/thirdparty/robosuite/robosuite/controllers/config/robots/default_panda.json
render_gpu_device_id: 3
[robosuite INFO] Loading controller configuration from: /mnt/data/users/haoyu/workspace/code/fpo-control/manipulation_experiments/thirdparty/robosuite/robosuite/controllers/config/robots/default_panda.json (composite_controller_factory.py:121)
2026-08-09 17:42:52,431 | INFO | Loading controller configuration from: /mnt/data/users/haoyu/workspace/code/fpo-control/manipulation_experiments/thirdparty/robosuite/robosuite/controllers/config/robots/default_panda.json
render_gpu_device_id: 3
2026-08-09 17:42:52,456 | INFO | Video key: agentview
2026-08-09 17:42:52,456 | INFO | Using image observation keys: ['agentview']
[robosuite INFO] Loading controller configuration from: /mnt/data/users/haoyu/workspace/code/fpo-control/manipulation_experiments/thirdparty/robosuite/robosuite/controllers/config/robots/default_panda.json (composite_controller_factory.py:121)
2026-08-09 17:42:52,456 | INFO | Loading controller configuration from: /mnt/data/users/haoyu/workspace/code/fpo-control/manipulation_experiments/thirdparty/robosuite/robosuite/controllers/config/robots/default_panda.json
render_gpu_device_id: 3
2026-08-09 17:42:52,457 | INFO | Video key: agentview
2026-08-09 17:42:52,457 | INFO | Using image observation keys: ['agentview']
[robosuite INFO] Loading controller configuration from: /mnt/data/users/haoyu/workspace/code/fpo-control/manipulation_experiments/thirdparty/robosuite/robosuite/controllers/config/robots/default_panda.json (composite_controller_factory.py:121)
2026-08-09 17:42:52,458 | INFO | Loading controller configuration from: /mnt/data/users/haoyu/workspace/code/fpo-control/manipulation_experiments/thirdparty/robosuite/robosuite/controllers/config/robots/default_panda.json
render_gpu_device_id: 3
2026-08-09 17:42:52,459 | INFO | Video key: agentview
2026-08-09 17:42:52,459 | INFO | Using image observation keys: ['agentview']
[robosuite INFO] Loading controller configuration from: /mnt/data/users/haoyu/workspace/code/fpo-control/manipulation_experiments/thirdparty/robosuite/robosuite/controllers/config/robots/default_panda.json (composite_controller_factory.py:121)
2026-08-09 17:42:52,459 | INFO | Loading controller configuration from: /mnt/data/users/haoyu/workspace/code/fpo-control/manipulation_experiments/thirdparty/robosuite/robosuite/controllers/config/robots/default_panda.json
render_gpu_device_id: 3
2026-08-09 17:42:52,498 | INFO | Video key: agentview
2026-08-09 17:42:52,499 | INFO | Using image observation keys: ['agentview']
[robosuite INFO] Loading controller configuration from: /mnt/data/users/haoyu/workspace/code/fpo-control/manipulation_experiments/thirdparty/robosuite/robosuite/controllers/config/robots/default_panda.json (composite_controller_factory.py:121)
2026-08-09 17:42:52,499 | INFO | Loading controller configuration from: /mnt/data/users/haoyu/workspace/code/fpo-control/manipulation_experiments/thirdparty/robosuite/robosuite/controllers/config/robots/default_panda.json
render_gpu_device_id: 3
2026-08-09 17:42:52,517 | INFO | Video key: agentview
2026-08-09 17:42:52,517 | INFO | Using image observation keys: ['agentview']
[robosuite INFO] Loading controller configuration from: /mnt/data/users/haoyu/workspace/code/fpo-control/manipulation_experiments/thirdparty/robosuite/robosuite/controllers/config/robots/default_panda.json (composite_controller_factory.py:121)
2026-08-09 17:42:52,517 | INFO | Loading controller configuration from: /mnt/data/users/haoyu/workspace/code/fpo-control/manipulation_experiments/thirdparty/robosuite/robosuite/controllers/config/robots/default_panda.json
render_gpu_device_id: 3
2026-08-09 17:42:52,606 | INFO | Video key: agentview
2026-08-09 17:42:52,606 | INFO | Using image observation keys: ['agentview']
[robosuite INFO] Loading controller configuration from: /mnt/data/users/haoyu/workspace/code/fpo-control/manipulation_experiments/thirdparty/robosuite/robosuite/controllers/config/robots/default_panda.json (composite_controller_factory.py:121)
2026-08-09 17:42:52,606 | INFO | Loading controller configuration from: /mnt/data/users/haoyu/workspace/code/fpo-control/manipulation_experiments/thirdparty/robosuite/robosuite/controllers/config/robots/default_panda.json
render_gpu_device_id: 3
2026-08-09 17:42:52,950 | INFO | Video key: agentview
2026-08-09 17:42:52,950 | INFO | Using image observation keys: ['agentview']
[robosuite INFO] Loading controller configuration from: /mnt/data/users/haoyu/workspace/code/fpo-control/manipulation_experiments/thirdparty/robosuite/robosuite/controllers/config/robots/default_panda.json (composite_controller_factory.py:121)
2026-08-09 17:42:52,950 | INFO | Loading controller configuration from: /mnt/data/users/haoyu/workspace/code/fpo-control/manipulation_experiments/thirdparty/robosuite/robosuite/controllers/config/robots/default_panda.json
render_gpu_device_id: 3
2026-08-09 17:42:52,978 | INFO | Video key: agentview
2026-08-09 17:42:52,978 | INFO | Using image observation keys: ['agentview']
[robosuite INFO] Loading controller configuration from: /mnt/data/users/haoyu/workspace/code/fpo-control/manipulation_experiments/thirdparty/robosuite/robosuite/controllers/config/robots/default_panda.json (composite_controller_factory.py:121)
2026-08-09 17:42:52,978 | INFO | Loading controller configuration from: /mnt/data/users/haoyu/workspace/code/fpo-control/manipulation_experiments/thirdparty/robosuite/robosuite/controllers/config/robots/default_panda.json
render_gpu_device_id: 3
2026-08-09 17:42:54,270 | INFO | Successfully created NutAssemblySquare environment via robosuite.make() with cameras at 84x84
2026-08-09 17:42:54,270 | INFO | Configured cameras: ['agentview']
2026-08-09 17:42:54,270 | INFO | Successfully created NutAssemblySquare environment via robosuite.make() with cameras at 84x84
2026-08-09 17:42:54,270 | INFO | Configured cameras: ['agentview']
2026-08-09 17:42:54,276 | INFO | Successfully created NutAssemblySquare environment via robosuite.make() with cameras at 84x84
2026-08-09 17:42:54,276 | INFO | Configured cameras: ['agentview']
2026-08-09 17:42:54,292 | INFO | Successfully created NutAssemblySquare environment via robosuite.make() with cameras at 84x84
2026-08-09 17:42:54,293 | INFO | Configured cameras: ['agentview']
2026-08-09 17:42:54,296 | INFO | Successfully created NutAssemblySquare environment via robosuite.make() with cameras at 84x84
2026-08-09 17:42:54,296 | INFO | Configured cameras: ['agentview']
2026-08-09 17:42:54,319 | INFO | Successfully created NutAssemblySquare environment via robosuite.make() with cameras at 84x84
2026-08-09 17:42:54,319 | INFO | Configured cameras: ['agentview']
2026-08-09 17:42:54,322 | INFO | Successfully created NutAssemblySquare environment via robosuite.make() with cameras at 84x84
2026-08-09 17:42:54,322 | INFO | Configured cameras: ['agentview']
2026-08-09 17:42:54,361 | INFO | Successfully created NutAssemblySquare environment via robosuite.make() with cameras at 84x84
2026-08-09 17:42:54,361 | INFO | Configured cameras: ['agentview']
2026-08-09 17:42:54,367 | INFO | Successfully created NutAssemblySquare environment via robosuite.make() with cameras at 84x84
2026-08-09 17:42:54,367 | INFO | Configured cameras: ['agentview']
2026-08-09 17:42:54,373 | INFO | Successfully created NutAssemblySquare environment via robosuite.make() with cameras at 84x84
2026-08-09 17:42:54,373 | INFO | Configured cameras: ['agentview']
2026-08-09 17:42:54,407 | INFO | Successfully created NutAssemblySquare environment via robosuite.make() with cameras at 84x84
2026-08-09 17:42:54,407 | INFO | Configured cameras: ['agentview']
2026-08-09 17:42:54,418 | INFO | Successfully created NutAssemblySquare environment via robosuite.make() with cameras at 84x84
2026-08-09 17:42:54,419 | INFO | Configured cameras: ['agentview']
2026-08-09 17:42:54,423 | INFO | Successfully created NutAssemblySquare environment via robosuite.make() with cameras at 84x84
2026-08-09 17:42:54,423 | INFO | Configured cameras: ['agentview']
2026-08-09 17:42:54,503 | INFO | Successfully created NutAssemblySquare environment via robosuite.make() with cameras at 84x84
2026-08-09 17:42:54,503 | INFO | Configured cameras: ['agentview']
2026-08-09 17:42:54,836 | INFO | Successfully created NutAssemblySquare environment via robosuite.make() with cameras at 84x84
2026-08-09 17:42:54,836 | INFO | Configured cameras: ['agentview']
2026-08-09 17:42:54,943 | INFO | Successfully created NutAssemblySquare environment via robosuite.make() with cameras at 84x84
2026-08-09 17:42:54,943 | INFO | Configured cameras: ['agentview']
2026-08-09 17:42:56,412 | INFO | Created 16 vectorized Square environments
2026-08-09 17:42:56,413 | INFO | Set video key to 'agentview' for video recording
2026-08-09 17:42:57,481 | INFO | Created observation keys: ['observation.state', 'observation.images.agentview']
2026-08-09 17:42:57,484 | INFO | Created observation keys: ['observation.state', 'observation.images.agentview']
2026-08-09 17:42:57,507 | INFO | Created observation keys: ['observation.state', 'observation.images.agentview']
2026-08-09 17:42:57,532 | INFO | Created observation keys: ['observation.state', 'observation.images.agentview']
2026-08-09 17:42:57,550 | INFO | Created observation keys: ['observation.state', 'observation.images.agentview']
2026-08-09 17:42:57,567 | INFO | Created observation keys: ['observation.state', 'observation.images.agentview']
2026-08-09 17:42:57,614 | INFO | Created observation keys: ['observation.state', 'observation.images.agentview']
2026-08-09 17:42:57,621 | INFO | Created observation keys: ['observation.state', 'observation.images.agentview']
2026-08-09 17:42:57,644 | INFO | Created observation keys: ['observation.state', 'observation.images.agentview']
2026-08-09 17:42:57,644 | INFO | Created observation keys: ['observation.state', 'observation.images.agentview']
2026-08-09 17:42:57,650 | INFO | Created observation keys: ['observation.state', 'observation.images.agentview']
2026-08-09 17:42:57,681 | INFO | Created observation keys: ['observation.state', 'observation.images.agentview']
2026-08-09 17:42:57,682 | INFO | Created observation keys: ['observation.state', 'observation.images.agentview']
2026-08-09 17:42:57,718 | INFO | Created observation keys: ['observation.state', 'observation.images.agentview']
2026-08-09 17:42:57,734 | INFO | Created observation keys: ['observation.state', 'observation.images.agentview']
2026-08-09 17:42:57,748 | INFO | Created observation keys: ['observation.state', 'observation.images.agentview']
2026-08-09 17:43:41,431 | INFO | Running vine batch 4 with 16 lanes
num_visible_gpus: 1 [3] render_override: 3
2026-08-09 17:43:41,431 | INFO | Production mode: using gymnasium.vector.AsyncVectorEnv
2026-08-09 17:43:41,431 | INFO | Video key: agentview
2026-08-09 17:43:41,431 | INFO | Using image observation keys: ['agentview']
[robosuite INFO] Loading controller configuration from: /mnt/data/users/haoyu/workspace/code/fpo-control/manipulation_experiments/thirdparty/robosuite/robosuite/controllers/config/robots/default_panda.json (composite_controller_factory.py:121)
2026-08-09 17:43:41,432 | INFO | Loading controller configuration from: /mnt/data/users/haoyu/workspace/code/fpo-control/manipulation_experiments/thirdparty/robosuite/robosuite/controllers/config/robots/default_panda.json
render_gpu_device_id: 3
2026-08-09 17:43:42,328 | INFO | Successfully created NutAssemblySquare environment via robosuite.make() with cameras at 84x84
2026-08-09 17:43:42,328 | INFO | Configured cameras: ['agentview']
[robosuite WARNING] No private macro file found! (macros.py:57)
[robosuite WARNING] It is recommended to use a private macro file (macros.py:58)
[robosuite WARNING] To setup, run: python /mnt/data/users/haoyu/workspace/code/fpo-control/manipulation_experiments/thirdparty/robosuite/robosuite/scripts/setup_macros.py (macros.py:59)
[robosuite WARNING] No private macro file found! (macros.py:57)
[robosuite WARNING] It is recommended to use a private macro file (macros.py:58)
[robosuite WARNING] To setup, run: python /mnt/data/users/haoyu/workspace/code/fpo-control/manipulation_experiments/thirdparty/robosuite/robosuite/scripts/setup_macros.py (macros.py:59)
[robosuite WARNING] No private macro file found! (macros.py:57)
[robosuite WARNING] It is recommended to use a private macro file (macros.py:58)
[robosuite WARNING] To setup, run: python /mnt/data/users/haoyu/workspace/code/fpo-control/manipulation_experiments/thirdparty/robosuite/robosuite/scripts/setup_macros.py (macros.py:59)
[robosuite WARNING] No private macro file found! (macros.py:57)
[robosuite WARNING] It is recommended to use a private macro file (macros.py:58)
[robosuite WARNING] To setup, run: python /mnt/data/users/haoyu/workspace/code/fpo-control/manipulation_experiments/thirdparty/robosuite/robosuite/scripts/setup_macros.py (macros.py:59)
[robosuite WARNING] No private macro file found! (macros.py:57)
[robosuite WARNING] It is recommended to use a private macro file (macros.py:58)
[robosuite WARNING] To setup, run: python /mnt/data/users/haoyu/workspace/code/fpo-control/manipulation_experiments/thirdparty/robosuite/robosuite/scripts/setup_macros.py (macros.py:59)
[robosuite WARNING] No private macro file found! (macros.py:57)
[robosuite WARNING] It is recommended to use a private macro file (macros.py:58)
[robosuite WARNING] To setup, run: python /mnt/data/users/haoyu/workspace/code/fpo-control/manipulation_experiments/thirdparty/robosuite/robosuite/scripts/setup_macros.py (macros.py:59)
[robosuite WARNING] No private macro file found! (macros.py:57)
[robosuite WARNING] It is recommended to use a private macro file (macros.py:58)
[robosuite WARNING] To setup, run: python /mnt/data/users/haoyu/workspace/code/fpo-control/manipulation_experiments/thirdparty/robosuite/robosuite/scripts/setup_macros.py (macros.py:59)
[robosuite WARNING] No private macro file found! (macros.py:57)
[robosuite WARNING] It is recommended to use a private macro file (macros.py:58)
[robosuite WARNING] To setup, run: python /mnt/data/users/haoyu/workspace/code/fpo-control/manipulation_experiments/thirdparty/robosuite/robosuite/scripts/setup_macros.py (macros.py:59)
[robosuite WARNING] No private macro file found! (macros.py:57)
[robosuite WARNING] It is recommended to use a private macro file (macros.py:58)
[robosuite WARNING] To setup, run: python /mnt/data/users/haoyu/workspace/code/fpo-control/manipulation_experiments/thirdparty/robosuite/robosuite/scripts/setup_macros.py (macros.py:59)
[robosuite WARNING] No private macro file found! (macros.py:57)
[robosuite WARNING] It is recommended to use a private macro file (macros.py:58)
[robosuite WARNING] To setup, run: python /mnt/data/users/haoyu/workspace/code/fpo-control/manipulation_experiments/thirdparty/robosuite/robosuite/scripts/setup_macros.py (macros.py:59)
[robosuite WARNING] No private macro file found! (macros.py:57)
[robosuite WARNING] It is recommended to use a private macro file (macros.py:58)
[robosuite WARNING] To setup, run: python /mnt/data/users/haoyu/workspace/code/fpo-control/manipulation_experiments/thirdparty/robosuite/robosuite/scripts/setup_macros.py (macros.py:59)
[robosuite WARNING] No private macro file found! (macros.py:57)
[robosuite WARNING] It is recommended to use a private macro file (macros.py:58)
[robosuite WARNING] To setup, run: python /mnt/data/users/haoyu/workspace/code/fpo-control/manipulation_experiments/thirdparty/robosuite/robosuite/scripts/setup_macros.py (macros.py:59)
[robosuite WARNING] No private macro file found! (macros.py:57)
[robosuite WARNING] It is recommended to use a private macro file (macros.py:58)
[robosuite WARNING] To setup, run: python /mnt/data/users/haoyu/workspace/code/fpo-control/manipulation_experiments/thirdparty/robosuite/robosuite/scripts/setup_macros.py (macros.py:59)
[robosuite WARNING] No private macro file found! (macros.py:57)
[robosuite WARNING] It is recommended to use a private macro file (macros.py:58)
[robosuite WARNING] To setup, run: python /mnt/data/users/haoyu/workspace/code/fpo-control/manipulation_experiments/thirdparty/robosuite/robosuite/scripts/setup_macros.py (macros.py:59)
[robosuite WARNING] No private macro file found! (macros.py:57)
[robosuite WARNING] It is recommended to use a private macro file (macros.py:58)
[robosuite WARNING] To setup, run: python /mnt/data/users/haoyu/workspace/code/fpo-control/manipulation_experiments/thirdparty/robosuite/robosuite/scripts/setup_macros.py (macros.py:59)
[robosuite WARNING] No private macro file found! (macros.py:57)
[robosuite WARNING] It is recommended to use a private macro file (macros.py:58)
[robosuite WARNING] To setup, run: python /mnt/data/users/haoyu/workspace/code/fpo-control/manipulation_experiments/thirdparty/robosuite/robosuite/scripts/setup_macros.py (macros.py:59)
[robosuite WARNING] Could not import robosuite_models. Some robots may not be available. If you want to use these robots, please install robosuite_models from source (https://github.com/ARISE-Initiative/robosuite_models) or through pip install. (__init__.py:30)
[robosuite WARNING] Could not import robosuite_models. Some robots may not be available. If you want to use these robots, please install robosuite_models from source (https://github.com/ARISE-Initiative/robosuite_models) or through pip install. (__init__.py:30)
[robosuite WARNING] Could not import robosuite_models. Some robots may not be available. If you want to use these robots, please install robosuite_models from source (https://github.com/ARISE-Initiative/robosuite_models) or through pip install. (__init__.py:30)
[robosuite WARNING] Could not import robosuite_models. Some robots may not be available. If you want to use these robots, please install robosuite_models from source (https://github.com/ARISE-Initiative/robosuite_models) or through pip install. (__init__.py:30)
[robosuite WARNING] Could not import robosuite_models. Some robots may not be available. If you want to use these robots, please install robosuite_models from source (https://github.com/ARISE-Initiative/robosuite_models) or through pip install. (__init__.py:30)
[robosuite WARNING] Could not import robosuite_models. Some robots may not be available. If you want to use these robots, please install robosuite_models from source (https://github.com/ARISE-Initiative/robosuite_models) or through pip install. (__init__.py:30)
[robosuite WARNING] Could not import robosuite_models. Some robots may not be available. If you want to use these robots, please install robosuite_models from source (https://github.com/ARISE-Initiative/robosuite_models) or through pip install. (__init__.py:30)
[robosuite WARNING] Could not import robosuite_models. Some robots may not be available. If you want to use these robots, please install robosuite_models from source (https://github.com/ARISE-Initiative/robosuite_models) or through pip install. (__init__.py:30)
[robosuite WARNING] Could not import robosuite_models. Some robots may not be available. If you want to use these robots, please install robosuite_models from source (https://github.com/ARISE-Initiative/robosuite_models) or through pip install. (__init__.py:30)
[robosuite WARNING] Could not import robosuite_models. Some robots may not be available. If you want to use these robots, please install robosuite_models from source (https://github.com/ARISE-Initiative/robosuite_models) or through pip install. (__init__.py:30)
[robosuite WARNING] Could not import robosuite_models. Some robots may not be available. If you want to use these robots, please install robosuite_models from source (https://github.com/ARISE-Initiative/robosuite_models) or through pip install. (__init__.py:30)
[robosuite WARNING] Could not import robosuite_models. Some robots may not be available. If you want to use these robots, please install robosuite_models from source (https://github.com/ARISE-Initiative/robosuite_models) or through pip install. (__init__.py:30)
[robosuite WARNING] Could not import robosuite_models. Some robots may not be available. If you want to use these robots, please install robosuite_models from source (https://github.com/ARISE-Initiative/robosuite_models) or through pip install. (__init__.py:30)
[robosuite WARNING] Could not import robosuite_models. Some robots may not be available. If you want to use these robots, please install robosuite_models from source (https://github.com/ARISE-Initiative/robosuite_models) or through pip install. (__init__.py:30)
[robosuite WARNING] Could not import robosuite_models. Some robots may not be available. If you want to use these robots, please install robosuite_models from source (https://github.com/ARISE-Initiative/robosuite_models) or through pip install. (__init__.py:30)
[robosuite WARNING] Could not import robosuite_models. Some robots may not be available. If you want to use these robots, please install robosuite_models from source (https://github.com/ARISE-Initiative/robosuite_models) or through pip install. (__init__.py:30)
2026-08-09 17:43:50,358 | INFO | Video key: agentview
2026-08-09 17:43:50,358 | INFO | Video key: agentview
2026-08-09 17:43:50,358 | INFO | Video key: agentview
2026-08-09 17:43:50,358 | INFO | Video key: agentview
2026-08-09 17:43:50,358 | INFO | Using image observation keys: ['agentview']
2026-08-09 17:43:50,358 | INFO | Using image observation keys: ['agentview']
2026-08-09 17:43:50,358 | INFO | Video key: agentview
2026-08-09 17:43:50,358 | INFO | Video key: agentview
2026-08-09 17:43:50,358 | INFO | Using image observation keys: ['agentview']
2026-08-09 17:43:50,358 | INFO | Video key: agentview
2026-08-09 17:43:50,358 | INFO | Using image observation keys: ['agentview']
2026-08-09 17:43:50,358 | INFO | Using image observation keys: ['agentview']
2026-08-09 17:43:50,358 | INFO | Using image observation keys: ['agentview']
2026-08-09 17:43:50,358 | INFO | Using image observation keys: ['agentview']
2026-08-09 17:43:50,358 | INFO | Video key: agentview
2026-08-09 17:43:50,358 | INFO | Video key: agentview
2026-08-09 17:43:50,358 | INFO | Video key: agentview
2026-08-09 17:43:50,358 | INFO | Video key: agentview
2026-08-09 17:43:50,358 | INFO | Using image observation keys: ['agentview']
2026-08-09 17:43:50,358 | INFO | Using image observation keys: ['agentview']
2026-08-09 17:43:50,358 | INFO | Using image observation keys: ['agentview']
2026-08-09 17:43:50,358 | INFO | Video key: agentview
2026-08-09 17:43:50,358 | INFO | Using image observation keys: ['agentview']
2026-08-09 17:43:50,358 | INFO | Using image observation keys: ['agentview']
2026-08-09 17:43:50,358 | INFO | Video key: agentview
2026-08-09 17:43:50,358 | INFO | Video key: agentview
2026-08-09 17:43:50,358 | INFO | Using image observation keys: ['agentview']
2026-08-09 17:43:50,358 | INFO | Using image observation keys: ['agentview']
[robosuite INFO] Loading controller configuration from: /mnt/data/users/haoyu/workspace/code/fpo-control/manipulation_experiments/thirdparty/robosuite/robosuite/controllers/config/robots/default_panda.json (composite_controller_factory.py:121)
2026-08-09 17:43:50,358 | INFO | Loading controller configuration from: /mnt/data/users/haoyu/workspace/code/fpo-control/manipulation_experiments/thirdparty/robosuite/robosuite/controllers/config/robots/default_panda.json
[robosuite INFO] Loading controller configuration from: /mnt/data/users/haoyu/workspace/code/fpo-control/manipulation_experiments/thirdparty/robosuite/robosuite/controllers/config/robots/default_panda.json (composite_controller_factory.py:121)
2026-08-09 17:43:50,358 | INFO | Loading controller configuration from: /mnt/data/users/haoyu/workspace/code/fpo-control/manipulation_experiments/thirdparty/robosuite/robosuite/controllers/config/robots/default_panda.json
render_gpu_device_id: 3
render_gpu_device_id: 3
[robosuite INFO] Loading controller configuration from: /mnt/data/users/haoyu/workspace/code/fpo-control/manipulation_experiments/thirdparty/robosuite/robosuite/controllers/config/robots/default_panda.json (composite_controller_factory.py:121)
[robosuite INFO] Loading controller configuration from: /mnt/data/users/haoyu/workspace/code/fpo-control/manipulation_experiments/thirdparty/robosuite/robosuite/controllers/config/robots/default_panda.json (composite_controller_factory.py:121)
2026-08-09 17:43:50,358 | INFO | Loading controller configuration from: /mnt/data/users/haoyu/workspace/code/fpo-control/manipulation_experiments/thirdparty/robosuite/robosuite/controllers/config/robots/default_panda.json
2026-08-09 17:43:50,358 | INFO | Loading controller configuration from: /mnt/data/users/haoyu/workspace/code/fpo-control/manipulation_experiments/thirdparty/robosuite/robosuite/controllers/config/robots/default_panda.json
[robosuite INFO] Loading controller configuration from: /mnt/data/users/haoyu/workspace/code/fpo-control/manipulation_experiments/thirdparty/robosuite/robosuite/controllers/config/robots/default_panda.json (composite_controller_factory.py:121)
[robosuite INFO] Loading controller configuration from: /mnt/data/users/haoyu/workspace/code/fpo-control/manipulation_experiments/thirdparty/robosuite/robosuite/controllers/config/robots/default_panda.json (composite_controller_factory.py:121)
2026-08-09 17:43:50,358 | INFO | Loading controller configuration from: /mnt/data/users/haoyu/workspace/code/fpo-control/manipulation_experiments/thirdparty/robosuite/robosuite/controllers/config/robots/default_panda.json
render_gpu_device_id: 3
[robosuite INFO] Loading controller configuration from: /mnt/data/users/haoyu/workspace/code/fpo-control/manipulation_experiments/thirdparty/robosuite/robosuite/controllers/config/robots/default_panda.json (composite_controller_factory.py:121)
render_gpu_device_id: 32026-08-09 17:43:50,358 | INFO | Loading controller configuration from: /mnt/data/users/haoyu/workspace/code/fpo-control/manipulation_experiments/thirdparty/robosuite/robosuite/controllers/config/robots/default_panda.json

2026-08-09 17:43:50,358 | INFO | Loading controller configuration from: /mnt/data/users/haoyu/workspace/code/fpo-control/manipulation_experiments/thirdparty/robosuite/robosuite/controllers/config/robots/default_panda.json
[robosuite INFO] Loading controller configuration from: /mnt/data/users/haoyu/workspace/code/fpo-control/manipulation_experiments/thirdparty/robosuite/robosuite/controllers/config/robots/default_panda.json (composite_controller_factory.py:121)
render_gpu_device_id: 3
2026-08-09 17:43:50,358 | INFO | Loading controller configuration from: /mnt/data/users/haoyu/workspace/code/fpo-control/manipulation_experiments/thirdparty/robosuite/robosuite/controllers/config/robots/default_panda.json
[robosuite INFO] Loading controller configuration from: /mnt/data/users/haoyu/workspace/code/fpo-control/manipulation_experiments/thirdparty/robosuite/robosuite/controllers/config/robots/default_panda.json (composite_controller_factory.py:121)
render_gpu_device_id: 3
[robosuite INFO] Loading controller configuration from: /mnt/data/users/haoyu/workspace/code/fpo-control/manipulation_experiments/thirdparty/robosuite/robosuite/controllers/config/robots/default_panda.json (composite_controller_factory.py:121)
render_gpu_device_id: 3
2026-08-09 17:43:50,358 | INFO | Loading controller configuration from: /mnt/data/users/haoyu/workspace/code/fpo-control/manipulation_experiments/thirdparty/robosuite/robosuite/controllers/config/robots/default_panda.json
2026-08-09 17:43:50,358 | INFO | Loading controller configuration from: /mnt/data/users/haoyu/workspace/code/fpo-control/manipulation_experiments/thirdparty/robosuite/robosuite/controllers/config/robots/default_panda.json
render_gpu_device_id: 3
[robosuite INFO] Loading controller configuration from: /mnt/data/users/haoyu/workspace/code/fpo-control/manipulation_experiments/thirdparty/robosuite/robosuite/controllers/config/robots/default_panda.json (composite_controller_factory.py:121)
render_gpu_device_id: 3
render_gpu_device_id: 3
2026-08-09 17:43:50,359 | INFO | Loading controller configuration from: /mnt/data/users/haoyu/workspace/code/fpo-control/manipulation_experiments/thirdparty/robosuite/robosuite/controllers/config/robots/default_panda.json
[robosuite INFO] Loading controller configuration from: /mnt/data/users/haoyu/workspace/code/fpo-control/manipulation_experiments/thirdparty/robosuite/robosuite/controllers/config/robots/default_panda.json (composite_controller_factory.py:121)
2026-08-09 17:43:50,359 | INFO | Loading controller configuration from: /mnt/data/users/haoyu/workspace/code/fpo-control/manipulation_experiments/thirdparty/robosuite/robosuite/controllers/config/robots/default_panda.json
[robosuite INFO] Loading controller configuration from: /mnt/data/users/haoyu/workspace/code/fpo-control/manipulation_experiments/thirdparty/robosuite/robosuite/controllers/config/robots/default_panda.json (composite_controller_factory.py:121)
render_gpu_device_id: 3
[robosuite INFO] Loading controller configuration from: /mnt/data/users/haoyu/workspace/code/fpo-control/manipulation_experiments/thirdparty/robosuite/robosuite/controllers/config/robots/default_panda.json (composite_controller_factory.py:121)
2026-08-09 17:43:50,359 | INFO | Loading controller configuration from: /mnt/data/users/haoyu/workspace/code/fpo-control/manipulation_experiments/thirdparty/robosuite/robosuite/controllers/config/robots/default_panda.json
render_gpu_device_id: 32026-08-09 17:43:50,359 | INFO | Loading controller configuration from: /mnt/data/users/haoyu/workspace/code/fpo-control/manipulation_experiments/thirdparty/robosuite/robosuite/controllers/config/robots/default_panda.json

render_gpu_device_id: 3
render_gpu_device_id: 3
2026-08-09 17:43:50,369 | INFO | Video key: agentview
2026-08-09 17:43:50,369 | INFO | Using image observation keys: ['agentview']
[robosuite INFO] Loading controller configuration from: /mnt/data/users/haoyu/workspace/code/fpo-control/manipulation_experiments/thirdparty/robosuite/robosuite/controllers/config/robots/default_panda.json (composite_controller_factory.py:121)
2026-08-09 17:43:50,369 | INFO | Loading controller configuration from: /mnt/data/users/haoyu/workspace/code/fpo-control/manipulation_experiments/thirdparty/robosuite/robosuite/controllers/config/robots/default_panda.json
render_gpu_device_id: 3
2026-08-09 17:43:50,406 | INFO | Video key: agentview
2026-08-09 17:43:50,406 | INFO | Using image observation keys: ['agentview']
[robosuite INFO] Loading controller configuration from: /mnt/data/users/haoyu/workspace/code/fpo-control/manipulation_experiments/thirdparty/robosuite/robosuite/controllers/config/robots/default_panda.json (composite_controller_factory.py:121)
2026-08-09 17:43:50,406 | INFO | Loading controller configuration from: /mnt/data/users/haoyu/workspace/code/fpo-control/manipulation_experiments/thirdparty/robosuite/robosuite/controllers/config/robots/default_panda.json
render_gpu_device_id: 3
2026-08-09 17:43:52,244 | INFO | Successfully created NutAssemblySquare environment via robosuite.make() with cameras at 84x84
2026-08-09 17:43:52,244 | INFO | Configured cameras: ['agentview']
2026-08-09 17:43:52,251 | INFO | Successfully created NutAssemblySquare environment via robosuite.make() with cameras at 84x84
2026-08-09 17:43:52,251 | INFO | Configured cameras: ['agentview']
2026-08-09 17:43:52,251 | INFO | Successfully created NutAssemblySquare environment via robosuite.make() with cameras at 84x84
2026-08-09 17:43:52,251 | INFO | Configured cameras: ['agentview']
2026-08-09 17:43:52,261 | INFO | Successfully created NutAssemblySquare environment via robosuite.make() with cameras at 84x84
2026-08-09 17:43:52,261 | INFO | Configured cameras: ['agentview']
2026-08-09 17:43:52,262 | INFO | Successfully created NutAssemblySquare environment via robosuite.make() with cameras at 84x84
2026-08-09 17:43:52,262 | INFO | Configured cameras: ['agentview']
2026-08-09 17:43:52,264 | INFO | Successfully created NutAssemblySquare environment via robosuite.make() with cameras at 84x84
2026-08-09 17:43:52,264 | INFO | Configured cameras: ['agentview']
2026-08-09 17:43:52,264 | INFO | Successfully created NutAssemblySquare environment via robosuite.make() with cameras at 84x84
2026-08-09 17:43:52,264 | INFO | Configured cameras: ['agentview']
2026-08-09 17:43:52,265 | INFO | Successfully created NutAssemblySquare environment via robosuite.make() with cameras at 84x84
2026-08-09 17:43:52,265 | INFO | Configured cameras: ['agentview']
2026-08-09 17:43:52,267 | INFO | Successfully created NutAssemblySquare environment via robosuite.make() with cameras at 84x84
2026-08-09 17:43:52,267 | INFO | Configured cameras: ['agentview']
2026-08-09 17:43:52,271 | INFO | Successfully created NutAssemblySquare environment via robosuite.make() with cameras at 84x84
2026-08-09 17:43:52,271 | INFO | Configured cameras: ['agentview']
2026-08-09 17:43:52,277 | INFO | Successfully created NutAssemblySquare environment via robosuite.make() with cameras at 84x84
2026-08-09 17:43:52,277 | INFO | Configured cameras: ['agentview']
2026-08-09 17:43:52,295 | INFO | Successfully created NutAssemblySquare environment via robosuite.make() with cameras at 84x84
2026-08-09 17:43:52,295 | INFO | Configured cameras: ['agentview']
2026-08-09 17:43:52,319 | INFO | Successfully created NutAssemblySquare environment via robosuite.make() with cameras at 84x84
2026-08-09 17:43:52,319 | INFO | Configured cameras: ['agentview']
2026-08-09 17:43:52,342 | INFO | Successfully created NutAssemblySquare environment via robosuite.make() with cameras at 84x84
2026-08-09 17:43:52,342 | INFO | Configured cameras: ['agentview']
2026-08-09 17:43:52,361 | INFO | Successfully created NutAssemblySquare environment via robosuite.make() with cameras at 84x84
2026-08-09 17:43:52,362 | INFO | Configured cameras: ['agentview']
2026-08-09 17:43:52,374 | INFO | Successfully created NutAssemblySquare environment via robosuite.make() with cameras at 84x84
2026-08-09 17:43:52,374 | INFO | Configured cameras: ['agentview']
2026-08-09 17:43:53,690 | INFO | Created 16 vectorized Square environments
2026-08-09 17:43:53,690 | INFO | Set video key to 'agentview' for video recording
2026-08-09 17:43:54,750 | INFO | Created observation keys: ['observation.state', 'observation.images.agentview']
2026-08-09 17:43:54,776 | INFO | Created observation keys: ['observation.state', 'observation.images.agentview']
2026-08-09 17:43:54,790 | INFO | Created observation keys: ['observation.state', 'observation.images.agentview']
2026-08-09 17:43:54,815 | INFO | Created observation keys: ['observation.state', 'observation.images.agentview']
2026-08-09 17:43:54,845 | INFO | Created observation keys: ['observation.state', 'observation.images.agentview']
2026-08-09 17:43:54,846 | INFO | Created observation keys: ['observation.state', 'observation.images.agentview']
2026-08-09 17:43:54,849 | INFO | Created observation keys: ['observation.state', 'observation.images.agentview']
2026-08-09 17:43:54,857 | INFO | Created observation keys: ['observation.state', 'observation.images.agentview']
2026-08-09 17:43:54,893 | INFO | Created observation keys: ['observation.state', 'observation.images.agentview']
2026-08-09 17:43:54,905 | INFO | Created observation keys: ['observation.state', 'observation.images.agentview']
2026-08-09 17:43:54,909 | INFO | Created observation keys: ['observation.state', 'observation.images.agentview']
2026-08-09 17:43:54,939 | INFO | Created observation keys: ['observation.state', 'observation.images.agentview']
2026-08-09 17:43:54,944 | INFO | Created observation keys: ['observation.state', 'observation.images.agentview']
2026-08-09 17:43:54,961 | INFO | Created observation keys: ['observation.state', 'observation.images.agentview']
2026-08-09 17:43:55,008 | INFO | Created observation keys: ['observation.state', 'observation.images.agentview']
2026-08-09 17:43:55,037 | INFO | Created observation keys: ['observation.state', 'observation.images.agentview']
2026-08-09 17:44:40,121 | INFO | Running vine batch 5 with 16 lanes
num_visible_gpus: 1 [3] render_override: 3
2026-08-09 17:44:40,121 | INFO | Production mode: using gymnasium.vector.AsyncVectorEnv
2026-08-09 17:44:40,121 | INFO | Video key: agentview
2026-08-09 17:44:40,121 | INFO | Using image observation keys: ['agentview']
[robosuite INFO] Loading controller configuration from: /mnt/data/users/haoyu/workspace/code/fpo-control/manipulation_experiments/thirdparty/robosuite/robosuite/controllers/config/robots/default_panda.json (composite_controller_factory.py:121)
2026-08-09 17:44:40,122 | INFO | Loading controller configuration from: /mnt/data/users/haoyu/workspace/code/fpo-control/manipulation_experiments/thirdparty/robosuite/robosuite/controllers/config/robots/default_panda.json
render_gpu_device_id: 3
2026-08-09 17:44:41,015 | INFO | Successfully created NutAssemblySquare environment via robosuite.make() with cameras at 84x84
2026-08-09 17:44:41,016 | INFO | Configured cameras: ['agentview']
[robosuite WARNING] No private macro file found! (macros.py:57)
[robosuite WARNING] It is recommended to use a private macro file (macros.py:58)
[robosuite WARNING] To setup, run: python /mnt/data/users/haoyu/workspace/code/fpo-control/manipulation_experiments/thirdparty/robosuite/robosuite/scripts/setup_macros.py (macros.py:59)
[robosuite WARNING] No private macro file found! (macros.py:57)
[robosuite WARNING] It is recommended to use a private macro file (macros.py:58)
[robosuite WARNING] To setup, run: python /mnt/data/users/haoyu/workspace/code/fpo-control/manipulation_experiments/thirdparty/robosuite/robosuite/scripts/setup_macros.py (macros.py:59)
[robosuite WARNING] No private macro file found! (macros.py:57)
[robosuite WARNING] It is recommended to use a private macro file (macros.py:58)
[robosuite WARNING] To setup, run: python /mnt/data/users/haoyu/workspace/code/fpo-control/manipulation_experiments/thirdparty/robosuite/robosuite/scripts/setup_macros.py (macros.py:59)
[robosuite WARNING] No private macro file found! (macros.py:57)
[robosuite WARNING] It is recommended to use a private macro file (macros.py:58)
[robosuite WARNING] To setup, run: python /mnt/data/users/haoyu/workspace/code/fpo-control/manipulation_experiments/thirdparty/robosuite/robosuite/scripts/setup_macros.py (macros.py:59)
[robosuite WARNING] No private macro file found! (macros.py:57)
[robosuite WARNING] It is recommended to use a private macro file (macros.py:58)
[robosuite WARNING] To setup, run: python /mnt/data/users/haoyu/workspace/code/fpo-control/manipulation_experiments/thirdparty/robosuite/robosuite/scripts/setup_macros.py (macros.py:59)
[robosuite WARNING] No private macro file found! (macros.py:57)
[robosuite WARNING] It is recommended to use a private macro file (macros.py:58)
[robosuite WARNING] To setup, run: python /mnt/data/users/haoyu/workspace/code/fpo-control/manipulation_experiments/thirdparty/robosuite/robosuite/scripts/setup_macros.py (macros.py:59)
[robosuite WARNING] No private macro file found! (macros.py:57)
[robosuite WARNING] It is recommended to use a private macro file (macros.py:58)
[robosuite WARNING] To setup, run: python /mnt/data/users/haoyu/workspace/code/fpo-control/manipulation_experiments/thirdparty/robosuite/robosuite/scripts/setup_macros.py (macros.py:59)
[robosuite WARNING] No private macro file found! (macros.py:57)
[robosuite WARNING] It is recommended to use a private macro file (macros.py:58)
[robosuite WARNING] To setup, run: python /mnt/data/users/haoyu/workspace/code/fpo-control/manipulation_experiments/thirdparty/robosuite/robosuite/scripts/setup_macros.py (macros.py:59)
[robosuite WARNING] No private macro file found! (macros.py:57)
[robosuite WARNING] No private macro file found! (macros.py:57)
[robosuite WARNING] It is recommended to use a private macro file (macros.py:58)
[robosuite WARNING] To setup, run: python /mnt/data/users/haoyu/workspace/code/fpo-control/manipulation_experiments/thirdparty/robosuite/robosuite/scripts/setup_macros.py (macros.py:59)
[robosuite WARNING] It is recommended to use a private macro file (macros.py:58)
[robosuite WARNING] To setup, run: python /mnt/data/users/haoyu/workspace/code/fpo-control/manipulation_experiments/thirdparty/robosuite/robosuite/scripts/setup_macros.py (macros.py:59)
[robosuite WARNING] No private macro file found! (macros.py:57)
[robosuite WARNING] It is recommended to use a private macro file (macros.py:58)
[robosuite WARNING] To setup, run: python /mnt/data/users/haoyu/workspace/code/fpo-control/manipulation_experiments/thirdparty/robosuite/robosuite/scripts/setup_macros.py (macros.py:59)
[robosuite WARNING] No private macro file found! (macros.py:57)
[robosuite WARNING] It is recommended to use a private macro file (macros.py:58)
[robosuite WARNING] To setup, run: python /mnt/data/users/haoyu/workspace/code/fpo-control/manipulation_experiments/thirdparty/robosuite/robosuite/scripts/setup_macros.py (macros.py:59)
[robosuite WARNING] No private macro file found! (macros.py:57)
[robosuite WARNING] It is recommended to use a private macro file (macros.py:58)
[robosuite WARNING] To setup, run: python /mnt/data/users/haoyu/workspace/code/fpo-control/manipulation_experiments/thirdparty/robosuite/robosuite/scripts/setup_macros.py (macros.py:59)
[robosuite WARNING] No private macro file found! (macros.py:57)
[robosuite WARNING] It is recommended to use a private macro file (macros.py:58)
[robosuite WARNING] To setup, run: python /mnt/data/users/haoyu/workspace/code/fpo-control/manipulation_experiments/thirdparty/robosuite/robosuite/scripts/setup_macros.py (macros.py:59)
[robosuite WARNING] No private macro file found! (macros.py:57)
[robosuite WARNING] It is recommended to use a private macro file (macros.py:58)
[robosuite WARNING] To setup, run: python /mnt/data/users/haoyu/workspace/code/fpo-control/manipulation_experiments/thirdparty/robosuite/robosuite/scripts/setup_macros.py (macros.py:59)
[robosuite WARNING] No private macro file found! (macros.py:57)
[robosuite WARNING] It is recommended to use a private macro file (macros.py:58)
[robosuite WARNING] To setup, run: python /mnt/data/users/haoyu/workspace/code/fpo-control/manipulation_experiments/thirdparty/robosuite/robosuite/scripts/setup_macros.py (macros.py:59)
[robosuite WARNING] Could not import robosuite_models. Some robots may not be available. If you want to use these robots, please install robosuite_models from source (https://github.com/ARISE-Initiative/robosuite_models) or through pip install. (__init__.py:30)
[robosuite WARNING] Could not import robosuite_models. Some robots may not be available. If you want to use these robots, please install robosuite_models from source (https://github.com/ARISE-Initiative/robosuite_models) or through pip install. (__init__.py:30)
[robosuite WARNING] Could not import robosuite_models. Some robots may not be available. If you want to use these robots, please install robosuite_models from source (https://github.com/ARISE-Initiative/robosuite_models) or through pip install. (__init__.py:30)
[robosuite WARNING] Could not import robosuite_models. Some robots may not be available. If you want to use these robots, please install robosuite_models from source (https://github.com/ARISE-Initiative/robosuite_models) or through pip install. (__init__.py:30)
[robosuite WARNING] Could not import robosuite_models. Some robots may not be available. If you want to use these robots, please install robosuite_models from source (https://github.com/ARISE-Initiative/robosuite_models) or through pip install. (__init__.py:30)
[robosuite WARNING] Could not import robosuite_models. Some robots may not be available. If you want to use these robots, please install robosuite_models from source (https://github.com/ARISE-Initiative/robosuite_models) or through pip install. (__init__.py:30)
[robosuite WARNING] Could not import robosuite_models. Some robots may not be available. If you want to use these robots, please install robosuite_models from source (https://github.com/ARISE-Initiative/robosuite_models) or through pip install. (__init__.py:30)
[robosuite WARNING] Could not import robosuite_models. Some robots may not be available. If you want to use these robots, please install robosuite_models from source (https://github.com/ARISE-Initiative/robosuite_models) or through pip install. (__init__.py:30)
[robosuite WARNING] Could not import robosuite_models. Some robots may not be available. If you want to use these robots, please install robosuite_models from source (https://github.com/ARISE-Initiative/robosuite_models) or through pip install. (__init__.py:30)
[robosuite WARNING] Could not import robosuite_models. Some robots may not be available. If you want to use these robots, please install robosuite_models from source (https://github.com/ARISE-Initiative/robosuite_models) or through pip install. (__init__.py:30)
[robosuite WARNING] Could not import robosuite_models. Some robots may not be available. If you want to use these robots, please install robosuite_models from source (https://github.com/ARISE-Initiative/robosuite_models) or through pip install. (__init__.py:30)
[robosuite WARNING] Could not import robosuite_models. Some robots may not be available. If you want to use these robots, please install robosuite_models from source (https://github.com/ARISE-Initiative/robosuite_models) or through pip install. (__init__.py:30)
[robosuite WARNING] Could not import robosuite_models. Some robots may not be available. If you want to use these robots, please install robosuite_models from source (https://github.com/ARISE-Initiative/robosuite_models) or through pip install. (__init__.py:30)
[robosuite WARNING] Could not import robosuite_models. Some robots may not be available. If you want to use these robots, please install robosuite_models from source (https://github.com/ARISE-Initiative/robosuite_models) or through pip install. (__init__.py:30)
[robosuite WARNING] Could not import robosuite_models. Some robots may not be available. If you want to use these robots, please install robosuite_models from source (https://github.com/ARISE-Initiative/robosuite_models) or through pip install. (__init__.py:30)
[robosuite WARNING] Could not import robosuite_models. Some robots may not be available. If you want to use these robots, please install robosuite_models from source (https://github.com/ARISE-Initiative/robosuite_models) or through pip install. (__init__.py:30)
2026-08-09 17:44:49,886 | INFO | Video key: agentview
2026-08-09 17:44:49,886 | INFO | Using image observation keys: ['agentview']
[robosuite INFO] Loading controller configuration from: /mnt/data/users/haoyu/workspace/code/fpo-control/manipulation_experiments/thirdparty/robosuite/robosuite/controllers/config/robots/default_panda.json (composite_controller_factory.py:121)
2026-08-09 17:44:49,886 | INFO | Loading controller configuration from: /mnt/data/users/haoyu/workspace/code/fpo-control/manipulation_experiments/thirdparty/robosuite/robosuite/controllers/config/robots/default_panda.json
render_gpu_device_id: 3
2026-08-09 17:44:49,896 | INFO | Video key: agentview
2026-08-09 17:44:49,896 | INFO | Using image observation keys: ['agentview']
[robosuite INFO] Loading controller configuration from: /mnt/data/users/haoyu/workspace/code/fpo-control/manipulation_experiments/thirdparty/robosuite/robosuite/controllers/config/robots/default_panda.json (composite_controller_factory.py:121)
2026-08-09 17:44:49,896 | INFO | Loading controller configuration from: /mnt/data/users/haoyu/workspace/code/fpo-control/manipulation_experiments/thirdparty/robosuite/robosuite/controllers/config/robots/default_panda.json
render_gpu_device_id: 3
2026-08-09 17:44:49,907 | INFO | Video key: agentview
2026-08-09 17:44:49,907 | INFO | Using image observation keys: ['agentview']
[robosuite INFO] Loading controller configuration from: /mnt/data/users/haoyu/workspace/code/fpo-control/manipulation_experiments/thirdparty/robosuite/robosuite/controllers/config/robots/default_panda.json (composite_controller_factory.py:121)
2026-08-09 17:44:49,907 | INFO | Loading controller configuration from: /mnt/data/users/haoyu/workspace/code/fpo-control/manipulation_experiments/thirdparty/robosuite/robosuite/controllers/config/robots/default_panda.json
render_gpu_device_id: 3
2026-08-09 17:44:49,907 | INFO | Video key: agentview
2026-08-09 17:44:49,907 | INFO | Using image observation keys: ['agentview']
[robosuite INFO] Loading controller configuration from: /mnt/data/users/haoyu/workspace/code/fpo-control/manipulation_experiments/thirdparty/robosuite/robosuite/controllers/config/robots/default_panda.json (composite_controller_factory.py:121)
2026-08-09 17:44:49,908 | INFO | Loading controller configuration from: /mnt/data/users/haoyu/workspace/code/fpo-control/manipulation_experiments/thirdparty/robosuite/robosuite/controllers/config/robots/default_panda.json
render_gpu_device_id: 3
2026-08-09 17:44:49,909 | INFO | Video key: agentview
2026-08-09 17:44:49,909 | INFO | Using image observation keys: ['agentview']
[robosuite INFO] Loading controller configuration from: /mnt/data/users/haoyu/workspace/code/fpo-control/manipulation_experiments/thirdparty/robosuite/robosuite/controllers/config/robots/default_panda.json (composite_controller_factory.py:121)
2026-08-09 17:44:49,910 | INFO | Loading controller configuration from: /mnt/data/users/haoyu/workspace/code/fpo-control/manipulation_experiments/thirdparty/robosuite/robosuite/controllers/config/robots/default_panda.json
render_gpu_device_id: 3
2026-08-09 17:44:49,941 | INFO | Video key: agentview
2026-08-09 17:44:49,941 | INFO | Using image observation keys: ['agentview']
[robosuite INFO] Loading controller configuration from: /mnt/data/users/haoyu/workspace/code/fpo-control/manipulation_experiments/thirdparty/robosuite/robosuite/controllers/config/robots/default_panda.json (composite_controller_factory.py:121)
2026-08-09 17:44:49,941 | INFO | Loading controller configuration from: /mnt/data/users/haoyu/workspace/code/fpo-control/manipulation_experiments/thirdparty/robosuite/robosuite/controllers/config/robots/default_panda.json
render_gpu_device_id: 3
2026-08-09 17:44:49,993 | INFO | Video key: agentview
2026-08-09 17:44:49,993 | INFO | Using image observation keys: ['agentview']
[robosuite INFO] Loading controller configuration from: /mnt/data/users/haoyu/workspace/code/fpo-control/manipulation_experiments/thirdparty/robosuite/robosuite/controllers/config/robots/default_panda.json (composite_controller_factory.py:121)
2026-08-09 17:44:49,994 | INFO | Loading controller configuration from: /mnt/data/users/haoyu/workspace/code/fpo-control/manipulation_experiments/thirdparty/robosuite/robosuite/controllers/config/robots/default_panda.json
render_gpu_device_id: 3
2026-08-09 17:44:50,027 | INFO | Video key: agentview
2026-08-09 17:44:50,027 | INFO | Using image observation keys: ['agentview']
[robosuite INFO] Loading controller configuration from: /mnt/data/users/haoyu/workspace/code/fpo-control/manipulation_experiments/thirdparty/robosuite/robosuite/controllers/config/robots/default_panda.json (composite_controller_factory.py:121)
2026-08-09 17:44:50,027 | INFO | Loading controller configuration from: /mnt/data/users/haoyu/workspace/code/fpo-control/manipulation_experiments/thirdparty/robosuite/robosuite/controllers/config/robots/default_panda.json
render_gpu_device_id: 3
2026-08-09 17:44:50,034 | INFO | Video key: agentview
2026-08-09 17:44:50,034 | INFO | Using image observation keys: ['agentview']
2026-08-09 17:44:50,034 | INFO | Video key: agentview
2026-08-09 17:44:50,034 | INFO | Using image observation keys: ['agentview']
[robosuite INFO] Loading controller configuration from: /mnt/data/users/haoyu/workspace/code/fpo-control/manipulation_experiments/thirdparty/robosuite/robosuite/controllers/config/robots/default_panda.json (composite_controller_factory.py:121)
2026-08-09 17:44:50,034 | INFO | Loading controller configuration from: /mnt/data/users/haoyu/workspace/code/fpo-control/manipulation_experiments/thirdparty/robosuite/robosuite/controllers/config/robots/default_panda.json
render_gpu_device_id: 3
[robosuite INFO] Loading controller configuration from: /mnt/data/users/haoyu/workspace/code/fpo-control/manipulation_experiments/thirdparty/robosuite/robosuite/controllers/config/robots/default_panda.json (composite_controller_factory.py:121)
2026-08-09 17:44:50,034 | INFO | Loading controller configuration from: /mnt/data/users/haoyu/workspace/code/fpo-control/manipulation_experiments/thirdparty/robosuite/robosuite/controllers/config/robots/default_panda.json
render_gpu_device_id: 3
2026-08-09 17:44:50,037 | INFO | Video key: agentview
2026-08-09 17:44:50,037 | INFO | Using image observation keys: ['agentview']
[robosuite INFO] Loading controller configuration from: /mnt/data/users/haoyu/workspace/code/fpo-control/manipulation_experiments/thirdparty/robosuite/robosuite/controllers/config/robots/default_panda.json (composite_controller_factory.py:121)
2026-08-09 17:44:50,038 | INFO | Loading controller configuration from: /mnt/data/users/haoyu/workspace/code/fpo-control/manipulation_experiments/thirdparty/robosuite/robosuite/controllers/config/robots/default_panda.json
render_gpu_device_id: 3
2026-08-09 17:44:50,054 | INFO | Video key: agentview
2026-08-09 17:44:50,054 | INFO | Using image observation keys: ['agentview']
[robosuite INFO] Loading controller configuration from: /mnt/data/users/haoyu/workspace/code/fpo-control/manipulation_experiments/thirdparty/robosuite/robosuite/controllers/config/robots/default_panda.json (composite_controller_factory.py:121)
2026-08-09 17:44:50,054 | INFO | Loading controller configuration from: /mnt/data/users/haoyu/workspace/code/fpo-control/manipulation_experiments/thirdparty/robosuite/robosuite/controllers/config/robots/default_panda.json
render_gpu_device_id: 3
2026-08-09 17:44:50,114 | INFO | Video key: agentview
2026-08-09 17:44:50,114 | INFO | Using image observation keys: ['agentview']
[robosuite INFO] Loading controller configuration from: /mnt/data/users/haoyu/workspace/code/fpo-control/manipulation_experiments/thirdparty/robosuite/robosuite/controllers/config/robots/default_panda.json (composite_controller_factory.py:121)
2026-08-09 17:44:50,114 | INFO | Loading controller configuration from: /mnt/data/users/haoyu/workspace/code/fpo-control/manipulation_experiments/thirdparty/robosuite/robosuite/controllers/config/robots/default_panda.json
render_gpu_device_id: 3
2026-08-09 17:44:50,128 | INFO | Video key: agentview
2026-08-09 17:44:50,128 | INFO | Using image observation keys: ['agentview']
[robosuite INFO] Loading controller configuration from: /mnt/data/users/haoyu/workspace/code/fpo-control/manipulation_experiments/thirdparty/robosuite/robosuite/controllers/config/robots/default_panda.json (composite_controller_factory.py:121)
2026-08-09 17:44:50,129 | INFO | Loading controller configuration from: /mnt/data/users/haoyu/workspace/code/fpo-control/manipulation_experiments/thirdparty/robosuite/robosuite/controllers/config/robots/default_panda.json
render_gpu_device_id: 3
2026-08-09 17:44:50,167 | INFO | Video key: agentview
2026-08-09 17:44:50,167 | INFO | Using image observation keys: ['agentview']
[robosuite INFO] Loading controller configuration from: /mnt/data/users/haoyu/workspace/code/fpo-control/manipulation_experiments/thirdparty/robosuite/robosuite/controllers/config/robots/default_panda.json (composite_controller_factory.py:121)
2026-08-09 17:44:50,167 | INFO | Loading controller configuration from: /mnt/data/users/haoyu/workspace/code/fpo-control/manipulation_experiments/thirdparty/robosuite/robosuite/controllers/config/robots/default_panda.json
render_gpu_device_id: 3
2026-08-09 17:44:50,219 | INFO | Video key: agentview
2026-08-09 17:44:50,219 | INFO | Using image observation keys: ['agentview']
[robosuite INFO] Loading controller configuration from: /mnt/data/users/haoyu/workspace/code/fpo-control/manipulation_experiments/thirdparty/robosuite/robosuite/controllers/config/robots/default_panda.json (composite_controller_factory.py:121)
2026-08-09 17:44:50,220 | INFO | Loading controller configuration from: /mnt/data/users/haoyu/workspace/code/fpo-control/manipulation_experiments/thirdparty/robosuite/robosuite/controllers/config/robots/default_panda.json
render_gpu_device_id: 3
2026-08-09 17:44:51,738 | INFO | Successfully created NutAssemblySquare environment via robosuite.make() with cameras at 84x84
2026-08-09 17:44:51,738 | INFO | Configured cameras: ['agentview']
2026-08-09 17:44:51,743 | INFO | Successfully created NutAssemblySquare environment via robosuite.make() with cameras at 84x84
2026-08-09 17:44:51,743 | INFO | Configured cameras: ['agentview']
2026-08-09 17:44:51,744 | INFO | Successfully created NutAssemblySquare environment via robosuite.make() with cameras at 84x84
2026-08-09 17:44:51,744 | INFO | Configured cameras: ['agentview']
2026-08-09 17:44:51,776 | INFO | Successfully created NutAssemblySquare environment via robosuite.make() with cameras at 84x84
2026-08-09 17:44:51,776 | INFO | Configured cameras: ['agentview']
2026-08-09 17:44:51,852 | INFO | Successfully created NutAssemblySquare environment via robosuite.make() with cameras at 84x84
2026-08-09 17:44:51,852 | INFO | Configured cameras: ['agentview']
2026-08-09 17:44:51,856 | INFO | Successfully created NutAssemblySquare environment via robosuite.make() with cameras at 84x84
2026-08-09 17:44:51,856 | INFO | Configured cameras: ['agentview']
2026-08-09 17:44:51,870 | INFO | Successfully created NutAssemblySquare environment via robosuite.make() with cameras at 84x84
2026-08-09 17:44:51,870 | INFO | Configured cameras: ['agentview']
2026-08-09 17:44:51,883 | INFO | Successfully created NutAssemblySquare environment via robosuite.make() with cameras at 84x84
2026-08-09 17:44:51,883 | INFO | Configured cameras: ['agentview']
2026-08-09 17:44:51,883 | INFO | Successfully created NutAssemblySquare environment via robosuite.make() with cameras at 84x84
2026-08-09 17:44:51,884 | INFO | Configured cameras: ['agentview']
2026-08-09 17:44:51,896 | INFO | Successfully created NutAssemblySquare environment via robosuite.make() with cameras at 84x84
2026-08-09 17:44:51,896 | INFO | Configured cameras: ['agentview']
2026-08-09 17:44:51,897 | INFO | Successfully created NutAssemblySquare environment via robosuite.make() with cameras at 84x84
2026-08-09 17:44:51,897 | INFO | Configured cameras: ['agentview']
2026-08-09 17:44:52,018 | INFO | Successfully created NutAssemblySquare environment via robosuite.make() with cameras at 84x84
2026-08-09 17:44:52,018 | INFO | Configured cameras: ['agentview']
2026-08-09 17:44:52,029 | INFO | Successfully created NutAssemblySquare environment via robosuite.make() with cameras at 84x84
2026-08-09 17:44:52,029 | INFO | Configured cameras: ['agentview']
2026-08-09 17:44:52,037 | INFO | Successfully created NutAssemblySquare environment via robosuite.make() with cameras at 84x84
2026-08-09 17:44:52,038 | INFO | Configured cameras: ['agentview']
2026-08-09 17:44:52,049 | INFO | Successfully created NutAssemblySquare environment via robosuite.make() with cameras at 84x84
2026-08-09 17:44:52,049 | INFO | Configured cameras: ['agentview']
2026-08-09 17:44:52,173 | INFO | Successfully created NutAssemblySquare environment via robosuite.make() with cameras at 84x84
2026-08-09 17:44:52,174 | INFO | Configured cameras: ['agentview']
2026-08-09 17:44:53,397 | INFO | Created 16 vectorized Square environments
2026-08-09 17:44:53,397 | INFO | Set video key to 'agentview' for video recording
2026-08-09 17:44:54,467 | INFO | Created observation keys: ['observation.state', 'observation.images.agentview']
2026-08-09 17:44:54,478 | INFO | Created observation keys: ['observation.state', 'observation.images.agentview']
2026-08-09 17:44:54,479 | INFO | Created observation keys: ['observation.state', 'observation.images.agentview']
2026-08-09 17:44:54,482 | INFO | Created observation keys: ['observation.state', 'observation.images.agentview']
2026-08-09 17:44:54,484 | INFO | Created observation keys: ['observation.state', 'observation.images.agentview']
2026-08-09 17:44:54,506 | INFO | Created observation keys: ['observation.state', 'observation.images.agentview']
2026-08-09 17:44:54,514 | INFO | Created observation keys: ['observation.state', 'observation.images.agentview']
2026-08-09 17:44:54,521 | INFO | Created observation keys: ['observation.state', 'observation.images.agentview']
2026-08-09 17:44:54,522 | INFO | Created observation keys: ['observation.state', 'observation.images.agentview']
2026-08-09 17:44:54,559 | INFO | Created observation keys: ['observation.state', 'observation.images.agentview']
2026-08-09 17:44:54,560 | INFO | Created observation keys: ['observation.state', 'observation.images.agentview']
2026-08-09 17:44:54,568 | INFO | Created observation keys: ['observation.state', 'observation.images.agentview']
2026-08-09 17:44:54,584 | INFO | Created observation keys: ['observation.state', 'observation.images.agentview']
2026-08-09 17:44:54,590 | INFO | Created observation keys: ['observation.state', 'observation.images.agentview']
2026-08-09 17:44:54,617 | INFO | Created observation keys: ['observation.state', 'observation.images.agentview']
2026-08-09 17:44:54,689 | INFO | Created observation keys: ['observation.state', 'observation.images.agentview']
2026-08-09 17:45:39,120 | INFO | Running vine batch 6 with 16 lanes
num_visible_gpus: 1 [3] render_override: 3
2026-08-09 17:45:39,120 | INFO | Production mode: using gymnasium.vector.AsyncVectorEnv
2026-08-09 17:45:39,120 | INFO | Video key: agentview
2026-08-09 17:45:39,120 | INFO | Using image observation keys: ['agentview']
[robosuite INFO] Loading controller configuration from: /mnt/data/users/haoyu/workspace/code/fpo-control/manipulation_experiments/thirdparty/robosuite/robosuite/controllers/config/robots/default_panda.json (composite_controller_factory.py:121)
2026-08-09 17:45:39,121 | INFO | Loading controller configuration from: /mnt/data/users/haoyu/workspace/code/fpo-control/manipulation_experiments/thirdparty/robosuite/robosuite/controllers/config/robots/default_panda.json
render_gpu_device_id: 3
2026-08-09 17:45:40,040 | INFO | Successfully created NutAssemblySquare environment via robosuite.make() with cameras at 84x84
2026-08-09 17:45:40,040 | INFO | Configured cameras: ['agentview']
[robosuite WARNING] No private macro file found! (macros.py:57)
[robosuite WARNING] It is recommended to use a private macro file (macros.py:58)
[robosuite WARNING] To setup, run: python /mnt/data/users/haoyu/workspace/code/fpo-control/manipulation_experiments/thirdparty/robosuite/robosuite/scripts/setup_macros.py (macros.py:59)
[robosuite WARNING] No private macro file found! (macros.py:57)
[robosuite WARNING] It is recommended to use a private macro file (macros.py:58)
[robosuite WARNING] To setup, run: python /mnt/data/users/haoyu/workspace/code/fpo-control/manipulation_experiments/thirdparty/robosuite/robosuite/scripts/setup_macros.py (macros.py:59)
[robosuite WARNING] No private macro file found! (macros.py:57)
[robosuite WARNING] It is recommended to use a private macro file (macros.py:58)
[robosuite WARNING] To setup, run: python /mnt/data/users/haoyu/workspace/code/fpo-control/manipulation_experiments/thirdparty/robosuite/robosuite/scripts/setup_macros.py (macros.py:59)
[robosuite WARNING] No private macro file found! (macros.py:57)
[robosuite WARNING] It is recommended to use a private macro file (macros.py:58)
[robosuite WARNING] To setup, run: python /mnt/data/users/haoyu/workspace/code/fpo-control/manipulation_experiments/thirdparty/robosuite/robosuite/scripts/setup_macros.py (macros.py:59)
[robosuite WARNING] No private macro file found! (macros.py:57)
[robosuite WARNING] It is recommended to use a private macro file (macros.py:58)
[robosuite WARNING] To setup, run: python /mnt/data/users/haoyu/workspace/code/fpo-control/manipulation_experiments/thirdparty/robosuite/robosuite/scripts/setup_macros.py (macros.py:59)
[robosuite WARNING] No private macro file found! (macros.py:57)
[robosuite WARNING] It is recommended to use a private macro file (macros.py:58)
[robosuite WARNING] To setup, run: python /mnt/data/users/haoyu/workspace/code/fpo-control/manipulation_experiments/thirdparty/robosuite/robosuite/scripts/setup_macros.py (macros.py:59)
[robosuite WARNING] No private macro file found! (macros.py:57)
[robosuite WARNING] It is recommended to use a private macro file (macros.py:58)
[robosuite WARNING] To setup, run: python /mnt/data/users/haoyu/workspace/code/fpo-control/manipulation_experiments/thirdparty/robosuite/robosuite/scripts/setup_macros.py (macros.py:59)
[robosuite WARNING] No private macro file found! (macros.py:57)
[robosuite WARNING] It is recommended to use a private macro file (macros.py:58)
[robosuite WARNING] To setup, run: python /mnt/data/users/haoyu/workspace/code/fpo-control/manipulation_experiments/thirdparty/robosuite/robosuite/scripts/setup_macros.py (macros.py:59)
[robosuite WARNING] No private macro file found! (macros.py:57)
[robosuite WARNING] It is recommended to use a private macro file (macros.py:58)
[robosuite WARNING] To setup, run: python /mnt/data/users/haoyu/workspace/code/fpo-control/manipulation_experiments/thirdparty/robosuite/robosuite/scripts/setup_macros.py (macros.py:59)
[robosuite WARNING] No private macro file found! (macros.py:57)
[robosuite WARNING] It is recommended to use a private macro file (macros.py:58)
[robosuite WARNING] To setup, run: python /mnt/data/users/haoyu/workspace/code/fpo-control/manipulation_experiments/thirdparty/robosuite/robosuite/scripts/setup_macros.py (macros.py:59)
[robosuite WARNING] No private macro file found! (macros.py:57)
[robosuite WARNING] It is recommended to use a private macro file (macros.py:58)
[robosuite WARNING] To setup, run: python /mnt/data/users/haoyu/workspace/code/fpo-control/manipulation_experiments/thirdparty/robosuite/robosuite/scripts/setup_macros.py (macros.py:59)
[robosuite WARNING] No private macro file found! (macros.py:57)
[robosuite WARNING] It is recommended to use a private macro file (macros.py:58)
[robosuite WARNING] To setup, run: python /mnt/data/users/haoyu/workspace/code/fpo-control/manipulation_experiments/thirdparty/robosuite/robosuite/scripts/setup_macros.py (macros.py:59)
[robosuite WARNING] No private macro file found! (macros.py:57)
[robosuite WARNING] It is recommended to use a private macro file (macros.py:58)
[robosuite WARNING] To setup, run: python /mnt/data/users/haoyu/workspace/code/fpo-control/manipulation_experiments/thirdparty/robosuite/robosuite/scripts/setup_macros.py (macros.py:59)
[robosuite WARNING] No private macro file found! (macros.py:57)
[robosuite WARNING] It is recommended to use a private macro file (macros.py:58)
[robosuite WARNING] To setup, run: python /mnt/data/users/haoyu/workspace/code/fpo-control/manipulation_experiments/thirdparty/robosuite/robosuite/scripts/setup_macros.py (macros.py:59)
[robosuite WARNING] No private macro file found! (macros.py:57)
[robosuite WARNING] It is recommended to use a private macro file (macros.py:58)
[robosuite WARNING] To setup, run: python /mnt/data/users/haoyu/workspace/code/fpo-control/manipulation_experiments/thirdparty/robosuite/robosuite/scripts/setup_macros.py (macros.py:59)
[robosuite WARNING] No private macro file found! (macros.py:57)
[robosuite WARNING] It is recommended to use a private macro file (macros.py:58)
[robosuite WARNING] To setup, run: python /mnt/data/users/haoyu/workspace/code/fpo-control/manipulation_experiments/thirdparty/robosuite/robosuite/scripts/setup_macros.py (macros.py:59)
[robosuite WARNING] Could not import robosuite_models. Some robots may not be available. If you want to use these robots, please install robosuite_models from source (https://github.com/ARISE-Initiative/robosuite_models) or through pip install. (__init__.py:30)
[robosuite WARNING] Could not import robosuite_models. Some robots may not be available. If you want to use these robots, please install robosuite_models from source (https://github.com/ARISE-Initiative/robosuite_models) or through pip install. (__init__.py:30)
[robosuite WARNING] Could not import robosuite_models. Some robots may not be available. If you want to use these robots, please install robosuite_models from source (https://github.com/ARISE-Initiative/robosuite_models) or through pip install. (__init__.py:30)
[robosuite WARNING] Could not import robosuite_models. Some robots may not be available. If you want to use these robots, please install robosuite_models from source (https://github.com/ARISE-Initiative/robosuite_models) or through pip install. (__init__.py:30)
[robosuite WARNING] Could not import robosuite_models. Some robots may not be available. If you want to use these robots, please install robosuite_models from source (https://github.com/ARISE-Initiative/robosuite_models) or through pip install. (__init__.py:30)
[robosuite WARNING] Could not import robosuite_models. Some robots may not be available. If you want to use these robots, please install robosuite_models from source (https://github.com/ARISE-Initiative/robosuite_models) or through pip install. (__init__.py:30)
[robosuite WARNING] Could not import robosuite_models. Some robots may not be available. If you want to use these robots, please install robosuite_models from source (https://github.com/ARISE-Initiative/robosuite_models) or through pip install. (__init__.py:30)
[robosuite WARNING] Could not import robosuite_models. Some robots may not be available. If you want to use these robots, please install robosuite_models from source (https://github.com/ARISE-Initiative/robosuite_models) or through pip install. (__init__.py:30)
[robosuite WARNING] Could not import robosuite_models. Some robots may not be available. If you want to use these robots, please install robosuite_models from source (https://github.com/ARISE-Initiative/robosuite_models) or through pip install. (__init__.py:30)
[robosuite WARNING] Could not import robosuite_models. Some robots may not be available. If you want to use these robots, please install robosuite_models from source (https://github.com/ARISE-Initiative/robosuite_models) or through pip install. (__init__.py:30)
[robosuite WARNING] Could not import robosuite_models. Some robots may not be available. If you want to use these robots, please install robosuite_models from source (https://github.com/ARISE-Initiative/robosuite_models) or through pip install. (__init__.py:30)
[robosuite WARNING] Could not import robosuite_models. Some robots may not be available. If you want to use these robots, please install robosuite_models from source (https://github.com/ARISE-Initiative/robosuite_models) or through pip install. (__init__.py:30)
[robosuite WARNING] Could not import robosuite_models. Some robots may not be available. If you want to use these robots, please install robosuite_models from source (https://github.com/ARISE-Initiative/robosuite_models) or through pip install. (__init__.py:30)
[robosuite WARNING] Could not import robosuite_models. Some robots may not be available. If you want to use these robots, please install robosuite_models from source (https://github.com/ARISE-Initiative/robosuite_models) or through pip install. (__init__.py:30)
[robosuite WARNING] Could not import robosuite_models. Some robots may not be available. If you want to use these robots, please install robosuite_models from source (https://github.com/ARISE-Initiative/robosuite_models) or through pip install. (__init__.py:30)
[robosuite WARNING] Could not import robosuite_models. Some robots may not be available. If you want to use these robots, please install robosuite_models from source (https://github.com/ARISE-Initiative/robosuite_models) or through pip install. (__init__.py:30)
2026-08-09 17:45:48,716 | INFO | Video key: agentview
2026-08-09 17:45:48,716 | INFO | Using image observation keys: ['agentview']
2026-08-09 17:45:48,716 | INFO | Video key: agentview
2026-08-09 17:45:48,716 | INFO | Video key: agentview
2026-08-09 17:45:48,716 | INFO | Video key: agentview
2026-08-09 17:45:48,716 | INFO | Using image observation keys: ['agentview']
2026-08-09 17:45:48,716 | INFO | Using image observation keys: ['agentview']
2026-08-09 17:45:48,716 | INFO | Using image observation keys: ['agentview']
2026-08-09 17:45:48,716 | INFO | Video key: agentview
[robosuite INFO] Loading controller configuration from: /mnt/data/users/haoyu/workspace/code/fpo-control/manipulation_experiments/thirdparty/robosuite/robosuite/controllers/config/robots/default_panda.json (composite_controller_factory.py:121)
2026-08-09 17:45:48,716 | INFO | Loading controller configuration from: /mnt/data/users/haoyu/workspace/code/fpo-control/manipulation_experiments/thirdparty/robosuite/robosuite/controllers/config/robots/default_panda.json
2026-08-09 17:45:48,716 | INFO | Using image observation keys: ['agentview']
render_gpu_device_id: 3
[robosuite INFO] Loading controller configuration from: /mnt/data/users/haoyu/workspace/code/fpo-control/manipulation_experiments/thirdparty/robosuite/robosuite/controllers/config/robots/default_panda.json (composite_controller_factory.py:121)
2026-08-09 17:45:48,716 | INFO | Loading controller configuration from: /mnt/data/users/haoyu/workspace/code/fpo-control/manipulation_experiments/thirdparty/robosuite/robosuite/controllers/config/robots/default_panda.json
[robosuite INFO] Loading controller configuration from: /mnt/data/users/haoyu/workspace/code/fpo-control/manipulation_experiments/thirdparty/robosuite/robosuite/controllers/config/robots/default_panda.json (composite_controller_factory.py:121)
[robosuite INFO] Loading controller configuration from: /mnt/data/users/haoyu/workspace/code/fpo-control/manipulation_experiments/thirdparty/robosuite/robosuite/controllers/config/robots/default_panda.json (composite_controller_factory.py:121)
2026-08-09 17:45:48,716 | INFO | Loading controller configuration from: /mnt/data/users/haoyu/workspace/code/fpo-control/manipulation_experiments/thirdparty/robosuite/robosuite/controllers/config/robots/default_panda.json
render_gpu_device_id: 3
2026-08-09 17:45:48,716 | INFO | Loading controller configuration from: /mnt/data/users/haoyu/workspace/code/fpo-control/manipulation_experiments/thirdparty/robosuite/robosuite/controllers/config/robots/default_panda.json
render_gpu_device_id: 3
render_gpu_device_id: 3
[robosuite INFO] Loading controller configuration from: /mnt/data/users/haoyu/workspace/code/fpo-control/manipulation_experiments/thirdparty/robosuite/robosuite/controllers/config/robots/default_panda.json (composite_controller_factory.py:121)
2026-08-09 17:45:48,716 | INFO | Loading controller configuration from: /mnt/data/users/haoyu/workspace/code/fpo-control/manipulation_experiments/thirdparty/robosuite/robosuite/controllers/config/robots/default_panda.json
render_gpu_device_id: 3
2026-08-09 17:45:48,719 | INFO | Video key: agentview
2026-08-09 17:45:48,719 | INFO | Using image observation keys: ['agentview']
[robosuite INFO] Loading controller configuration from: /mnt/data/users/haoyu/workspace/code/fpo-control/manipulation_experiments/thirdparty/robosuite/robosuite/controllers/config/robots/default_panda.json (composite_controller_factory.py:121)
2026-08-09 17:45:48,719 | INFO | Loading controller configuration from: /mnt/data/users/haoyu/workspace/code/fpo-control/manipulation_experiments/thirdparty/robosuite/robosuite/controllers/config/robots/default_panda.json
render_gpu_device_id: 3
2026-08-09 17:45:48,722 | INFO | Video key: agentview
2026-08-09 17:45:48,722 | INFO | Using image observation keys: ['agentview']
[robosuite INFO] Loading controller configuration from: /mnt/data/users/haoyu/workspace/code/fpo-control/manipulation_experiments/thirdparty/robosuite/robosuite/controllers/config/robots/default_panda.json (composite_controller_factory.py:121)
2026-08-09 17:45:48,722 | INFO | Loading controller configuration from: /mnt/data/users/haoyu/workspace/code/fpo-control/manipulation_experiments/thirdparty/robosuite/robosuite/controllers/config/robots/default_panda.json
render_gpu_device_id: 3
2026-08-09 17:45:48,728 | INFO | Video key: agentview
2026-08-09 17:45:48,728 | INFO | Using image observation keys: ['agentview']
[robosuite INFO] Loading controller configuration from: /mnt/data/users/haoyu/workspace/code/fpo-control/manipulation_experiments/thirdparty/robosuite/robosuite/controllers/config/robots/default_panda.json (composite_controller_factory.py:121)
2026-08-09 17:45:48,729 | INFO | Loading controller configuration from: /mnt/data/users/haoyu/workspace/code/fpo-control/manipulation_experiments/thirdparty/robosuite/robosuite/controllers/config/robots/default_panda.json
render_gpu_device_id: 3
2026-08-09 17:45:48,783 | INFO | Video key: agentview
2026-08-09 17:45:48,783 | INFO | Using image observation keys: ['agentview']
[robosuite INFO] Loading controller configuration from: /mnt/data/users/haoyu/workspace/code/fpo-control/manipulation_experiments/thirdparty/robosuite/robosuite/controllers/config/robots/default_panda.json (composite_controller_factory.py:121)
2026-08-09 17:45:48,784 | INFO | Loading controller configuration from: /mnt/data/users/haoyu/workspace/code/fpo-control/manipulation_experiments/thirdparty/robosuite/robosuite/controllers/config/robots/default_panda.json
render_gpu_device_id: 3
2026-08-09 17:45:48,784 | INFO | Video key: agentview
2026-08-09 17:45:48,784 | INFO | Using image observation keys: ['agentview']
[robosuite INFO] Loading controller configuration from: /mnt/data/users/haoyu/workspace/code/fpo-control/manipulation_experiments/thirdparty/robosuite/robosuite/controllers/config/robots/default_panda.json (composite_controller_factory.py:121)
2026-08-09 17:45:48,784 | INFO | Loading controller configuration from: /mnt/data/users/haoyu/workspace/code/fpo-control/manipulation_experiments/thirdparty/robosuite/robosuite/controllers/config/robots/default_panda.json
render_gpu_device_id: 3
2026-08-09 17:45:48,788 | INFO | Video key: agentview
2026-08-09 17:45:48,788 | INFO | Using image observation keys: ['agentview']
[robosuite INFO] Loading controller configuration from: /mnt/data/users/haoyu/workspace/code/fpo-control/manipulation_experiments/thirdparty/robosuite/robosuite/controllers/config/robots/default_panda.json (composite_controller_factory.py:121)
2026-08-09 17:45:48,789 | INFO | Loading controller configuration from: /mnt/data/users/haoyu/workspace/code/fpo-control/manipulation_experiments/thirdparty/robosuite/robosuite/controllers/config/robots/default_panda.json
render_gpu_device_id: 3
2026-08-09 17:45:48,869 | INFO | Video key: agentview
2026-08-09 17:45:48,869 | INFO | Using image observation keys: ['agentview']
[robosuite INFO] Loading controller configuration from: /mnt/data/users/haoyu/workspace/code/fpo-control/manipulation_experiments/thirdparty/robosuite/robosuite/controllers/config/robots/default_panda.json (composite_controller_factory.py:121)
2026-08-09 17:45:48,869 | INFO | Loading controller configuration from: /mnt/data/users/haoyu/workspace/code/fpo-control/manipulation_experiments/thirdparty/robosuite/robosuite/controllers/config/robots/default_panda.json
render_gpu_device_id: 3
2026-08-09 17:45:48,885 | INFO | Video key: agentview
2026-08-09 17:45:48,885 | INFO | Using image observation keys: ['agentview']
[robosuite INFO] Loading controller configuration from: /mnt/data/users/haoyu/workspace/code/fpo-control/manipulation_experiments/thirdparty/robosuite/robosuite/controllers/config/robots/default_panda.json (composite_controller_factory.py:121)
2026-08-09 17:45:48,886 | INFO | Loading controller configuration from: /mnt/data/users/haoyu/workspace/code/fpo-control/manipulation_experiments/thirdparty/robosuite/robosuite/controllers/config/robots/default_panda.json
render_gpu_device_id: 3
2026-08-09 17:45:48,889 | INFO | Video key: agentview
2026-08-09 17:45:48,889 | INFO | Using image observation keys: ['agentview']
[robosuite INFO] Loading controller configuration from: /mnt/data/users/haoyu/workspace/code/fpo-control/manipulation_experiments/thirdparty/robosuite/robosuite/controllers/config/robots/default_panda.json (composite_controller_factory.py:121)
2026-08-09 17:45:48,890 | INFO | Loading controller configuration from: /mnt/data/users/haoyu/workspace/code/fpo-control/manipulation_experiments/thirdparty/robosuite/robosuite/controllers/config/robots/default_panda.json
render_gpu_device_id: 3
2026-08-09 17:45:48,926 | INFO | Video key: agentview
2026-08-09 17:45:48,926 | INFO | Using image observation keys: ['agentview']
[robosuite INFO] Loading controller configuration from: /mnt/data/users/haoyu/workspace/code/fpo-control/manipulation_experiments/thirdparty/robosuite/robosuite/controllers/config/robots/default_panda.json (composite_controller_factory.py:121)
2026-08-09 17:45:48,926 | INFO | Loading controller configuration from: /mnt/data/users/haoyu/workspace/code/fpo-control/manipulation_experiments/thirdparty/robosuite/robosuite/controllers/config/robots/default_panda.json
render_gpu_device_id: 3
2026-08-09 17:45:48,998 | INFO | Video key: agentview
2026-08-09 17:45:48,998 | INFO | Using image observation keys: ['agentview']
[robosuite INFO] Loading controller configuration from: /mnt/data/users/haoyu/workspace/code/fpo-control/manipulation_experiments/thirdparty/robosuite/robosuite/controllers/config/robots/default_panda.json (composite_controller_factory.py:121)
2026-08-09 17:45:48,998 | INFO | Loading controller configuration from: /mnt/data/users/haoyu/workspace/code/fpo-control/manipulation_experiments/thirdparty/robosuite/robosuite/controllers/config/robots/default_panda.json
render_gpu_device_id: 3
2026-08-09 17:45:50,573 | INFO | Successfully created NutAssemblySquare environment via robosuite.make() with cameras at 84x84
2026-08-09 17:45:50,573 | INFO | Configured cameras: ['agentview']
2026-08-09 17:45:50,577 | INFO | Successfully created NutAssemblySquare environment via robosuite.make() with cameras at 84x84
2026-08-09 17:45:50,577 | INFO | Configured cameras: ['agentview']
2026-08-09 17:45:50,583 | INFO | Successfully created NutAssemblySquare environment via robosuite.make() with cameras at 84x84
2026-08-09 17:45:50,583 | INFO | Configured cameras: ['agentview']
2026-08-09 17:45:50,621 | INFO | Successfully created NutAssemblySquare environment via robosuite.make() with cameras at 84x84
2026-08-09 17:45:50,621 | INFO | Configured cameras: ['agentview']
2026-08-09 17:45:50,623 | INFO | Successfully created NutAssemblySquare environment via robosuite.make() with cameras at 84x84
2026-08-09 17:45:50,624 | INFO | Configured cameras: ['agentview']
2026-08-09 17:45:50,648 | INFO | Successfully created NutAssemblySquare environment via robosuite.make() with cameras at 84x84
2026-08-09 17:45:50,648 | INFO | Configured cameras: ['agentview']
2026-08-09 17:45:50,651 | INFO | Successfully created NutAssemblySquare environment via robosuite.make() with cameras at 84x84
2026-08-09 17:45:50,651 | INFO | Configured cameras: ['agentview']
2026-08-09 17:45:50,657 | INFO | Successfully created NutAssemblySquare environment via robosuite.make() with cameras at 84x84
2026-08-09 17:45:50,657 | INFO | Configured cameras: ['agentview']
2026-08-09 17:45:50,661 | INFO | Successfully created NutAssemblySquare environment via robosuite.make() with cameras at 84x84
2026-08-09 17:45:50,661 | INFO | Configured cameras: ['agentview']
2026-08-09 17:45:50,687 | INFO | Successfully created NutAssemblySquare environment via robosuite.make() with cameras at 84x84
2026-08-09 17:45:50,687 | INFO | Configured cameras: ['agentview']
2026-08-09 17:45:50,689 | INFO | Successfully created NutAssemblySquare environment via robosuite.make() with cameras at 84x84
2026-08-09 17:45:50,689 | INFO | Configured cameras: ['agentview']
2026-08-09 17:45:50,728 | INFO | Successfully created NutAssemblySquare environment via robosuite.make() with cameras at 84x84
2026-08-09 17:45:50,729 | INFO | Configured cameras: ['agentview']
2026-08-09 17:45:50,755 | INFO | Successfully created NutAssemblySquare environment via robosuite.make() with cameras at 84x84
2026-08-09 17:45:50,755 | INFO | Configured cameras: ['agentview']
2026-08-09 17:45:50,762 | INFO | Successfully created NutAssemblySquare environment via robosuite.make() with cameras at 84x84
2026-08-09 17:45:50,762 | INFO | Configured cameras: ['agentview']
2026-08-09 17:45:50,818 | INFO | Successfully created NutAssemblySquare environment via robosuite.make() with cameras at 84x84
2026-08-09 17:45:50,818 | INFO | Configured cameras: ['agentview']
2026-08-09 17:45:50,969 | INFO | Successfully created NutAssemblySquare environment via robosuite.make() with cameras at 84x84
2026-08-09 17:45:50,969 | INFO | Configured cameras: ['agentview']
2026-08-09 17:45:52,205 | INFO | Created 16 vectorized Square environments
2026-08-09 17:45:52,205 | INFO | Set video key to 'agentview' for video recording
2026-08-09 17:45:53,284 | INFO | Created observation keys: ['observation.state', 'observation.images.agentview']
2026-08-09 17:45:53,289 | INFO | Created observation keys: ['observation.state', 'observation.images.agentview']
2026-08-09 17:45:53,313 | INFO | Created observation keys: ['observation.state', 'observation.images.agentview']
2026-08-09 17:45:53,317 | INFO | Created observation keys: ['observation.state', 'observation.images.agentview']
2026-08-09 17:45:53,323 | INFO | Created observation keys: ['observation.state', 'observation.images.agentview']
2026-08-09 17:45:53,331 | INFO | Created observation keys: ['observation.state', 'observation.images.agentview']
2026-08-09 17:45:53,337 | INFO | Created observation keys: ['observation.state', 'observation.images.agentview']
2026-08-09 17:45:53,395 | INFO | Created observation keys: ['observation.state', 'observation.images.agentview']
2026-08-09 17:45:53,397 | INFO | Created observation keys: ['observation.state', 'observation.images.agentview']
2026-08-09 17:45:53,399 | INFO | Created observation keys: ['observation.state', 'observation.images.agentview']
2026-08-09 17:45:53,399 | INFO | Created observation keys: ['observation.state', 'observation.images.agentview']
2026-08-09 17:45:53,416 | INFO | Created observation keys: ['observation.state', 'observation.images.agentview']
2026-08-09 17:45:53,430 | INFO | Created observation keys: ['observation.state', 'observation.images.agentview']
2026-08-09 17:45:53,447 | INFO | Created observation keys: ['observation.state', 'observation.images.agentview']
2026-08-09 17:45:53,504 | INFO | Created observation keys: ['observation.state', 'observation.images.agentview']
2026-08-09 17:45:53,534 | INFO | Created observation keys: ['observation.state', 'observation.images.agentview']
2026-08-09 17:46:45,133 | INFO | Running vine batch 7 with 16 lanes
num_visible_gpus: 1 [3] render_override: 3
2026-08-09 17:46:45,134 | INFO | Production mode: using gymnasium.vector.AsyncVectorEnv
2026-08-09 17:46:45,135 | INFO | Video key: agentview
2026-08-09 17:46:45,135 | INFO | Using image observation keys: ['agentview']
[robosuite INFO] Loading controller configuration from: /mnt/data/users/haoyu/workspace/code/fpo-control/manipulation_experiments/thirdparty/robosuite/robosuite/controllers/config/robots/default_panda.json (composite_controller_factory.py:121)
2026-08-09 17:46:45,135 | INFO | Loading controller configuration from: /mnt/data/users/haoyu/workspace/code/fpo-control/manipulation_experiments/thirdparty/robosuite/robosuite/controllers/config/robots/default_panda.json
render_gpu_device_id: 3
2026-08-09 17:46:46,061 | INFO | Successfully created NutAssemblySquare environment via robosuite.make() with cameras at 84x84
2026-08-09 17:46:46,062 | INFO | Configured cameras: ['agentview']
[robosuite WARNING] No private macro file found! (macros.py:57)
[robosuite WARNING] No private macro file found! (macros.py:57)
[robosuite WARNING] No private macro file found! (macros.py:57)
[robosuite WARNING] It is recommended to use a private macro file (macros.py:58)
[robosuite WARNING] It is recommended to use a private macro file (macros.py:58)
[robosuite WARNING] It is recommended to use a private macro file (macros.py:58)
[robosuite WARNING] To setup, run: python /mnt/data/users/haoyu/workspace/code/fpo-control/manipulation_experiments/thirdparty/robosuite/robosuite/scripts/setup_macros.py (macros.py:59)
[robosuite WARNING] To setup, run: python /mnt/data/users/haoyu/workspace/code/fpo-control/manipulation_experiments/thirdparty/robosuite/robosuite/scripts/setup_macros.py (macros.py:59)
[robosuite WARNING] To setup, run: python /mnt/data/users/haoyu/workspace/code/fpo-control/manipulation_experiments/thirdparty/robosuite/robosuite/scripts/setup_macros.py (macros.py:59)
[robosuite WARNING] No private macro file found! (macros.py:57)
[robosuite WARNING] It is recommended to use a private macro file (macros.py:58)
[robosuite WARNING] To setup, run: python /mnt/data/users/haoyu/workspace/code/fpo-control/manipulation_experiments/thirdparty/robosuite/robosuite/scripts/setup_macros.py (macros.py:59)
[robosuite WARNING] No private macro file found! (macros.py:57)
[robosuite WARNING] It is recommended to use a private macro file (macros.py:58)
[robosuite WARNING] To setup, run: python /mnt/data/users/haoyu/workspace/code/fpo-control/manipulation_experiments/thirdparty/robosuite/robosuite/scripts/setup_macros.py (macros.py:59)
[robosuite WARNING] No private macro file found! (macros.py:57)
[robosuite WARNING] It is recommended to use a private macro file (macros.py:58)
[robosuite WARNING] To setup, run: python /mnt/data/users/haoyu/workspace/code/fpo-control/manipulation_experiments/thirdparty/robosuite/robosuite/scripts/setup_macros.py (macros.py:59)
[robosuite WARNING] No private macro file found! (macros.py:57)
[robosuite WARNING] It is recommended to use a private macro file (macros.py:58)
[robosuite WARNING] To setup, run: python /mnt/data/users/haoyu/workspace/code/fpo-control/manipulation_experiments/thirdparty/robosuite/robosuite/scripts/setup_macros.py (macros.py:59)
[robosuite WARNING] No private macro file found! (macros.py:57)
[robosuite WARNING] It is recommended to use a private macro file (macros.py:58)
[robosuite WARNING] To setup, run: python /mnt/data/users/haoyu/workspace/code/fpo-control/manipulation_experiments/thirdparty/robosuite/robosuite/scripts/setup_macros.py (macros.py:59)
[robosuite WARNING] No private macro file found! (macros.py:57)
[robosuite WARNING] It is recommended to use a private macro file (macros.py:58)
[robosuite WARNING] To setup, run: python /mnt/data/users/haoyu/workspace/code/fpo-control/manipulation_experiments/thirdparty/robosuite/robosuite/scripts/setup_macros.py (macros.py:59)
[robosuite WARNING] No private macro file found! (macros.py:57)
[robosuite WARNING] It is recommended to use a private macro file (macros.py:58)
[robosuite WARNING] To setup, run: python /mnt/data/users/haoyu/workspace/code/fpo-control/manipulation_experiments/thirdparty/robosuite/robosuite/scripts/setup_macros.py (macros.py:59)
[robosuite WARNING] No private macro file found! (macros.py:57)
[robosuite WARNING] It is recommended to use a private macro file (macros.py:58)
[robosuite WARNING] To setup, run: python /mnt/data/users/haoyu/workspace/code/fpo-control/manipulation_experiments/thirdparty/robosuite/robosuite/scripts/setup_macros.py (macros.py:59)
[robosuite WARNING] No private macro file found! (macros.py:57)
[robosuite WARNING] It is recommended to use a private macro file (macros.py:58)
[robosuite WARNING] To setup, run: python /mnt/data/users/haoyu/workspace/code/fpo-control/manipulation_experiments/thirdparty/robosuite/robosuite/scripts/setup_macros.py (macros.py:59)
[robosuite WARNING] No private macro file found! (macros.py:57)
[robosuite WARNING] It is recommended to use a private macro file (macros.py:58)
[robosuite WARNING] To setup, run: python /mnt/data/users/haoyu/workspace/code/fpo-control/manipulation_experiments/thirdparty/robosuite/robosuite/scripts/setup_macros.py (macros.py:59)
[robosuite WARNING] No private macro file found! (macros.py:57)
[robosuite WARNING] It is recommended to use a private macro file (macros.py:58)
[robosuite WARNING] To setup, run: python /mnt/data/users/haoyu/workspace/code/fpo-control/manipulation_experiments/thirdparty/robosuite/robosuite/scripts/setup_macros.py (macros.py:59)
[robosuite WARNING] No private macro file found! (macros.py:57)
[robosuite WARNING] It is recommended to use a private macro file (macros.py:58)
[robosuite WARNING] To setup, run: python /mnt/data/users/haoyu/workspace/code/fpo-control/manipulation_experiments/thirdparty/robosuite/robosuite/scripts/setup_macros.py (macros.py:59)
[robosuite WARNING] No private macro file found! (macros.py:57)
[robosuite WARNING] It is recommended to use a private macro file (macros.py:58)
[robosuite WARNING] To setup, run: python /mnt/data/users/haoyu/workspace/code/fpo-control/manipulation_experiments/thirdparty/robosuite/robosuite/scripts/setup_macros.py (macros.py:59)
[robosuite WARNING] Could not import robosuite_models. Some robots may not be available. If you want to use these robots, please install robosuite_models from source (https://github.com/ARISE-Initiative/robosuite_models) or through pip install. (__init__.py:30)
[robosuite WARNING] Could not import robosuite_models. Some robots may not be available. If you want to use these robots, please install robosuite_models from source (https://github.com/ARISE-Initiative/robosuite_models) or through pip install. (__init__.py:30)
[robosuite WARNING] Could not import robosuite_models. Some robots may not be available. If you want to use these robots, please install robosuite_models from source (https://github.com/ARISE-Initiative/robosuite_models) or through pip install. (__init__.py:30)
[robosuite WARNING] Could not import robosuite_models. Some robots may not be available. If you want to use these robots, please install robosuite_models from source (https://github.com/ARISE-Initiative/robosuite_models) or through pip install. (__init__.py:30)
[robosuite WARNING] Could not import robosuite_models. Some robots may not be available. If you want to use these robots, please install robosuite_models from source (https://github.com/ARISE-Initiative/robosuite_models) or through pip install. (__init__.py:30)
[robosuite WARNING] Could not import robosuite_models. Some robots may not be available. If you want to use these robots, please install robosuite_models from source (https://github.com/ARISE-Initiative/robosuite_models) or through pip install. (__init__.py:30)
[robosuite WARNING] Could not import robosuite_models. Some robots may not be available. If you want to use these robots, please install robosuite_models from source (https://github.com/ARISE-Initiative/robosuite_models) or through pip install. (__init__.py:30)
[robosuite WARNING] Could not import robosuite_models. Some robots may not be available. If you want to use these robots, please install robosuite_models from source (https://github.com/ARISE-Initiative/robosuite_models) or through pip install. (__init__.py:30)
[robosuite WARNING] Could not import robosuite_models. Some robots may not be available. If you want to use these robots, please install robosuite_models from source (https://github.com/ARISE-Initiative/robosuite_models) or through pip install. (__init__.py:30)
[robosuite WARNING] Could not import robosuite_models. Some robots may not be available. If you want to use these robots, please install robosuite_models from source (https://github.com/ARISE-Initiative/robosuite_models) or through pip install. (__init__.py:30)
[robosuite WARNING] Could not import robosuite_models. Some robots may not be available. If you want to use these robots, please install robosuite_models from source (https://github.com/ARISE-Initiative/robosuite_models) or through pip install. (__init__.py:30)
[robosuite WARNING] Could not import robosuite_models. Some robots may not be available. If you want to use these robots, please install robosuite_models from source (https://github.com/ARISE-Initiative/robosuite_models) or through pip install. (__init__.py:30)
[robosuite WARNING] Could not import robosuite_models. Some robots may not be available. If you want to use these robots, please install robosuite_models from source (https://github.com/ARISE-Initiative/robosuite_models) or through pip install. (__init__.py:30)
[robosuite WARNING] Could not import robosuite_models. Some robots may not be available. If you want to use these robots, please install robosuite_models from source (https://github.com/ARISE-Initiative/robosuite_models) or through pip install. (__init__.py:30)
[robosuite WARNING] Could not import robosuite_models. Some robots may not be available. If you want to use these robots, please install robosuite_models from source (https://github.com/ARISE-Initiative/robosuite_models) or through pip install. (__init__.py:30)
[robosuite WARNING] Could not import robosuite_models. Some robots may not be available. If you want to use these robots, please install robosuite_models from source (https://github.com/ARISE-Initiative/robosuite_models) or through pip install. (__init__.py:30)
2026-08-09 17:46:54,478 | INFO | Video key: agentview
2026-08-09 17:46:54,478 | INFO | Video key: agentview
2026-08-09 17:46:54,478 | INFO | Video key: agentview
2026-08-09 17:46:54,478 | INFO | Video key: agentview
2026-08-09 17:46:54,478 | INFO | Using image observation keys: ['agentview']
2026-08-09 17:46:54,478 | INFO | Using image observation keys: ['agentview']
2026-08-09 17:46:54,478 | INFO | Using image observation keys: ['agentview']
2026-08-09 17:46:54,478 | INFO | Using image observation keys: ['agentview']
2026-08-09 17:46:54,478 | INFO | Video key: agentview
2026-08-09 17:46:54,478 | INFO | Video key: agentview
2026-08-09 17:46:54,478 | INFO | Using image observation keys: ['agentview']
2026-08-09 17:46:54,478 | INFO | Using image observation keys: ['agentview']
2026-08-09 17:46:54,478 | INFO | Video key: agentview
2026-08-09 17:46:54,478 | INFO | Video key: agentview
2026-08-09 17:46:54,478 | INFO | Video key: agentview
2026-08-09 17:46:54,478 | INFO | Using image observation keys: ['agentview']
[robosuite INFO] Loading controller configuration from: /mnt/data/users/haoyu/workspace/code/fpo-control/manipulation_experiments/thirdparty/robosuite/robosuite/controllers/config/robots/default_panda.json (composite_controller_factory.py:121)
[robosuite INFO] Loading controller configuration from: /mnt/data/users/haoyu/workspace/code/fpo-control/manipulation_experiments/thirdparty/robosuite/robosuite/controllers/config/robots/default_panda.json (composite_controller_factory.py:121)
2026-08-09 17:46:54,478 | INFO | Video key: agentview
[robosuite INFO] Loading controller configuration from: /mnt/data/users/haoyu/workspace/code/fpo-control/manipulation_experiments/thirdparty/robosuite/robosuite/controllers/config/robots/default_panda.json (composite_controller_factory.py:121)
2026-08-09 17:46:54,478 | INFO | Loading controller configuration from: /mnt/data/users/haoyu/workspace/code/fpo-control/manipulation_experiments/thirdparty/robosuite/robosuite/controllers/config/robots/default_panda.json
2026-08-09 17:46:54,478 | INFO | Using image observation keys: ['agentview']
2026-08-09 17:46:54,478 | INFO | Loading controller configuration from: /mnt/data/users/haoyu/workspace/code/fpo-control/manipulation_experiments/thirdparty/robosuite/robosuite/controllers/config/robots/default_panda.json
[robosuite INFO] Loading controller configuration from: /mnt/data/users/haoyu/workspace/code/fpo-control/manipulation_experiments/thirdparty/robosuite/robosuite/controllers/config/robots/default_panda.json (composite_controller_factory.py:121)
2026-08-09 17:46:54,478 | INFO | Loading controller configuration from: /mnt/data/users/haoyu/workspace/code/fpo-control/manipulation_experiments/thirdparty/robosuite/robosuite/controllers/config/robots/default_panda.json
2026-08-09 17:46:54,478 | INFO | Using image observation keys: ['agentview']
2026-08-09 17:46:54,478 | INFO | Loading controller configuration from: /mnt/data/users/haoyu/workspace/code/fpo-control/manipulation_experiments/thirdparty/robosuite/robosuite/controllers/config/robots/default_panda.json
render_gpu_device_id: 3
render_gpu_device_id: 3
2026-08-09 17:46:54,478 | INFO | Using image observation keys: ['agentview']
render_gpu_device_id: 3
render_gpu_device_id: 3
[robosuite INFO] Loading controller configuration from: /mnt/data/users/haoyu/workspace/code/fpo-control/manipulation_experiments/thirdparty/robosuite/robosuite/controllers/config/robots/default_panda.json (composite_controller_factory.py:121)
[robosuite INFO] Loading controller configuration from: /mnt/data/users/haoyu/workspace/code/fpo-control/manipulation_experiments/thirdparty/robosuite/robosuite/controllers/config/robots/default_panda.json (composite_controller_factory.py:121)
2026-08-09 17:46:54,478 | INFO | Loading controller configuration from: /mnt/data/users/haoyu/workspace/code/fpo-control/manipulation_experiments/thirdparty/robosuite/robosuite/controllers/config/robots/default_panda.json
2026-08-09 17:46:54,478 | INFO | Loading controller configuration from: /mnt/data/users/haoyu/workspace/code/fpo-control/manipulation_experiments/thirdparty/robosuite/robosuite/controllers/config/robots/default_panda.json
render_gpu_device_id: 3
render_gpu_device_id: 3
[robosuite INFO] Loading controller configuration from: /mnt/data/users/haoyu/workspace/code/fpo-control/manipulation_experiments/thirdparty/robosuite/robosuite/controllers/config/robots/default_panda.json (composite_controller_factory.py:121)
[robosuite INFO] Loading controller configuration from: /mnt/data/users/haoyu/workspace/code/fpo-control/manipulation_experiments/thirdparty/robosuite/robosuite/controllers/config/robots/default_panda.json (composite_controller_factory.py:121)
2026-08-09 17:46:54,478 | INFO | Loading controller configuration from: /mnt/data/users/haoyu/workspace/code/fpo-control/manipulation_experiments/thirdparty/robosuite/robosuite/controllers/config/robots/default_panda.json
2026-08-09 17:46:54,478 | INFO | Loading controller configuration from: /mnt/data/users/haoyu/workspace/code/fpo-control/manipulation_experiments/thirdparty/robosuite/robosuite/controllers/config/robots/default_panda.json
[robosuite INFO] Loading controller configuration from: /mnt/data/users/haoyu/workspace/code/fpo-control/manipulation_experiments/thirdparty/robosuite/robosuite/controllers/config/robots/default_panda.json (composite_controller_factory.py:121)
render_gpu_device_id: 32026-08-09 17:46:54,478 | INFO | Loading controller configuration from: /mnt/data/users/haoyu/workspace/code/fpo-control/manipulation_experiments/thirdparty/robosuite/robosuite/controllers/config/robots/default_panda.json

render_gpu_device_id: 3
[robosuite INFO] Loading controller configuration from: /mnt/data/users/haoyu/workspace/code/fpo-control/manipulation_experiments/thirdparty/robosuite/robosuite/controllers/config/robots/default_panda.json (composite_controller_factory.py:121)
2026-08-09 17:46:54,478 | INFO | Loading controller configuration from: /mnt/data/users/haoyu/workspace/code/fpo-control/manipulation_experiments/thirdparty/robosuite/robosuite/controllers/config/robots/default_panda.json
render_gpu_device_id: 3
render_gpu_device_id: 3
2026-08-09 17:46:54,479 | INFO | Video key: agentview
2026-08-09 17:46:54,479 | INFO | Using image observation keys: ['agentview']
[robosuite INFO] Loading controller configuration from: /mnt/data/users/haoyu/workspace/code/fpo-control/manipulation_experiments/thirdparty/robosuite/robosuite/controllers/config/robots/default_panda.json (composite_controller_factory.py:121)
2026-08-09 17:46:54,479 | INFO | Loading controller configuration from: /mnt/data/users/haoyu/workspace/code/fpo-control/manipulation_experiments/thirdparty/robosuite/robosuite/controllers/config/robots/default_panda.json
render_gpu_device_id: 3
2026-08-09 17:46:54,480 | INFO | Video key: agentview
2026-08-09 17:46:54,480 | INFO | Using image observation keys: ['agentview']
2026-08-09 17:46:54,480 | INFO | Video key: agentview
2026-08-09 17:46:54,480 | INFO | Using image observation keys: ['agentview']
[robosuite INFO] Loading controller configuration from: /mnt/data/users/haoyu/workspace/code/fpo-control/manipulation_experiments/thirdparty/robosuite/robosuite/controllers/config/robots/default_panda.json (composite_controller_factory.py:121)
2026-08-09 17:46:54,480 | INFO | Loading controller configuration from: /mnt/data/users/haoyu/workspace/code/fpo-control/manipulation_experiments/thirdparty/robosuite/robosuite/controllers/config/robots/default_panda.json
render_gpu_device_id: 3
[robosuite INFO] Loading controller configuration from: /mnt/data/users/haoyu/workspace/code/fpo-control/manipulation_experiments/thirdparty/robosuite/robosuite/controllers/config/robots/default_panda.json (composite_controller_factory.py:121)
2026-08-09 17:46:54,481 | INFO | Loading controller configuration from: /mnt/data/users/haoyu/workspace/code/fpo-control/manipulation_experiments/thirdparty/robosuite/robosuite/controllers/config/robots/default_panda.json
render_gpu_device_id: 3
2026-08-09 17:46:54,498 | INFO | Video key: agentview
2026-08-09 17:46:54,498 | INFO | Using image observation keys: ['agentview']
[robosuite INFO] Loading controller configuration from: /mnt/data/users/haoyu/workspace/code/fpo-control/manipulation_experiments/thirdparty/robosuite/robosuite/controllers/config/robots/default_panda.json (composite_controller_factory.py:121)
2026-08-09 17:46:54,498 | INFO | Loading controller configuration from: /mnt/data/users/haoyu/workspace/code/fpo-control/manipulation_experiments/thirdparty/robosuite/robosuite/controllers/config/robots/default_panda.json
render_gpu_device_id: 3
2026-08-09 17:46:54,563 | INFO | Video key: agentview
2026-08-09 17:46:54,563 | INFO | Using image observation keys: ['agentview']
[robosuite INFO] Loading controller configuration from: /mnt/data/users/haoyu/workspace/code/fpo-control/manipulation_experiments/thirdparty/robosuite/robosuite/controllers/config/robots/default_panda.json (composite_controller_factory.py:121)
2026-08-09 17:46:54,563 | INFO | Loading controller configuration from: /mnt/data/users/haoyu/workspace/code/fpo-control/manipulation_experiments/thirdparty/robosuite/robosuite/controllers/config/robots/default_panda.json
render_gpu_device_id: 3
2026-08-09 17:46:54,598 | INFO | Video key: agentview
2026-08-09 17:46:54,598 | INFO | Using image observation keys: ['agentview']
[robosuite INFO] Loading controller configuration from: /mnt/data/users/haoyu/workspace/code/fpo-control/manipulation_experiments/thirdparty/robosuite/robosuite/controllers/config/robots/default_panda.json (composite_controller_factory.py:121)
2026-08-09 17:46:54,599 | INFO | Loading controller configuration from: /mnt/data/users/haoyu/workspace/code/fpo-control/manipulation_experiments/thirdparty/robosuite/robosuite/controllers/config/robots/default_panda.json
render_gpu_device_id: 3
2026-08-09 17:46:56,327 | INFO | Successfully created NutAssemblySquare environment via robosuite.make() with cameras at 84x84
2026-08-09 17:46:56,327 | INFO | Configured cameras: ['agentview']
2026-08-09 17:46:56,340 | INFO | Successfully created NutAssemblySquare environment via robosuite.make() with cameras at 84x84
2026-08-09 17:46:56,340 | INFO | Configured cameras: ['agentview']
2026-08-09 17:46:56,341 | INFO | Successfully created NutAssemblySquare environment via robosuite.make() with cameras at 84x84
2026-08-09 17:46:56,341 | INFO | Configured cameras: ['agentview']
2026-08-09 17:46:56,341 | INFO | Successfully created NutAssemblySquare environment via robosuite.make() with cameras at 84x84
2026-08-09 17:46:56,341 | INFO | Configured cameras: ['agentview']
2026-08-09 17:46:56,343 | INFO | Successfully created NutAssemblySquare environment via robosuite.make() with cameras at 84x84
2026-08-09 17:46:56,343 | INFO | Configured cameras: ['agentview']
2026-08-09 17:46:56,351 | INFO | Successfully created NutAssemblySquare environment via robosuite.make() with cameras at 84x84
2026-08-09 17:46:56,351 | INFO | Configured cameras: ['agentview']
2026-08-09 17:46:56,380 | INFO | Successfully created NutAssemblySquare environment via robosuite.make() with cameras at 84x84
2026-08-09 17:46:56,380 | INFO | Configured cameras: ['agentview']
2026-08-09 17:46:56,382 | INFO | Successfully created NutAssemblySquare environment via robosuite.make() with cameras at 84x84
2026-08-09 17:46:56,382 | INFO | Configured cameras: ['agentview']
2026-08-09 17:46:56,415 | INFO | Successfully created NutAssemblySquare environment via robosuite.make() with cameras at 84x84
2026-08-09 17:46:56,415 | INFO | Configured cameras: ['agentview']
2026-08-09 17:46:56,416 | INFO | Successfully created NutAssemblySquare environment via robosuite.make() with cameras at 84x84
2026-08-09 17:46:56,416 | INFO | Configured cameras: ['agentview']
2026-08-09 17:46:56,424 | INFO | Successfully created NutAssemblySquare environment via robosuite.make() with cameras at 84x84
2026-08-09 17:46:56,424 | INFO | Configured cameras: ['agentview']
2026-08-09 17:46:56,426 | INFO | Successfully created NutAssemblySquare environment via robosuite.make() with cameras at 84x84
2026-08-09 17:46:56,426 | INFO | Configured cameras: ['agentview']
2026-08-09 17:46:56,433 | INFO | Successfully created NutAssemblySquare environment via robosuite.make() with cameras at 84x84
2026-08-09 17:46:56,434 | INFO | Configured cameras: ['agentview']
2026-08-09 17:46:56,446 | INFO | Successfully created NutAssemblySquare environment via robosuite.make() with cameras at 84x84
2026-08-09 17:46:56,446 | INFO | Configured cameras: ['agentview']
2026-08-09 17:46:56,470 | INFO | Successfully created NutAssemblySquare environment via robosuite.make() with cameras at 84x84
2026-08-09 17:46:56,470 | INFO | Configured cameras: ['agentview']
2026-08-09 17:46:56,473 | INFO | Successfully created NutAssemblySquare environment via robosuite.make() with cameras at 84x84
2026-08-09 17:46:56,473 | INFO | Configured cameras: ['agentview']
2026-08-09 17:46:57,714 | INFO | Created 16 vectorized Square environments
2026-08-09 17:46:57,714 | INFO | Set video key to 'agentview' for video recording
2026-08-09 17:46:58,801 | INFO | Created observation keys: ['observation.state', 'observation.images.agentview']
2026-08-09 17:46:58,812 | INFO | Created observation keys: ['observation.state', 'observation.images.agentview']
2026-08-09 17:46:58,841 | INFO | Created observation keys: ['observation.state', 'observation.images.agentview']
2026-08-09 17:46:58,846 | INFO | Created observation keys: ['observation.state', 'observation.images.agentview']
2026-08-09 17:46:58,861 | INFO | Created observation keys: ['observation.state', 'observation.images.agentview']
2026-08-09 17:46:58,869 | INFO | Created observation keys: ['observation.state', 'observation.images.agentview']
2026-08-09 17:46:58,870 | INFO | Created observation keys: ['observation.state', 'observation.images.agentview']
2026-08-09 17:46:58,900 | INFO | Created observation keys: ['observation.state', 'observation.images.agentview']
2026-08-09 17:46:58,900 | INFO | Created observation keys: ['observation.state', 'observation.images.agentview']
2026-08-09 17:46:58,916 | INFO | Created observation keys: ['observation.state', 'observation.images.agentview']
2026-08-09 17:46:58,917 | INFO | Created observation keys: ['observation.state', 'observation.images.agentview']
2026-08-09 17:46:58,918 | INFO | Created observation keys: ['observation.state', 'observation.images.agentview']
2026-08-09 17:46:58,919 | INFO | Created observation keys: ['observation.state', 'observation.images.agentview']
2026-08-09 17:46:58,922 | INFO | Created observation keys: ['observation.state', 'observation.images.agentview']
2026-08-09 17:46:58,965 | INFO | Created observation keys: ['observation.state', 'observation.images.agentview']
2026-08-09 17:46:59,015 | INFO | Created observation keys: ['observation.state', 'observation.images.agentview']
2026-08-09 17:47:42,625 | INFO | Running vine batch 8 with 16 lanes
num_visible_gpus: 1 [3] render_override: 3
2026-08-09 17:47:42,625 | INFO | Production mode: using gymnasium.vector.AsyncVectorEnv
2026-08-09 17:47:42,625 | INFO | Video key: agentview
2026-08-09 17:47:42,625 | INFO | Using image observation keys: ['agentview']
[robosuite INFO] Loading controller configuration from: /mnt/data/users/haoyu/workspace/code/fpo-control/manipulation_experiments/thirdparty/robosuite/robosuite/controllers/config/robots/default_panda.json (composite_controller_factory.py:121)
2026-08-09 17:47:42,625 | INFO | Loading controller configuration from: /mnt/data/users/haoyu/workspace/code/fpo-control/manipulation_experiments/thirdparty/robosuite/robosuite/controllers/config/robots/default_panda.json
render_gpu_device_id: 3
2026-08-09 17:47:43,538 | INFO | Successfully created NutAssemblySquare environment via robosuite.make() with cameras at 84x84
2026-08-09 17:47:43,538 | INFO | Configured cameras: ['agentview']
[robosuite WARNING] No private macro file found! (macros.py:57)
[robosuite WARNING] It is recommended to use a private macro file (macros.py:58)
[robosuite WARNING] To setup, run: python /mnt/data/users/haoyu/workspace/code/fpo-control/manipulation_experiments/thirdparty/robosuite/robosuite/scripts/setup_macros.py (macros.py:59)
[robosuite WARNING] No private macro file found! (macros.py:57)
[robosuite WARNING] It is recommended to use a private macro file (macros.py:58)
[robosuite WARNING] To setup, run: python /mnt/data/users/haoyu/workspace/code/fpo-control/manipulation_experiments/thirdparty/robosuite/robosuite/scripts/setup_macros.py (macros.py:59)
[robosuite WARNING] No private macro file found! (macros.py:57)
[robosuite WARNING] It is recommended to use a private macro file (macros.py:58)
[robosuite WARNING] To setup, run: python /mnt/data/users/haoyu/workspace/code/fpo-control/manipulation_experiments/thirdparty/robosuite/robosuite/scripts/setup_macros.py (macros.py:59)
[robosuite WARNING] No private macro file found! (macros.py:57)
[robosuite WARNING] It is recommended to use a private macro file (macros.py:58)
[robosuite WARNING] To setup, run: python /mnt/data/users/haoyu/workspace/code/fpo-control/manipulation_experiments/thirdparty/robosuite/robosuite/scripts/setup_macros.py (macros.py:59)
[robosuite WARNING] No private macro file found! (macros.py:57)
[robosuite WARNING] It is recommended to use a private macro file (macros.py:58)
[robosuite WARNING] To setup, run: python /mnt/data/users/haoyu/workspace/code/fpo-control/manipulation_experiments/thirdparty/robosuite/robosuite/scripts/setup_macros.py (macros.py:59)
[robosuite WARNING] No private macro file found! (macros.py:57)
[robosuite WARNING] It is recommended to use a private macro file (macros.py:58)
[robosuite WARNING] To setup, run: python /mnt/data/users/haoyu/workspace/code/fpo-control/manipulation_experiments/thirdparty/robosuite/robosuite/scripts/setup_macros.py (macros.py:59)
[robosuite WARNING] No private macro file found! (macros.py:57)
[robosuite WARNING] It is recommended to use a private macro file (macros.py:58)
[robosuite WARNING] To setup, run: python /mnt/data/users/haoyu/workspace/code/fpo-control/manipulation_experiments/thirdparty/robosuite/robosuite/scripts/setup_macros.py (macros.py:59)
[robosuite WARNING] No private macro file found! (macros.py:57)
[robosuite WARNING] It is recommended to use a private macro file (macros.py:58)
[robosuite WARNING] To setup, run: python /mnt/data/users/haoyu/workspace/code/fpo-control/manipulation_experiments/thirdparty/robosuite/robosuite/scripts/setup_macros.py (macros.py:59)
[robosuite WARNING] No private macro file found! (macros.py:57)
[robosuite WARNING] It is recommended to use a private macro file (macros.py:58)
[robosuite WARNING] To setup, run: python /mnt/data/users/haoyu/workspace/code/fpo-control/manipulation_experiments/thirdparty/robosuite/robosuite/scripts/setup_macros.py (macros.py:59)
[robosuite WARNING] No private macro file found! (macros.py:57)
[robosuite WARNING] It is recommended to use a private macro file (macros.py:58)
[robosuite WARNING] To setup, run: python /mnt/data/users/haoyu/workspace/code/fpo-control/manipulation_experiments/thirdparty/robosuite/robosuite/scripts/setup_macros.py (macros.py:59)
[robosuite WARNING] No private macro file found! (macros.py:57)
[robosuite WARNING] It is recommended to use a private macro file (macros.py:58)
[robosuite WARNING] To setup, run: python /mnt/data/users/haoyu/workspace/code/fpo-control/manipulation_experiments/thirdparty/robosuite/robosuite/scripts/setup_macros.py (macros.py:59)
[robosuite WARNING] No private macro file found! (macros.py:57)
[robosuite WARNING] It is recommended to use a private macro file (macros.py:58)
[robosuite WARNING] To setup, run: python /mnt/data/users/haoyu/workspace/code/fpo-control/manipulation_experiments/thirdparty/robosuite/robosuite/scripts/setup_macros.py (macros.py:59)
[robosuite WARNING] No private macro file found! (macros.py:57)
[robosuite WARNING] It is recommended to use a private macro file (macros.py:58)
[robosuite WARNING] To setup, run: python /mnt/data/users/haoyu/workspace/code/fpo-control/manipulation_experiments/thirdparty/robosuite/robosuite/scripts/setup_macros.py (macros.py:59)
[robosuite WARNING] No private macro file found! (macros.py:57)
[robosuite WARNING] It is recommended to use a private macro file (macros.py:58)
[robosuite WARNING] To setup, run: python /mnt/data/users/haoyu/workspace/code/fpo-control/manipulation_experiments/thirdparty/robosuite/robosuite/scripts/setup_macros.py (macros.py:59)
[robosuite WARNING] No private macro file found! (macros.py:57)
[robosuite WARNING] It is recommended to use a private macro file (macros.py:58)
[robosuite WARNING] To setup, run: python /mnt/data/users/haoyu/workspace/code/fpo-control/manipulation_experiments/thirdparty/robosuite/robosuite/scripts/setup_macros.py (macros.py:59)
[robosuite WARNING] No private macro file found! (macros.py:57)
[robosuite WARNING] It is recommended to use a private macro file (macros.py:58)
[robosuite WARNING] To setup, run: python /mnt/data/users/haoyu/workspace/code/fpo-control/manipulation_experiments/thirdparty/robosuite/robosuite/scripts/setup_macros.py (macros.py:59)
[robosuite WARNING] Could not import robosuite_models. Some robots may not be available. If you want to use these robots, please install robosuite_models from source (https://github.com/ARISE-Initiative/robosuite_models) or through pip install. (__init__.py:30)
[robosuite WARNING] Could not import robosuite_models. Some robots may not be available. If you want to use these robots, please install robosuite_models from source (https://github.com/ARISE-Initiative/robosuite_models) or through pip install. (__init__.py:30)
[robosuite WARNING] Could not import robosuite_models. Some robots may not be available. If you want to use these robots, please install robosuite_models from source (https://github.com/ARISE-Initiative/robosuite_models) or through pip install. (__init__.py:30)
[robosuite WARNING] Could not import robosuite_models. Some robots may not be available. If you want to use these robots, please install robosuite_models from source (https://github.com/ARISE-Initiative/robosuite_models) or through pip install. (__init__.py:30)
[robosuite WARNING] Could not import robosuite_models. Some robots may not be available. If you want to use these robots, please install robosuite_models from source (https://github.com/ARISE-Initiative/robosuite_models) or through pip install. (__init__.py:30)
[robosuite WARNING] Could not import robosuite_models. Some robots may not be available. If you want to use these robots, please install robosuite_models from source (https://github.com/ARISE-Initiative/robosuite_models) or through pip install. (__init__.py:30)
[robosuite WARNING] Could not import robosuite_models. Some robots may not be available. If you want to use these robots, please install robosuite_models from source (https://github.com/ARISE-Initiative/robosuite_models) or through pip install. (__init__.py:30)
[robosuite WARNING] Could not import robosuite_models. Some robots may not be available. If you want to use these robots, please install robosuite_models from source (https://github.com/ARISE-Initiative/robosuite_models) or through pip install. (__init__.py:30)
[robosuite WARNING] Could not import robosuite_models. Some robots may not be available. If you want to use these robots, please install robosuite_models from source (https://github.com/ARISE-Initiative/robosuite_models) or through pip install. (__init__.py:30)
[robosuite WARNING] Could not import robosuite_models. Some robots may not be available. If you want to use these robots, please install robosuite_models from source (https://github.com/ARISE-Initiative/robosuite_models) or through pip install. (__init__.py:30)
[robosuite WARNING] Could not import robosuite_models. Some robots may not be available. If you want to use these robots, please install robosuite_models from source (https://github.com/ARISE-Initiative/robosuite_models) or through pip install. (__init__.py:30)
[robosuite WARNING] Could not import robosuite_models. Some robots may not be available. If you want to use these robots, please install robosuite_models from source (https://github.com/ARISE-Initiative/robosuite_models) or through pip install. (__init__.py:30)
[robosuite WARNING] Could not import robosuite_models. Some robots may not be available. If you want to use these robots, please install robosuite_models from source (https://github.com/ARISE-Initiative/robosuite_models) or through pip install. (__init__.py:30)
[robosuite WARNING] Could not import robosuite_models. Some robots may not be available. If you want to use these robots, please install robosuite_models from source (https://github.com/ARISE-Initiative/robosuite_models) or through pip install. (__init__.py:30)
[robosuite WARNING] Could not import robosuite_models. Some robots may not be available. If you want to use these robots, please install robosuite_models from source (https://github.com/ARISE-Initiative/robosuite_models) or through pip install. (__init__.py:30)
[robosuite WARNING] Could not import robosuite_models. Some robots may not be available. If you want to use these robots, please install robosuite_models from source (https://github.com/ARISE-Initiative/robosuite_models) or through pip install. (__init__.py:30)
2026-08-09 17:47:51,999 | INFO | Video key: agentview
2026-08-09 17:47:51,999 | INFO | Using image observation keys: ['agentview']
2026-08-09 17:47:51,999 | INFO | Video key: agentview
2026-08-09 17:47:51,999 | INFO | Video key: agentview
2026-08-09 17:47:51,999 | INFO | Video key: agentview
2026-08-09 17:47:51,999 | INFO | Using image observation keys: ['agentview']
2026-08-09 17:47:51,999 | INFO | Video key: agentview
2026-08-09 17:47:51,999 | INFO | Video key: agentview
2026-08-09 17:47:51,999 | INFO | Using image observation keys: ['agentview']
2026-08-09 17:47:51,999 | INFO | Video key: agentview
2026-08-09 17:47:51,999 | INFO | Using image observation keys: ['agentview']
2026-08-09 17:47:51,999 | INFO | Using image observation keys: ['agentview']
2026-08-09 17:47:51,999 | INFO | Using image observation keys: ['agentview']
2026-08-09 17:47:51,999 | INFO | Using image observation keys: ['agentview']
[robosuite INFO] Loading controller configuration from: /mnt/data/users/haoyu/workspace/code/fpo-control/manipulation_experiments/thirdparty/robosuite/robosuite/controllers/config/robots/default_panda.json (composite_controller_factory.py:121)
2026-08-09 17:47:51,999 | INFO | Loading controller configuration from: /mnt/data/users/haoyu/workspace/code/fpo-control/manipulation_experiments/thirdparty/robosuite/robosuite/controllers/config/robots/default_panda.json
[robosuite INFO] Loading controller configuration from: /mnt/data/users/haoyu/workspace/code/fpo-control/manipulation_experiments/thirdparty/robosuite/robosuite/controllers/config/robots/default_panda.json (composite_controller_factory.py:121)
[robosuite INFO] Loading controller configuration from: /mnt/data/users/haoyu/workspace/code/fpo-control/manipulation_experiments/thirdparty/robosuite/robosuite/controllers/config/robots/default_panda.json (composite_controller_factory.py:121)
render_gpu_device_id: 3
2026-08-09 17:47:51,999 | INFO | Loading controller configuration from: /mnt/data/users/haoyu/workspace/code/fpo-control/manipulation_experiments/thirdparty/robosuite/robosuite/controllers/config/robots/default_panda.json
2026-08-09 17:47:51,999 | INFO | Loading controller configuration from: /mnt/data/users/haoyu/workspace/code/fpo-control/manipulation_experiments/thirdparty/robosuite/robosuite/controllers/config/robots/default_panda.json
[robosuite INFO] Loading controller configuration from: /mnt/data/users/haoyu/workspace/code/fpo-control/manipulation_experiments/thirdparty/robosuite/robosuite/controllers/config/robots/default_panda.json (composite_controller_factory.py:121)
2026-08-09 17:47:51,999 | INFO | Loading controller configuration from: /mnt/data/users/haoyu/workspace/code/fpo-control/manipulation_experiments/thirdparty/robosuite/robosuite/controllers/config/robots/default_panda.json
[robosuite INFO] Loading controller configuration from: /mnt/data/users/haoyu/workspace/code/fpo-control/manipulation_experiments/thirdparty/robosuite/robosuite/controllers/config/robots/default_panda.json (composite_controller_factory.py:121)
[robosuite INFO] Loading controller configuration from: /mnt/data/users/haoyu/workspace/code/fpo-control/manipulation_experiments/thirdparty/robosuite/robosuite/controllers/config/robots/default_panda.json (composite_controller_factory.py:121)
render_gpu_device_id: 3
render_gpu_device_id: 32026-08-09 17:47:51,999 | INFO | Loading controller configuration from: /mnt/data/users/haoyu/workspace/code/fpo-control/manipulation_experiments/thirdparty/robosuite/robosuite/controllers/config/robots/default_panda.json

[robosuite INFO] Loading controller configuration from: /mnt/data/users/haoyu/workspace/code/fpo-control/manipulation_experiments/thirdparty/robosuite/robosuite/controllers/config/robots/default_panda.json (composite_controller_factory.py:121)
2026-08-09 17:47:51,999 | INFO | Loading controller configuration from: /mnt/data/users/haoyu/workspace/code/fpo-control/manipulation_experiments/thirdparty/robosuite/robosuite/controllers/config/robots/default_panda.json
render_gpu_device_id: 3
2026-08-09 17:47:51,999 | INFO | Loading controller configuration from: /mnt/data/users/haoyu/workspace/code/fpo-control/manipulation_experiments/thirdparty/robosuite/robosuite/controllers/config/robots/default_panda.json
render_gpu_device_id: 3
render_gpu_device_id: 3
render_gpu_device_id: 3
2026-08-09 17:47:52,005 | INFO | Video key: agentview
2026-08-09 17:47:52,005 | INFO | Using image observation keys: ['agentview']
[robosuite INFO] Loading controller configuration from: /mnt/data/users/haoyu/workspace/code/fpo-control/manipulation_experiments/thirdparty/robosuite/robosuite/controllers/config/robots/default_panda.json (composite_controller_factory.py:121)
2026-08-09 17:47:52,005 | INFO | Loading controller configuration from: /mnt/data/users/haoyu/workspace/code/fpo-control/manipulation_experiments/thirdparty/robosuite/robosuite/controllers/config/robots/default_panda.json
render_gpu_device_id: 3
2026-08-09 17:47:52,011 | INFO | Video key: agentview
2026-08-09 17:47:52,011 | INFO | Using image observation keys: ['agentview']
[robosuite INFO] Loading controller configuration from: /mnt/data/users/haoyu/workspace/code/fpo-control/manipulation_experiments/thirdparty/robosuite/robosuite/controllers/config/robots/default_panda.json (composite_controller_factory.py:121)
2026-08-09 17:47:52,011 | INFO | Loading controller configuration from: /mnt/data/users/haoyu/workspace/code/fpo-control/manipulation_experiments/thirdparty/robosuite/robosuite/controllers/config/robots/default_panda.json
render_gpu_device_id: 3
2026-08-09 17:47:52,012 | INFO | Video key: agentview
2026-08-09 17:47:52,012 | INFO | Using image observation keys: ['agentview']
[robosuite INFO] Loading controller configuration from: /mnt/data/users/haoyu/workspace/code/fpo-control/manipulation_experiments/thirdparty/robosuite/robosuite/controllers/config/robots/default_panda.json (composite_controller_factory.py:121)
2026-08-09 17:47:52,012 | INFO | Loading controller configuration from: /mnt/data/users/haoyu/workspace/code/fpo-control/manipulation_experiments/thirdparty/robosuite/robosuite/controllers/config/robots/default_panda.json
render_gpu_device_id: 3
2026-08-09 17:47:52,015 | INFO | Video key: agentview
2026-08-09 17:47:52,015 | INFO | Using image observation keys: ['agentview']
[robosuite INFO] Loading controller configuration from: /mnt/data/users/haoyu/workspace/code/fpo-control/manipulation_experiments/thirdparty/robosuite/robosuite/controllers/config/robots/default_panda.json (composite_controller_factory.py:121)
2026-08-09 17:47:52,015 | INFO | Loading controller configuration from: /mnt/data/users/haoyu/workspace/code/fpo-control/manipulation_experiments/thirdparty/robosuite/robosuite/controllers/config/robots/default_panda.json
render_gpu_device_id: 3
2026-08-09 17:47:52,016 | INFO | Video key: agentview
2026-08-09 17:47:52,016 | INFO | Video key: agentview
2026-08-09 17:47:52,016 | INFO | Using image observation keys: ['agentview']
2026-08-09 17:47:52,016 | INFO | Using image observation keys: ['agentview']
[robosuite INFO] Loading controller configuration from: /mnt/data/users/haoyu/workspace/code/fpo-control/manipulation_experiments/thirdparty/robosuite/robosuite/controllers/config/robots/default_panda.json (composite_controller_factory.py:121)
[robosuite INFO] Loading controller configuration from: /mnt/data/users/haoyu/workspace/code/fpo-control/manipulation_experiments/thirdparty/robosuite/robosuite/controllers/config/robots/default_panda.json (composite_controller_factory.py:121)
2026-08-09 17:47:52,016 | INFO | Loading controller configuration from: /mnt/data/users/haoyu/workspace/code/fpo-control/manipulation_experiments/thirdparty/robosuite/robosuite/controllers/config/robots/default_panda.json
2026-08-09 17:47:52,016 | INFO | Loading controller configuration from: /mnt/data/users/haoyu/workspace/code/fpo-control/manipulation_experiments/thirdparty/robosuite/robosuite/controllers/config/robots/default_panda.json
render_gpu_device_id: 3render_gpu_device_id: 3

2026-08-09 17:47:52,059 | INFO | Video key: agentview
2026-08-09 17:47:52,059 | INFO | Using image observation keys: ['agentview']
[robosuite INFO] Loading controller configuration from: /mnt/data/users/haoyu/workspace/code/fpo-control/manipulation_experiments/thirdparty/robosuite/robosuite/controllers/config/robots/default_panda.json (composite_controller_factory.py:121)
2026-08-09 17:47:52,060 | INFO | Loading controller configuration from: /mnt/data/users/haoyu/workspace/code/fpo-control/manipulation_experiments/thirdparty/robosuite/robosuite/controllers/config/robots/default_panda.json
render_gpu_device_id: 3
2026-08-09 17:47:52,117 | INFO | Video key: agentview
2026-08-09 17:47:52,117 | INFO | Using image observation keys: ['agentview']
[robosuite INFO] Loading controller configuration from: /mnt/data/users/haoyu/workspace/code/fpo-control/manipulation_experiments/thirdparty/robosuite/robosuite/controllers/config/robots/default_panda.json (composite_controller_factory.py:121)
2026-08-09 17:47:52,118 | INFO | Loading controller configuration from: /mnt/data/users/haoyu/workspace/code/fpo-control/manipulation_experiments/thirdparty/robosuite/robosuite/controllers/config/robots/default_panda.json
render_gpu_device_id: 3
2026-08-09 17:47:52,119 | INFO | Video key: agentview
2026-08-09 17:47:52,119 | INFO | Using image observation keys: ['agentview']
[robosuite INFO] Loading controller configuration from: /mnt/data/users/haoyu/workspace/code/fpo-control/manipulation_experiments/thirdparty/robosuite/robosuite/controllers/config/robots/default_panda.json (composite_controller_factory.py:121)
2026-08-09 17:47:52,119 | INFO | Loading controller configuration from: /mnt/data/users/haoyu/workspace/code/fpo-control/manipulation_experiments/thirdparty/robosuite/robosuite/controllers/config/robots/default_panda.json
render_gpu_device_id: 3
2026-08-09 17:47:53,848 | INFO | Successfully created NutAssemblySquare environment via robosuite.make() with cameras at 84x84
2026-08-09 17:47:53,848 | INFO | Configured cameras: ['agentview']
2026-08-09 17:47:53,865 | INFO | Successfully created NutAssemblySquare environment via robosuite.make() with cameras at 84x84
2026-08-09 17:47:53,865 | INFO | Configured cameras: ['agentview']
2026-08-09 17:47:53,866 | INFO | Successfully created NutAssemblySquare environment via robosuite.make() with cameras at 84x84
2026-08-09 17:47:53,866 | INFO | Configured cameras: ['agentview']
2026-08-09 17:47:53,868 | INFO | Successfully created NutAssemblySquare environment via robosuite.make() with cameras at 84x84
2026-08-09 17:47:53,868 | INFO | Configured cameras: ['agentview']
2026-08-09 17:47:53,869 | INFO | Successfully created NutAssemblySquare environment via robosuite.make() with cameras at 84x84
2026-08-09 17:47:53,870 | INFO | Configured cameras: ['agentview']
2026-08-09 17:47:53,880 | INFO | Successfully created NutAssemblySquare environment via robosuite.make() with cameras at 84x84
2026-08-09 17:47:53,880 | INFO | Configured cameras: ['agentview']
2026-08-09 17:47:53,885 | INFO | Successfully created NutAssemblySquare environment via robosuite.make() with cameras at 84x84
2026-08-09 17:47:53,885 | INFO | Configured cameras: ['agentview']
2026-08-09 17:47:53,892 | INFO | Successfully created NutAssemblySquare environment via robosuite.make() with cameras at 84x84
2026-08-09 17:47:53,892 | INFO | Configured cameras: ['agentview']
2026-08-09 17:47:53,899 | INFO | Successfully created NutAssemblySquare environment via robosuite.make() with cameras at 84x84
2026-08-09 17:47:53,899 | INFO | Configured cameras: ['agentview']
2026-08-09 17:47:53,910 | INFO | Successfully created NutAssemblySquare environment via robosuite.make() with cameras at 84x84
2026-08-09 17:47:53,910 | INFO | Configured cameras: ['agentview']
2026-08-09 17:47:53,915 | INFO | Successfully created NutAssemblySquare environment via robosuite.make() with cameras at 84x84
2026-08-09 17:47:53,915 | INFO | Configured cameras: ['agentview']
2026-08-09 17:47:53,923 | INFO | Successfully created NutAssemblySquare environment via robosuite.make() with cameras at 84x84
2026-08-09 17:47:53,924 | INFO | Configured cameras: ['agentview']
2026-08-09 17:47:53,950 | INFO | Successfully created NutAssemblySquare environment via robosuite.make() with cameras at 84x84
2026-08-09 17:47:53,950 | INFO | Configured cameras: ['agentview']
2026-08-09 17:47:53,966 | INFO | Successfully created NutAssemblySquare environment via robosuite.make() with cameras at 84x84
2026-08-09 17:47:53,966 | INFO | Configured cameras: ['agentview']
2026-08-09 17:47:54,036 | INFO | Successfully created NutAssemblySquare environment via robosuite.make() with cameras at 84x84
2026-08-09 17:47:54,036 | INFO | Configured cameras: ['agentview']
2026-08-09 17:47:54,069 | INFO | Successfully created NutAssemblySquare environment via robosuite.make() with cameras at 84x84
2026-08-09 17:47:54,070 | INFO | Configured cameras: ['agentview']
2026-08-09 17:47:55,340 | INFO | Created 16 vectorized Square environments
2026-08-09 17:47:55,340 | INFO | Set video key to 'agentview' for video recording
2026-08-09 17:47:56,437 | INFO | Created observation keys: ['observation.state', 'observation.images.agentview']
2026-08-09 17:47:56,467 | INFO | Created observation keys: ['observation.state', 'observation.images.agentview']
2026-08-09 17:47:56,474 | INFO | Created observation keys: ['observation.state', 'observation.images.agentview']
2026-08-09 17:47:56,490 | INFO | Created observation keys: ['observation.state', 'observation.images.agentview']
2026-08-09 17:47:56,498 | INFO | Created observation keys: ['observation.state', 'observation.images.agentview']
2026-08-09 17:47:56,501 | INFO | Created observation keys: ['observation.state', 'observation.images.agentview']
2026-08-09 17:47:56,504 | INFO | Created observation keys: ['observation.state', 'observation.images.agentview']
2026-08-09 17:47:56,504 | INFO | Created observation keys: ['observation.state', 'observation.images.agentview']
2026-08-09 17:47:56,523 | INFO | Created observation keys: ['observation.state', 'observation.images.agentview']
2026-08-09 17:47:56,524 | INFO | Created observation keys: ['observation.state', 'observation.images.agentview']
2026-08-09 17:47:56,526 | INFO | Created observation keys: ['observation.state', 'observation.images.agentview']
2026-08-09 17:47:56,555 | INFO | Created observation keys: ['observation.state', 'observation.images.agentview']
2026-08-09 17:47:56,573 | INFO | Created observation keys: ['observation.state', 'observation.images.agentview']
2026-08-09 17:47:56,586 | INFO | Created observation keys: ['observation.state', 'observation.images.agentview']
2026-08-09 17:47:56,588 | INFO | Created observation keys: ['observation.state', 'observation.images.agentview']
2026-08-09 17:47:56,669 | INFO | Created observation keys: ['observation.state', 'observation.images.agentview']
2026-08-09 17:48:40,820 | INFO | Running vine batch 9 with 16 lanes
num_visible_gpus: 1 [3] render_override: 3
2026-08-09 17:48:40,820 | INFO | Production mode: using gymnasium.vector.AsyncVectorEnv
2026-08-09 17:48:40,820 | INFO | Video key: agentview
2026-08-09 17:48:40,820 | INFO | Using image observation keys: ['agentview']
[robosuite INFO] Loading controller configuration from: /mnt/data/users/haoyu/workspace/code/fpo-control/manipulation_experiments/thirdparty/robosuite/robosuite/controllers/config/robots/default_panda.json (composite_controller_factory.py:121)
2026-08-09 17:48:40,821 | INFO | Loading controller configuration from: /mnt/data/users/haoyu/workspace/code/fpo-control/manipulation_experiments/thirdparty/robosuite/robosuite/controllers/config/robots/default_panda.json
render_gpu_device_id: 3
2026-08-09 17:48:41,738 | INFO | Successfully created NutAssemblySquare environment via robosuite.make() with cameras at 84x84
2026-08-09 17:48:41,738 | INFO | Configured cameras: ['agentview']
[robosuite WARNING] No private macro file found! (macros.py:57)
[robosuite WARNING] It is recommended to use a private macro file (macros.py:58)
[robosuite WARNING] To setup, run: python /mnt/data/users/haoyu/workspace/code/fpo-control/manipulation_experiments/thirdparty/robosuite/robosuite/scripts/setup_macros.py (macros.py:59)
[robosuite WARNING] No private macro file found! (macros.py:57)
[robosuite WARNING] It is recommended to use a private macro file (macros.py:58)
[robosuite WARNING] To setup, run: python /mnt/data/users/haoyu/workspace/code/fpo-control/manipulation_experiments/thirdparty/robosuite/robosuite/scripts/setup_macros.py (macros.py:59)
[robosuite WARNING] No private macro file found! (macros.py:57)
[robosuite WARNING] It is recommended to use a private macro file (macros.py:58)
[robosuite WARNING] To setup, run: python /mnt/data/users/haoyu/workspace/code/fpo-control/manipulation_experiments/thirdparty/robosuite/robosuite/scripts/setup_macros.py (macros.py:59)
[robosuite WARNING] No private macro file found! (macros.py:57)
[robosuite WARNING] No private macro file found! (macros.py:57)
[robosuite WARNING] No private macro file found! (macros.py:57)
[robosuite WARNING] It is recommended to use a private macro file (macros.py:58)
[robosuite WARNING] It is recommended to use a private macro file (macros.py:58)
[robosuite WARNING] It is recommended to use a private macro file (macros.py:58)
[robosuite WARNING] To setup, run: python /mnt/data/users/haoyu/workspace/code/fpo-control/manipulation_experiments/thirdparty/robosuite/robosuite/scripts/setup_macros.py (macros.py:59)
[robosuite WARNING] To setup, run: python /mnt/data/users/haoyu/workspace/code/fpo-control/manipulation_experiments/thirdparty/robosuite/robosuite/scripts/setup_macros.py (macros.py:59)
[robosuite WARNING] To setup, run: python /mnt/data/users/haoyu/workspace/code/fpo-control/manipulation_experiments/thirdparty/robosuite/robosuite/scripts/setup_macros.py (macros.py:59)
[robosuite WARNING] No private macro file found! (macros.py:57)
[robosuite WARNING] It is recommended to use a private macro file (macros.py:58)
[robosuite WARNING] To setup, run: python /mnt/data/users/haoyu/workspace/code/fpo-control/manipulation_experiments/thirdparty/robosuite/robosuite/scripts/setup_macros.py (macros.py:59)
[robosuite WARNING] No private macro file found! (macros.py:57)
[robosuite WARNING] It is recommended to use a private macro file (macros.py:58)
[robosuite WARNING] To setup, run: python /mnt/data/users/haoyu/workspace/code/fpo-control/manipulation_experiments/thirdparty/robosuite/robosuite/scripts/setup_macros.py (macros.py:59)
[robosuite WARNING] No private macro file found! (macros.py:57)
[robosuite WARNING] It is recommended to use a private macro file (macros.py:58)
[robosuite WARNING] To setup, run: python /mnt/data/users/haoyu/workspace/code/fpo-control/manipulation_experiments/thirdparty/robosuite/robosuite/scripts/setup_macros.py (macros.py:59)
[robosuite WARNING] No private macro file found! (macros.py:57)
[robosuite WARNING] It is recommended to use a private macro file (macros.py:58)
[robosuite WARNING] To setup, run: python /mnt/data/users/haoyu/workspace/code/fpo-control/manipulation_experiments/thirdparty/robosuite/robosuite/scripts/setup_macros.py (macros.py:59)
[robosuite WARNING] No private macro file found! (macros.py:57)
[robosuite WARNING] It is recommended to use a private macro file (macros.py:58)
[robosuite WARNING] To setup, run: python /mnt/data/users/haoyu/workspace/code/fpo-control/manipulation_experiments/thirdparty/robosuite/robosuite/scripts/setup_macros.py (macros.py:59)
[robosuite WARNING] No private macro file found! (macros.py:57)
[robosuite WARNING] It is recommended to use a private macro file (macros.py:58)
[robosuite WARNING] No private macro file found! (macros.py:57)
[robosuite WARNING] To setup, run: python /mnt/data/users/haoyu/workspace/code/fpo-control/manipulation_experiments/thirdparty/robosuite/robosuite/scripts/setup_macros.py (macros.py:59)
[robosuite WARNING] It is recommended to use a private macro file (macros.py:58)
[robosuite WARNING] To setup, run: python /mnt/data/users/haoyu/workspace/code/fpo-control/manipulation_experiments/thirdparty/robosuite/robosuite/scripts/setup_macros.py (macros.py:59)
[robosuite WARNING] No private macro file found! (macros.py:57)
[robosuite WARNING] It is recommended to use a private macro file (macros.py:58)
[robosuite WARNING] To setup, run: python /mnt/data/users/haoyu/workspace/code/fpo-control/manipulation_experiments/thirdparty/robosuite/robosuite/scripts/setup_macros.py (macros.py:59)
[robosuite WARNING] No private macro file found! (macros.py:57)
[robosuite WARNING] It is recommended to use a private macro file (macros.py:58)
[robosuite WARNING] To setup, run: python /mnt/data/users/haoyu/workspace/code/fpo-control/manipulation_experiments/thirdparty/robosuite/robosuite/scripts/setup_macros.py (macros.py:59)
[robosuite WARNING] No private macro file found! (macros.py:57)
[robosuite WARNING] It is recommended to use a private macro file (macros.py:58)
[robosuite WARNING] To setup, run: python /mnt/data/users/haoyu/workspace/code/fpo-control/manipulation_experiments/thirdparty/robosuite/robosuite/scripts/setup_macros.py (macros.py:59)
[robosuite WARNING] Could not import robosuite_models. Some robots may not be available. If you want to use these robots, please install robosuite_models from source (https://github.com/ARISE-Initiative/robosuite_models) or through pip install. (__init__.py:30)
[robosuite WARNING] Could not import robosuite_models. Some robots may not be available. If you want to use these robots, please install robosuite_models from source (https://github.com/ARISE-Initiative/robosuite_models) or through pip install. (__init__.py:30)
[robosuite WARNING] Could not import robosuite_models. Some robots may not be available. If you want to use these robots, please install robosuite_models from source (https://github.com/ARISE-Initiative/robosuite_models) or through pip install. (__init__.py:30)
[robosuite WARNING] Could not import robosuite_models. Some robots may not be available. If you want to use these robots, please install robosuite_models from source (https://github.com/ARISE-Initiative/robosuite_models) or through pip install. (__init__.py:30)
[robosuite WARNING] Could not import robosuite_models. Some robots may not be available. If you want to use these robots, please install robosuite_models from source (https://github.com/ARISE-Initiative/robosuite_models) or through pip install. (__init__.py:30)
[robosuite WARNING] Could not import robosuite_models. Some robots may not be available. If you want to use these robots, please install robosuite_models from source (https://github.com/ARISE-Initiative/robosuite_models) or through pip install. (__init__.py:30)
[robosuite WARNING] Could not import robosuite_models. Some robots may not be available. If you want to use these robots, please install robosuite_models from source (https://github.com/ARISE-Initiative/robosuite_models) or through pip install. (__init__.py:30)
[robosuite WARNING] Could not import robosuite_models. Some robots may not be available. If you want to use these robots, please install robosuite_models from source (https://github.com/ARISE-Initiative/robosuite_models) or through pip install. (__init__.py:30)
[robosuite WARNING] Could not import robosuite_models. Some robots may not be available. If you want to use these robots, please install robosuite_models from source (https://github.com/ARISE-Initiative/robosuite_models) or through pip install. (__init__.py:30)
[robosuite WARNING] Could not import robosuite_models. Some robots may not be available. If you want to use these robots, please install robosuite_models from source (https://github.com/ARISE-Initiative/robosuite_models) or through pip install. (__init__.py:30)
[robosuite WARNING] Could not import robosuite_models. Some robots may not be available. If you want to use these robots, please install robosuite_models from source (https://github.com/ARISE-Initiative/robosuite_models) or through pip install. (__init__.py:30)
[robosuite WARNING] Could not import robosuite_models. Some robots may not be available. If you want to use these robots, please install robosuite_models from source (https://github.com/ARISE-Initiative/robosuite_models) or through pip install. (__init__.py:30)
[robosuite WARNING] Could not import robosuite_models. Some robots may not be available. If you want to use these robots, please install robosuite_models from source (https://github.com/ARISE-Initiative/robosuite_models) or through pip install. (__init__.py:30)
[robosuite WARNING] Could not import robosuite_models. Some robots may not be available. If you want to use these robots, please install robosuite_models from source (https://github.com/ARISE-Initiative/robosuite_models) or through pip install. (__init__.py:30)
[robosuite WARNING] Could not import robosuite_models. Some robots may not be available. If you want to use these robots, please install robosuite_models from source (https://github.com/ARISE-Initiative/robosuite_models) or through pip install. (__init__.py:30)
[robosuite WARNING] Could not import robosuite_models. Some robots may not be available. If you want to use these robots, please install robosuite_models from source (https://github.com/ARISE-Initiative/robosuite_models) or through pip install. (__init__.py:30)
2026-08-09 17:48:49,283 | INFO | Video key: agentview
2026-08-09 17:48:49,283 | INFO | Using image observation keys: ['agentview']
[robosuite INFO] Loading controller configuration from: /mnt/data/users/haoyu/workspace/code/fpo-control/manipulation_experiments/thirdparty/robosuite/robosuite/controllers/config/robots/default_panda.json (composite_controller_factory.py:121)
2026-08-09 17:48:49,283 | INFO | Loading controller configuration from: /mnt/data/users/haoyu/workspace/code/fpo-control/manipulation_experiments/thirdparty/robosuite/robosuite/controllers/config/robots/default_panda.json
2026-08-09 17:48:49,283 | INFO | Video key: agentview
render_gpu_device_id: 3
2026-08-09 17:48:49,283 | INFO | Using image observation keys: ['agentview']
[robosuite INFO] Loading controller configuration from: /mnt/data/users/haoyu/workspace/code/fpo-control/manipulation_experiments/thirdparty/robosuite/robosuite/controllers/config/robots/default_panda.json (composite_controller_factory.py:121)
2026-08-09 17:48:49,283 | INFO | Loading controller configuration from: /mnt/data/users/haoyu/workspace/code/fpo-control/manipulation_experiments/thirdparty/robosuite/robosuite/controllers/config/robots/default_panda.json
render_gpu_device_id: 3
2026-08-09 17:48:49,621 | INFO | Video key: agentview
2026-08-09 17:48:49,621 | INFO | Using image observation keys: ['agentview']
[robosuite INFO] Loading controller configuration from: /mnt/data/users/haoyu/workspace/code/fpo-control/manipulation_experiments/thirdparty/robosuite/robosuite/controllers/config/robots/default_panda.json (composite_controller_factory.py:121)
2026-08-09 17:48:49,621 | INFO | Loading controller configuration from: /mnt/data/users/haoyu/workspace/code/fpo-control/manipulation_experiments/thirdparty/robosuite/robosuite/controllers/config/robots/default_panda.json
render_gpu_device_id: 3
2026-08-09 17:48:49,660 | INFO | Video key: agentview
2026-08-09 17:48:49,660 | INFO | Using image observation keys: ['agentview']
[robosuite INFO] Loading controller configuration from: /mnt/data/users/haoyu/workspace/code/fpo-control/manipulation_experiments/thirdparty/robosuite/robosuite/controllers/config/robots/default_panda.json (composite_controller_factory.py:121)
2026-08-09 17:48:49,661 | INFO | Loading controller configuration from: /mnt/data/users/haoyu/workspace/code/fpo-control/manipulation_experiments/thirdparty/robosuite/robosuite/controllers/config/robots/default_panda.json
render_gpu_device_id: 3
2026-08-09 17:48:49,669 | INFO | Video key: agentview
2026-08-09 17:48:49,669 | INFO | Using image observation keys: ['agentview']
[robosuite INFO] Loading controller configuration from: /mnt/data/users/haoyu/workspace/code/fpo-control/manipulation_experiments/thirdparty/robosuite/robosuite/controllers/config/robots/default_panda.json (composite_controller_factory.py:121)
2026-08-09 17:48:49,669 | INFO | Loading controller configuration from: /mnt/data/users/haoyu/workspace/code/fpo-control/manipulation_experiments/thirdparty/robosuite/robosuite/controllers/config/robots/default_panda.json
render_gpu_device_id: 3
2026-08-09 17:48:49,671 | INFO | Video key: agentview
2026-08-09 17:48:49,671 | INFO | Using image observation keys: ['agentview']
[robosuite INFO] Loading controller configuration from: /mnt/data/users/haoyu/workspace/code/fpo-control/manipulation_experiments/thirdparty/robosuite/robosuite/controllers/config/robots/default_panda.json (composite_controller_factory.py:121)
2026-08-09 17:48:49,671 | INFO | Loading controller configuration from: /mnt/data/users/haoyu/workspace/code/fpo-control/manipulation_experiments/thirdparty/robosuite/robosuite/controllers/config/robots/default_panda.json
render_gpu_device_id: 3
2026-08-09 17:48:49,672 | INFO | Video key: agentview
2026-08-09 17:48:49,672 | INFO | Using image observation keys: ['agentview']
[robosuite INFO] Loading controller configuration from: /mnt/data/users/haoyu/workspace/code/fpo-control/manipulation_experiments/thirdparty/robosuite/robosuite/controllers/config/robots/default_panda.json (composite_controller_factory.py:121)
2026-08-09 17:48:49,672 | INFO | Loading controller configuration from: /mnt/data/users/haoyu/workspace/code/fpo-control/manipulation_experiments/thirdparty/robosuite/robosuite/controllers/config/robots/default_panda.json
render_gpu_device_id: 3
2026-08-09 17:48:49,706 | INFO | Video key: agentview
2026-08-09 17:48:49,706 | INFO | Using image observation keys: ['agentview']
[robosuite INFO] Loading controller configuration from: /mnt/data/users/haoyu/workspace/code/fpo-control/manipulation_experiments/thirdparty/robosuite/robosuite/controllers/config/robots/default_panda.json (composite_controller_factory.py:121)
2026-08-09 17:48:49,706 | INFO | Loading controller configuration from: /mnt/data/users/haoyu/workspace/code/fpo-control/manipulation_experiments/thirdparty/robosuite/robosuite/controllers/config/robots/default_panda.json
render_gpu_device_id: 3
2026-08-09 17:48:49,714 | INFO | Video key: agentview
2026-08-09 17:48:49,714 | INFO | Video key: agentview
2026-08-09 17:48:49,714 | INFO | Using image observation keys: ['agentview']
2026-08-09 17:48:49,714 | INFO | Using image observation keys: ['agentview']
[robosuite INFO] Loading controller configuration from: /mnt/data/users/haoyu/workspace/code/fpo-control/manipulation_experiments/thirdparty/robosuite/robosuite/controllers/config/robots/default_panda.json (composite_controller_factory.py:121)
[robosuite INFO] Loading controller configuration from: /mnt/data/users/haoyu/workspace/code/fpo-control/manipulation_experiments/thirdparty/robosuite/robosuite/controllers/config/robots/default_panda.json (composite_controller_factory.py:121)
2026-08-09 17:48:49,714 | INFO | Loading controller configuration from: /mnt/data/users/haoyu/workspace/code/fpo-control/manipulation_experiments/thirdparty/robosuite/robosuite/controllers/config/robots/default_panda.json
2026-08-09 17:48:49,714 | INFO | Loading controller configuration from: /mnt/data/users/haoyu/workspace/code/fpo-control/manipulation_experiments/thirdparty/robosuite/robosuite/controllers/config/robots/default_panda.json
render_gpu_device_id: 3
render_gpu_device_id: 3
2026-08-09 17:48:49,716 | INFO | Video key: agentview
2026-08-09 17:48:49,716 | INFO | Using image observation keys: ['agentview']
[robosuite INFO] Loading controller configuration from: /mnt/data/users/haoyu/workspace/code/fpo-control/manipulation_experiments/thirdparty/robosuite/robosuite/controllers/config/robots/default_panda.json (composite_controller_factory.py:121)
2026-08-09 17:48:49,716 | INFO | Video key: agentview
2026-08-09 17:48:49,716 | INFO | Loading controller configuration from: /mnt/data/users/haoyu/workspace/code/fpo-control/manipulation_experiments/thirdparty/robosuite/robosuite/controllers/config/robots/default_panda.json
render_gpu_device_id: 3
2026-08-09 17:48:49,716 | INFO | Using image observation keys: ['agentview']
[robosuite INFO] Loading controller configuration from: /mnt/data/users/haoyu/workspace/code/fpo-control/manipulation_experiments/thirdparty/robosuite/robosuite/controllers/config/robots/default_panda.json (composite_controller_factory.py:121)
2026-08-09 17:48:49,716 | INFO | Loading controller configuration from: /mnt/data/users/haoyu/workspace/code/fpo-control/manipulation_experiments/thirdparty/robosuite/robosuite/controllers/config/robots/default_panda.json
render_gpu_device_id: 3
2026-08-09 17:48:49,716 | INFO | Video key: agentview
2026-08-09 17:48:49,716 | INFO | Using image observation keys: ['agentview']
[robosuite INFO] Loading controller configuration from: /mnt/data/users/haoyu/workspace/code/fpo-control/manipulation_experiments/thirdparty/robosuite/robosuite/controllers/config/robots/default_panda.json (composite_controller_factory.py:121)
2026-08-09 17:48:49,716 | INFO | Loading controller configuration from: /mnt/data/users/haoyu/workspace/code/fpo-control/manipulation_experiments/thirdparty/robosuite/robosuite/controllers/config/robots/default_panda.json
render_gpu_device_id: 3
2026-08-09 17:48:49,723 | INFO | Video key: agentview
2026-08-09 17:48:49,723 | INFO | Using image observation keys: ['agentview']
[robosuite INFO] Loading controller configuration from: /mnt/data/users/haoyu/workspace/code/fpo-control/manipulation_experiments/thirdparty/robosuite/robosuite/controllers/config/robots/default_panda.json (composite_controller_factory.py:121)
2026-08-09 17:48:49,723 | INFO | Loading controller configuration from: /mnt/data/users/haoyu/workspace/code/fpo-control/manipulation_experiments/thirdparty/robosuite/robosuite/controllers/config/robots/default_panda.json
render_gpu_device_id: 3
2026-08-09 17:48:49,739 | INFO | Video key: agentview
2026-08-09 17:48:49,739 | INFO | Using image observation keys: ['agentview']
[robosuite INFO] Loading controller configuration from: /mnt/data/users/haoyu/workspace/code/fpo-control/manipulation_experiments/thirdparty/robosuite/robosuite/controllers/config/robots/default_panda.json (composite_controller_factory.py:121)
2026-08-09 17:48:49,739 | INFO | Loading controller configuration from: /mnt/data/users/haoyu/workspace/code/fpo-control/manipulation_experiments/thirdparty/robosuite/robosuite/controllers/config/robots/default_panda.json
render_gpu_device_id: 3
2026-08-09 17:48:49,740 | INFO | Video key: agentview
2026-08-09 17:48:49,740 | INFO | Using image observation keys: ['agentview']
[robosuite INFO] Loading controller configuration from: /mnt/data/users/haoyu/workspace/code/fpo-control/manipulation_experiments/thirdparty/robosuite/robosuite/controllers/config/robots/default_panda.json (composite_controller_factory.py:121)
2026-08-09 17:48:49,740 | INFO | Loading controller configuration from: /mnt/data/users/haoyu/workspace/code/fpo-control/manipulation_experiments/thirdparty/robosuite/robosuite/controllers/config/robots/default_panda.json
render_gpu_device_id: 3
2026-08-09 17:48:51,212 | INFO | Successfully created NutAssemblySquare environment via robosuite.make() with cameras at 84x84
2026-08-09 17:48:51,212 | INFO | Configured cameras: ['agentview']
2026-08-09 17:48:51,213 | INFO | Successfully created NutAssemblySquare environment via robosuite.make() with cameras at 84x84
2026-08-09 17:48:51,213 | INFO | Configured cameras: ['agentview']
2026-08-09 17:48:51,475 | INFO | Successfully created NutAssemblySquare environment via robosuite.make() with cameras at 84x84
2026-08-09 17:48:51,476 | INFO | Configured cameras: ['agentview']
2026-08-09 17:48:51,516 | INFO | Successfully created NutAssemblySquare environment via robosuite.make() with cameras at 84x84
2026-08-09 17:48:51,516 | INFO | Configured cameras: ['agentview']
2026-08-09 17:48:51,520 | INFO | Successfully created NutAssemblySquare environment via robosuite.make() with cameras at 84x84
2026-08-09 17:48:51,520 | INFO | Configured cameras: ['agentview']
2026-08-09 17:48:51,523 | INFO | Successfully created NutAssemblySquare environment via robosuite.make() with cameras at 84x84
2026-08-09 17:48:51,523 | INFO | Configured cameras: ['agentview']
2026-08-09 17:48:51,528 | INFO | Successfully created NutAssemblySquare environment via robosuite.make() with cameras at 84x84
2026-08-09 17:48:51,528 | INFO | Configured cameras: ['agentview']
2026-08-09 17:48:51,565 | INFO | Successfully created NutAssemblySquare environment via robosuite.make() with cameras at 84x84
2026-08-09 17:48:51,565 | INFO | Configured cameras: ['agentview']
2026-08-09 17:48:51,582 | INFO | Successfully created NutAssemblySquare environment via robosuite.make() with cameras at 84x84
2026-08-09 17:48:51,582 | INFO | Configured cameras: ['agentview']
2026-08-09 17:48:51,584 | INFO | Successfully created NutAssemblySquare environment via robosuite.make() with cameras at 84x84
2026-08-09 17:48:51,584 | INFO | Configured cameras: ['agentview']
2026-08-09 17:48:51,590 | INFO | Successfully created NutAssemblySquare environment via robosuite.make() with cameras at 84x84
2026-08-09 17:48:51,591 | INFO | Configured cameras: ['agentview']
2026-08-09 17:48:51,593 | INFO | Successfully created NutAssemblySquare environment via robosuite.make() with cameras at 84x84
2026-08-09 17:48:51,593 | INFO | Configured cameras: ['agentview']
2026-08-09 17:48:51,608 | INFO | Successfully created NutAssemblySquare environment via robosuite.make() with cameras at 84x84
2026-08-09 17:48:51,608 | INFO | Configured cameras: ['agentview']
2026-08-09 17:48:51,624 | INFO | Successfully created NutAssemblySquare environment via robosuite.make() with cameras at 84x84
2026-08-09 17:48:51,624 | INFO | Configured cameras: ['agentview']
2026-08-09 17:48:51,626 | INFO | Successfully created NutAssemblySquare environment via robosuite.make() with cameras at 84x84
2026-08-09 17:48:51,626 | INFO | Configured cameras: ['agentview']
2026-08-09 17:48:51,628 | INFO | Successfully created NutAssemblySquare environment via robosuite.make() with cameras at 84x84
2026-08-09 17:48:51,628 | INFO | Configured cameras: ['agentview']
2026-08-09 17:48:52,961 | INFO | Created 16 vectorized Square environments
2026-08-09 17:48:52,961 | INFO | Set video key to 'agentview' for video recording
2026-08-09 17:48:54,052 | INFO | Created observation keys: ['observation.state', 'observation.images.agentview']
2026-08-09 17:48:54,059 | INFO | Created observation keys: ['observation.state', 'observation.images.agentview']
2026-08-09 17:48:54,066 | INFO | Created observation keys: ['observation.state', 'observation.images.agentview']
2026-08-09 17:48:54,081 | INFO | Created observation keys: ['observation.state', 'observation.images.agentview']
2026-08-09 17:48:54,110 | INFO | Created observation keys: ['observation.state', 'observation.images.agentview']
2026-08-09 17:48:54,152 | INFO | Created observation keys: ['observation.state', 'observation.images.agentview']
2026-08-09 17:48:54,167 | INFO | Created observation keys: ['observation.state', 'observation.images.agentview']
2026-08-09 17:48:54,176 | INFO | Created observation keys: ['observation.state', 'observation.images.agentview']
2026-08-09 17:48:54,182 | INFO | Created observation keys: ['observation.state', 'observation.images.agentview']
2026-08-09 17:48:54,187 | INFO | Created observation keys: ['observation.state', 'observation.images.agentview']
2026-08-09 17:48:54,198 | INFO | Created observation keys: ['observation.state', 'observation.images.agentview']
2026-08-09 17:48:54,214 | INFO | Created observation keys: ['observation.state', 'observation.images.agentview']
2026-08-09 17:48:54,225 | INFO | Created observation keys: ['observation.state', 'observation.images.agentview']
2026-08-09 17:48:54,245 | INFO | Created observation keys: ['observation.state', 'observation.images.agentview']
2026-08-09 17:48:54,258 | INFO | Created observation keys: ['observation.state', 'observation.images.agentview']
2026-08-09 17:48:54,379 | INFO | Created observation keys: ['observation.state', 'observation.images.agentview']
2026-08-09 17:49:38,745 | INFO | Running vine batch 10 with 16 lanes
num_visible_gpus: 1 [3] render_override: 3
2026-08-09 17:49:38,746 | INFO | Production mode: using gymnasium.vector.AsyncVectorEnv
2026-08-09 17:49:38,746 | INFO | Video key: agentview
2026-08-09 17:49:38,746 | INFO | Using image observation keys: ['agentview']
[robosuite INFO] Loading controller configuration from: /mnt/data/users/haoyu/workspace/code/fpo-control/manipulation_experiments/thirdparty/robosuite/robosuite/controllers/config/robots/default_panda.json (composite_controller_factory.py:121)
2026-08-09 17:49:38,746 | INFO | Loading controller configuration from: /mnt/data/users/haoyu/workspace/code/fpo-control/manipulation_experiments/thirdparty/robosuite/robosuite/controllers/config/robots/default_panda.json
render_gpu_device_id: 3
2026-08-09 17:49:39,663 | INFO | Successfully created NutAssemblySquare environment via robosuite.make() with cameras at 84x84
2026-08-09 17:49:39,664 | INFO | Configured cameras: ['agentview']
[robosuite WARNING] No private macro file found! (macros.py:57)
[robosuite WARNING] It is recommended to use a private macro file (macros.py:58)
[robosuite WARNING] To setup, run: python /mnt/data/users/haoyu/workspace/code/fpo-control/manipulation_experiments/thirdparty/robosuite/robosuite/scripts/setup_macros.py (macros.py:59)
[robosuite WARNING] No private macro file found! (macros.py:57)
[robosuite WARNING] It is recommended to use a private macro file (macros.py:58)
[robosuite WARNING] To setup, run: python /mnt/data/users/haoyu/workspace/code/fpo-control/manipulation_experiments/thirdparty/robosuite/robosuite/scripts/setup_macros.py (macros.py:59)
[robosuite WARNING] No private macro file found! (macros.py:57)
[robosuite WARNING] It is recommended to use a private macro file (macros.py:58)
[robosuite WARNING] To setup, run: python /mnt/data/users/haoyu/workspace/code/fpo-control/manipulation_experiments/thirdparty/robosuite/robosuite/scripts/setup_macros.py (macros.py:59)
[robosuite WARNING] No private macro file found! (macros.py:57)
[robosuite WARNING] It is recommended to use a private macro file (macros.py:58)
[robosuite WARNING] To setup, run: python /mnt/data/users/haoyu/workspace/code/fpo-control/manipulation_experiments/thirdparty/robosuite/robosuite/scripts/setup_macros.py (macros.py:59)
[robosuite WARNING] No private macro file found! (macros.py:57)
[robosuite WARNING] No private macro file found! (macros.py:57)
[robosuite WARNING] It is recommended to use a private macro file (macros.py:58)
[robosuite WARNING] It is recommended to use a private macro file (macros.py:58)
[robosuite WARNING] To setup, run: python /mnt/data/users/haoyu/workspace/code/fpo-control/manipulation_experiments/thirdparty/robosuite/robosuite/scripts/setup_macros.py (macros.py:59)
[robosuite WARNING] To setup, run: python /mnt/data/users/haoyu/workspace/code/fpo-control/manipulation_experiments/thirdparty/robosuite/robosuite/scripts/setup_macros.py (macros.py:59)
[robosuite WARNING] No private macro file found! (macros.py:57)
[robosuite WARNING] No private macro file found! (macros.py:57)
[robosuite WARNING] It is recommended to use a private macro file (macros.py:58)
[robosuite WARNING] It is recommended to use a private macro file (macros.py:58)
[robosuite WARNING] No private macro file found! (macros.py:57)
[robosuite WARNING] No private macro file found! (macros.py:57)
[robosuite WARNING] To setup, run: python /mnt/data/users/haoyu/workspace/code/fpo-control/manipulation_experiments/thirdparty/robosuite/robosuite/scripts/setup_macros.py (macros.py:59)
[robosuite WARNING] To setup, run: python /mnt/data/users/haoyu/workspace/code/fpo-control/manipulation_experiments/thirdparty/robosuite/robosuite/scripts/setup_macros.py (macros.py:59)
[robosuite WARNING] It is recommended to use a private macro file (macros.py:58)
[robosuite WARNING] It is recommended to use a private macro file (macros.py:58)
[robosuite WARNING] No private macro file found! (macros.py:57)
[robosuite WARNING] No private macro file found! (macros.py:57)
[robosuite WARNING] To setup, run: python /mnt/data/users/haoyu/workspace/code/fpo-control/manipulation_experiments/thirdparty/robosuite/robosuite/scripts/setup_macros.py (macros.py:59)
[robosuite WARNING] To setup, run: python /mnt/data/users/haoyu/workspace/code/fpo-control/manipulation_experiments/thirdparty/robosuite/robosuite/scripts/setup_macros.py (macros.py:59)
[robosuite WARNING] It is recommended to use a private macro file (macros.py:58)
[robosuite WARNING] It is recommended to use a private macro file (macros.py:58)
[robosuite WARNING] No private macro file found! (macros.py:57)
[robosuite WARNING] To setup, run: python /mnt/data/users/haoyu/workspace/code/fpo-control/manipulation_experiments/thirdparty/robosuite/robosuite/scripts/setup_macros.py (macros.py:59)
[robosuite WARNING] To setup, run: python /mnt/data/users/haoyu/workspace/code/fpo-control/manipulation_experiments/thirdparty/robosuite/robosuite/scripts/setup_macros.py (macros.py:59)
[robosuite WARNING] It is recommended to use a private macro file (macros.py:58)
[robosuite WARNING] To setup, run: python /mnt/data/users/haoyu/workspace/code/fpo-control/manipulation_experiments/thirdparty/robosuite/robosuite/scripts/setup_macros.py (macros.py:59)
[robosuite WARNING] No private macro file found! (macros.py:57)
[robosuite WARNING] It is recommended to use a private macro file (macros.py:58)
[robosuite WARNING] To setup, run: python /mnt/data/users/haoyu/workspace/code/fpo-control/manipulation_experiments/thirdparty/robosuite/robosuite/scripts/setup_macros.py (macros.py:59)
[robosuite WARNING] No private macro file found! (macros.py:57)
[robosuite WARNING] It is recommended to use a private macro file (macros.py:58)
[robosuite WARNING] To setup, run: python /mnt/data/users/haoyu/workspace/code/fpo-control/manipulation_experiments/thirdparty/robosuite/robosuite/scripts/setup_macros.py (macros.py:59)
[robosuite WARNING] No private macro file found! (macros.py:57)
[robosuite WARNING] It is recommended to use a private macro file (macros.py:58)
[robosuite WARNING] To setup, run: python /mnt/data/users/haoyu/workspace/code/fpo-control/manipulation_experiments/thirdparty/robosuite/robosuite/scripts/setup_macros.py (macros.py:59)
[robosuite WARNING] Could not import robosuite_models. Some robots may not be available. If you want to use these robots, please install robosuite_models from source (https://github.com/ARISE-Initiative/robosuite_models) or through pip install. (__init__.py:30)
[robosuite WARNING] Could not import robosuite_models. Some robots may not be available. If you want to use these robots, please install robosuite_models from source (https://github.com/ARISE-Initiative/robosuite_models) or through pip install. (__init__.py:30)
[robosuite WARNING] Could not import robosuite_models. Some robots may not be available. If you want to use these robots, please install robosuite_models from source (https://github.com/ARISE-Initiative/robosuite_models) or through pip install. (__init__.py:30)
[robosuite WARNING] Could not import robosuite_models. Some robots may not be available. If you want to use these robots, please install robosuite_models from source (https://github.com/ARISE-Initiative/robosuite_models) or through pip install. (__init__.py:30)
[robosuite WARNING] Could not import robosuite_models. Some robots may not be available. If you want to use these robots, please install robosuite_models from source (https://github.com/ARISE-Initiative/robosuite_models) or through pip install. (__init__.py:30)
[robosuite WARNING] Could not import robosuite_models. Some robots may not be available. If you want to use these robots, please install robosuite_models from source (https://github.com/ARISE-Initiative/robosuite_models) or through pip install. (__init__.py:30)
[robosuite WARNING] Could not import robosuite_models. Some robots may not be available. If you want to use these robots, please install robosuite_models from source (https://github.com/ARISE-Initiative/robosuite_models) or through pip install. (__init__.py:30)
[robosuite WARNING] Could not import robosuite_models. Some robots may not be available. If you want to use these robots, please install robosuite_models from source (https://github.com/ARISE-Initiative/robosuite_models) or through pip install. (__init__.py:30)
[robosuite WARNING] Could not import robosuite_models. Some robots may not be available. If you want to use these robots, please install robosuite_models from source (https://github.com/ARISE-Initiative/robosuite_models) or through pip install. (__init__.py:30)
[robosuite WARNING] Could not import robosuite_models. Some robots may not be available. If you want to use these robots, please install robosuite_models from source (https://github.com/ARISE-Initiative/robosuite_models) or through pip install. (__init__.py:30)
[robosuite WARNING] Could not import robosuite_models. Some robots may not be available. If you want to use these robots, please install robosuite_models from source (https://github.com/ARISE-Initiative/robosuite_models) or through pip install. (__init__.py:30)
[robosuite WARNING] Could not import robosuite_models. Some robots may not be available. If you want to use these robots, please install robosuite_models from source (https://github.com/ARISE-Initiative/robosuite_models) or through pip install. (__init__.py:30)
[robosuite WARNING] Could not import robosuite_models. Some robots may not be available. If you want to use these robots, please install robosuite_models from source (https://github.com/ARISE-Initiative/robosuite_models) or through pip install. (__init__.py:30)
[robosuite WARNING] Could not import robosuite_models. Some robots may not be available. If you want to use these robots, please install robosuite_models from source (https://github.com/ARISE-Initiative/robosuite_models) or through pip install. (__init__.py:30)
[robosuite WARNING] Could not import robosuite_models. Some robots may not be available. If you want to use these robots, please install robosuite_models from source (https://github.com/ARISE-Initiative/robosuite_models) or through pip install. (__init__.py:30)
[robosuite WARNING] Could not import robosuite_models. Some robots may not be available. If you want to use these robots, please install robosuite_models from source (https://github.com/ARISE-Initiative/robosuite_models) or through pip install. (__init__.py:30)
2026-08-09 17:49:47,997 | INFO | Video key: agentview
2026-08-09 17:49:47,998 | INFO | Using image observation keys: ['agentview']
[robosuite INFO] Loading controller configuration from: /mnt/data/users/haoyu/workspace/code/fpo-control/manipulation_experiments/thirdparty/robosuite/robosuite/controllers/config/robots/default_panda.json (composite_controller_factory.py:121)
2026-08-09 17:49:47,998 | INFO | Loading controller configuration from: /mnt/data/users/haoyu/workspace/code/fpo-control/manipulation_experiments/thirdparty/robosuite/robosuite/controllers/config/robots/default_panda.json
render_gpu_device_id: 3
2026-08-09 17:49:47,998 | INFO | Video key: agentview
2026-08-09 17:49:47,998 | INFO | Using image observation keys: ['agentview']
[robosuite INFO] Loading controller configuration from: /mnt/data/users/haoyu/workspace/code/fpo-control/manipulation_experiments/thirdparty/robosuite/robosuite/controllers/config/robots/default_panda.json (composite_controller_factory.py:121)
2026-08-09 17:49:47,998 | INFO | Loading controller configuration from: /mnt/data/users/haoyu/workspace/code/fpo-control/manipulation_experiments/thirdparty/robosuite/robosuite/controllers/config/robots/default_panda.json
2026-08-09 17:49:47,998 | INFO | Video key: agentview
render_gpu_device_id: 3
2026-08-09 17:49:47,998 | INFO | Using image observation keys: ['agentview']
[robosuite INFO] Loading controller configuration from: /mnt/data/users/haoyu/workspace/code/fpo-control/manipulation_experiments/thirdparty/robosuite/robosuite/controllers/config/robots/default_panda.json (composite_controller_factory.py:121)
2026-08-09 17:49:47,999 | INFO | Loading controller configuration from: /mnt/data/users/haoyu/workspace/code/fpo-control/manipulation_experiments/thirdparty/robosuite/robosuite/controllers/config/robots/default_panda.json
render_gpu_device_id: 3
2026-08-09 17:49:48,104 | INFO | Video key: agentview
2026-08-09 17:49:48,104 | INFO | Video key: agentview
2026-08-09 17:49:48,104 | INFO | Video key: agentview
2026-08-09 17:49:48,104 | INFO | Using image observation keys: ['agentview']
2026-08-09 17:49:48,104 | INFO | Using image observation keys: ['agentview']
2026-08-09 17:49:48,104 | INFO | Using image observation keys: ['agentview']
2026-08-09 17:49:48,104 | INFO | Video key: agentview
[robosuite INFO] Loading controller configuration from: /mnt/data/users/haoyu/workspace/code/fpo-control/manipulation_experiments/thirdparty/robosuite/robosuite/controllers/config/robots/default_panda.json (composite_controller_factory.py:121)
2026-08-09 17:49:48,104 | INFO | Using image observation keys: ['agentview']
[robosuite INFO] Loading controller configuration from: /mnt/data/users/haoyu/workspace/code/fpo-control/manipulation_experiments/thirdparty/robosuite/robosuite/controllers/config/robots/default_panda.json (composite_controller_factory.py:121)
2026-08-09 17:49:48,104 | INFO | Loading controller configuration from: /mnt/data/users/haoyu/workspace/code/fpo-control/manipulation_experiments/thirdparty/robosuite/robosuite/controllers/config/robots/default_panda.json
[robosuite INFO] Loading controller configuration from: /mnt/data/users/haoyu/workspace/code/fpo-control/manipulation_experiments/thirdparty/robosuite/robosuite/controllers/config/robots/default_panda.json (composite_controller_factory.py:121)
2026-08-09 17:49:48,104 | INFO | Loading controller configuration from: /mnt/data/users/haoyu/workspace/code/fpo-control/manipulation_experiments/thirdparty/robosuite/robosuite/controllers/config/robots/default_panda.json
2026-08-09 17:49:48,104 | INFO | Loading controller configuration from: /mnt/data/users/haoyu/workspace/code/fpo-control/manipulation_experiments/thirdparty/robosuite/robosuite/controllers/config/robots/default_panda.json
render_gpu_device_id: 3
render_gpu_device_id: 3
render_gpu_device_id: 3
2026-08-09 17:49:48,104 | INFO | Video key: agentview
2026-08-09 17:49:48,105 | INFO | Using image observation keys: ['agentview']
[robosuite INFO] Loading controller configuration from: /mnt/data/users/haoyu/workspace/code/fpo-control/manipulation_experiments/thirdparty/robosuite/robosuite/controllers/config/robots/default_panda.json (composite_controller_factory.py:121)
2026-08-09 17:49:48,105 | INFO | Loading controller configuration from: /mnt/data/users/haoyu/workspace/code/fpo-control/manipulation_experiments/thirdparty/robosuite/robosuite/controllers/config/robots/default_panda.json
render_gpu_device_id: 3
[robosuite INFO] Loading controller configuration from: /mnt/data/users/haoyu/workspace/code/fpo-control/manipulation_experiments/thirdparty/robosuite/robosuite/controllers/config/robots/default_panda.json (composite_controller_factory.py:121)
2026-08-09 17:49:48,105 | INFO | Loading controller configuration from: /mnt/data/users/haoyu/workspace/code/fpo-control/manipulation_experiments/thirdparty/robosuite/robosuite/controllers/config/robots/default_panda.json
render_gpu_device_id: 3
2026-08-09 17:49:48,105 | INFO | Video key: agentview
2026-08-09 17:49:48,105 | INFO | Using image observation keys: ['agentview']
[robosuite INFO] Loading controller configuration from: /mnt/data/users/haoyu/workspace/code/fpo-control/manipulation_experiments/thirdparty/robosuite/robosuite/controllers/config/robots/default_panda.json (composite_controller_factory.py:121)
2026-08-09 17:49:48,105 | INFO | Loading controller configuration from: /mnt/data/users/haoyu/workspace/code/fpo-control/manipulation_experiments/thirdparty/robosuite/robosuite/controllers/config/robots/default_panda.json
render_gpu_device_id: 3
2026-08-09 17:49:48,106 | INFO | Video key: agentview
2026-08-09 17:49:48,106 | INFO | Using image observation keys: ['agentview']
[robosuite INFO] Loading controller configuration from: /mnt/data/users/haoyu/workspace/code/fpo-control/manipulation_experiments/thirdparty/robosuite/robosuite/controllers/config/robots/default_panda.json (composite_controller_factory.py:121)
2026-08-09 17:49:48,107 | INFO | Loading controller configuration from: /mnt/data/users/haoyu/workspace/code/fpo-control/manipulation_experiments/thirdparty/robosuite/robosuite/controllers/config/robots/default_panda.json
render_gpu_device_id: 3
2026-08-09 17:49:48,109 | INFO | Video key: agentview
2026-08-09 17:49:48,109 | INFO | Using image observation keys: ['agentview']
[robosuite INFO] Loading controller configuration from: /mnt/data/users/haoyu/workspace/code/fpo-control/manipulation_experiments/thirdparty/robosuite/robosuite/controllers/config/robots/default_panda.json (composite_controller_factory.py:121)
2026-08-09 17:49:48,109 | INFO | Loading controller configuration from: /mnt/data/users/haoyu/workspace/code/fpo-control/manipulation_experiments/thirdparty/robosuite/robosuite/controllers/config/robots/default_panda.json
render_gpu_device_id: 3
2026-08-09 17:49:48,109 | INFO | Video key: agentview
2026-08-09 17:49:48,109 | INFO | Using image observation keys: ['agentview']
[robosuite INFO] Loading controller configuration from: /mnt/data/users/haoyu/workspace/code/fpo-control/manipulation_experiments/thirdparty/robosuite/robosuite/controllers/config/robots/default_panda.json (composite_controller_factory.py:121)
2026-08-09 17:49:48,109 | INFO | Loading controller configuration from: /mnt/data/users/haoyu/workspace/code/fpo-control/manipulation_experiments/thirdparty/robosuite/robosuite/controllers/config/robots/default_panda.json
render_gpu_device_id: 3
2026-08-09 17:49:48,116 | INFO | Video key: agentview
2026-08-09 17:49:48,116 | INFO | Using image observation keys: ['agentview']
[robosuite INFO] Loading controller configuration from: /mnt/data/users/haoyu/workspace/code/fpo-control/manipulation_experiments/thirdparty/robosuite/robosuite/controllers/config/robots/default_panda.json (composite_controller_factory.py:121)
2026-08-09 17:49:48,117 | INFO | Loading controller configuration from: /mnt/data/users/haoyu/workspace/code/fpo-control/manipulation_experiments/thirdparty/robosuite/robosuite/controllers/config/robots/default_panda.json
render_gpu_device_id: 3
2026-08-09 17:49:48,130 | INFO | Video key: agentview
2026-08-09 17:49:48,130 | INFO | Using image observation keys: ['agentview']
[robosuite INFO] Loading controller configuration from: /mnt/data/users/haoyu/workspace/code/fpo-control/manipulation_experiments/thirdparty/robosuite/robosuite/controllers/config/robots/default_panda.json (composite_controller_factory.py:121)
2026-08-09 17:49:48,130 | INFO | Loading controller configuration from: /mnt/data/users/haoyu/workspace/code/fpo-control/manipulation_experiments/thirdparty/robosuite/robosuite/controllers/config/robots/default_panda.json
render_gpu_device_id: 3
2026-08-09 17:49:48,208 | INFO | Video key: agentview
2026-08-09 17:49:48,208 | INFO | Using image observation keys: ['agentview']
[robosuite INFO] Loading controller configuration from: /mnt/data/users/haoyu/workspace/code/fpo-control/manipulation_experiments/thirdparty/robosuite/robosuite/controllers/config/robots/default_panda.json (composite_controller_factory.py:121)
2026-08-09 17:49:48,208 | INFO | Loading controller configuration from: /mnt/data/users/haoyu/workspace/code/fpo-control/manipulation_experiments/thirdparty/robosuite/robosuite/controllers/config/robots/default_panda.json
render_gpu_device_id: 3
2026-08-09 17:49:48,323 | INFO | Video key: agentview
2026-08-09 17:49:48,323 | INFO | Using image observation keys: ['agentview']
[robosuite INFO] Loading controller configuration from: /mnt/data/users/haoyu/workspace/code/fpo-control/manipulation_experiments/thirdparty/robosuite/robosuite/controllers/config/robots/default_panda.json (composite_controller_factory.py:121)
2026-08-09 17:49:48,324 | INFO | Loading controller configuration from: /mnt/data/users/haoyu/workspace/code/fpo-control/manipulation_experiments/thirdparty/robosuite/robosuite/controllers/config/robots/default_panda.json
render_gpu_device_id: 3
2026-08-09 17:49:49,863 | INFO | Successfully created NutAssemblySquare environment via robosuite.make() with cameras at 84x84
2026-08-09 17:49:49,863 | INFO | Configured cameras: ['agentview']
2026-08-09 17:49:49,863 | INFO | Successfully created NutAssemblySquare environment via robosuite.make() with cameras at 84x84
2026-08-09 17:49:49,863 | INFO | Configured cameras: ['agentview']
2026-08-09 17:49:49,913 | INFO | Successfully created NutAssemblySquare environment via robosuite.make() with cameras at 84x84
2026-08-09 17:49:49,913 | INFO | Configured cameras: ['agentview']
2026-08-09 17:49:49,967 | INFO | Successfully created NutAssemblySquare environment via robosuite.make() with cameras at 84x84
2026-08-09 17:49:49,967 | INFO | Successfully created NutAssemblySquare environment via robosuite.make() with cameras at 84x84
2026-08-09 17:49:49,967 | INFO | Configured cameras: ['agentview']
2026-08-09 17:49:49,967 | INFO | Configured cameras: ['agentview']
2026-08-09 17:49:49,967 | INFO | Successfully created NutAssemblySquare environment via robosuite.make() with cameras at 84x84
2026-08-09 17:49:49,967 | INFO | Configured cameras: ['agentview']
2026-08-09 17:49:49,975 | INFO | Successfully created NutAssemblySquare environment via robosuite.make() with cameras at 84x84
2026-08-09 17:49:49,975 | INFO | Configured cameras: ['agentview']
2026-08-09 17:49:49,975 | INFO | Successfully created NutAssemblySquare environment via robosuite.make() with cameras at 84x84
2026-08-09 17:49:49,976 | INFO | Configured cameras: ['agentview']
2026-08-09 17:49:49,977 | INFO | Successfully created NutAssemblySquare environment via robosuite.make() with cameras at 84x84
2026-08-09 17:49:49,977 | INFO | Configured cameras: ['agentview']
2026-08-09 17:49:49,995 | INFO | Successfully created NutAssemblySquare environment via robosuite.make() with cameras at 84x84
2026-08-09 17:49:49,995 | INFO | Configured cameras: ['agentview']
2026-08-09 17:49:50,005 | INFO | Successfully created NutAssemblySquare environment via robosuite.make() with cameras at 84x84
2026-08-09 17:49:50,005 | INFO | Configured cameras: ['agentview']
2026-08-09 17:49:50,031 | INFO | Successfully created NutAssemblySquare environment via robosuite.make() with cameras at 84x84
2026-08-09 17:49:50,031 | INFO | Configured cameras: ['agentview']
2026-08-09 17:49:50,059 | INFO | Successfully created NutAssemblySquare environment via robosuite.make() with cameras at 84x84
2026-08-09 17:49:50,059 | INFO | Configured cameras: ['agentview']
2026-08-09 17:49:50,063 | INFO | Successfully created NutAssemblySquare environment via robosuite.make() with cameras at 84x84
2026-08-09 17:49:50,063 | INFO | Configured cameras: ['agentview']
2026-08-09 17:49:50,145 | INFO | Successfully created NutAssemblySquare environment via robosuite.make() with cameras at 84x84
2026-08-09 17:49:50,145 | INFO | Configured cameras: ['agentview']
2026-08-09 17:49:50,179 | INFO | Successfully created NutAssemblySquare environment via robosuite.make() with cameras at 84x84
2026-08-09 17:49:50,180 | INFO | Configured cameras: ['agentview']
2026-08-09 17:49:51,417 | INFO | Created 16 vectorized Square environments
2026-08-09 17:49:51,419 | INFO | Set video key to 'agentview' for video recording
2026-08-09 17:49:52,491 | INFO | Created observation keys: ['observation.state', 'observation.images.agentview']
2026-08-09 17:49:52,540 | INFO | Created observation keys: ['observation.state', 'observation.images.agentview']
2026-08-09 17:49:52,543 | INFO | Created observation keys: ['observation.state', 'observation.images.agentview']
2026-08-09 17:49:52,589 | INFO | Created observation keys: ['observation.state', 'observation.images.agentview']
2026-08-09 17:49:52,590 | INFO | Created observation keys: ['observation.state', 'observation.images.agentview']
2026-08-09 17:49:52,613 | INFO | Created observation keys: ['observation.state', 'observation.images.agentview']
2026-08-09 17:49:52,626 | INFO | Created observation keys: ['observation.state', 'observation.images.agentview']
2026-08-09 17:49:52,633 | INFO | Created observation keys: ['observation.state', 'observation.images.agentview']
2026-08-09 17:49:52,646 | INFO | Created observation keys: ['observation.state', 'observation.images.agentview']
2026-08-09 17:49:52,648 | INFO | Created observation keys: ['observation.state', 'observation.images.agentview']
2026-08-09 17:49:52,657 | INFO | Created observation keys: ['observation.state', 'observation.images.agentview']
2026-08-09 17:49:52,660 | INFO | Created observation keys: ['observation.state', 'observation.images.agentview']
2026-08-09 17:49:52,678 | INFO | Created observation keys: ['observation.state', 'observation.images.agentview']
2026-08-09 17:49:52,707 | INFO | Created observation keys: ['observation.state', 'observation.images.agentview']
2026-08-09 17:49:52,721 | INFO | Created observation keys: ['observation.state', 'observation.images.agentview']
2026-08-09 17:49:52,729 | INFO | Created observation keys: ['observation.state', 'observation.images.agentview']
2026-08-09 17:50:36,240 | INFO | Running vine batch 11 with 8 lanes
num_visible_gpus: 1 [3] render_override: 3
2026-08-09 17:50:36,240 | INFO | Production mode: using gymnasium.vector.AsyncVectorEnv
2026-08-09 17:50:36,240 | INFO | Video key: agentview
2026-08-09 17:50:36,240 | INFO | Using image observation keys: ['agentview']
[robosuite INFO] Loading controller configuration from: /mnt/data/users/haoyu/workspace/code/fpo-control/manipulation_experiments/thirdparty/robosuite/robosuite/controllers/config/robots/default_panda.json (composite_controller_factory.py:121)
2026-08-09 17:50:36,241 | INFO | Loading controller configuration from: /mnt/data/users/haoyu/workspace/code/fpo-control/manipulation_experiments/thirdparty/robosuite/robosuite/controllers/config/robots/default_panda.json
render_gpu_device_id: 3
2026-08-09 17:50:37,129 | INFO | Successfully created NutAssemblySquare environment via robosuite.make() with cameras at 84x84
2026-08-09 17:50:37,129 | INFO | Configured cameras: ['agentview']
[robosuite WARNING] No private macro file found! (macros.py:57)
[robosuite WARNING] It is recommended to use a private macro file (macros.py:58)
[robosuite WARNING] To setup, run: python /mnt/data/users/haoyu/workspace/code/fpo-control/manipulation_experiments/thirdparty/robosuite/robosuite/scripts/setup_macros.py (macros.py:59)
[robosuite WARNING] No private macro file found! (macros.py:57)
[robosuite WARNING] It is recommended to use a private macro file (macros.py:58)
[robosuite WARNING] To setup, run: python /mnt/data/users/haoyu/workspace/code/fpo-control/manipulation_experiments/thirdparty/robosuite/robosuite/scripts/setup_macros.py (macros.py:59)
[robosuite WARNING] No private macro file found! (macros.py:57)
[robosuite WARNING] It is recommended to use a private macro file (macros.py:58)
[robosuite WARNING] To setup, run: python /mnt/data/users/haoyu/workspace/code/fpo-control/manipulation_experiments/thirdparty/robosuite/robosuite/scripts/setup_macros.py (macros.py:59)
[robosuite WARNING] No private macro file found! (macros.py:57)
[robosuite WARNING] It is recommended to use a private macro file (macros.py:58)
[robosuite WARNING] To setup, run: python /mnt/data/users/haoyu/workspace/code/fpo-control/manipulation_experiments/thirdparty/robosuite/robosuite/scripts/setup_macros.py (macros.py:59)
[robosuite WARNING] No private macro file found! (macros.py:57)
[robosuite WARNING] It is recommended to use a private macro file (macros.py:58)
[robosuite WARNING] To setup, run: python /mnt/data/users/haoyu/workspace/code/fpo-control/manipulation_experiments/thirdparty/robosuite/robosuite/scripts/setup_macros.py (macros.py:59)
[robosuite WARNING] No private macro file found! (macros.py:57)
[robosuite WARNING] It is recommended to use a private macro file (macros.py:58)
[robosuite WARNING] To setup, run: python /mnt/data/users/haoyu/workspace/code/fpo-control/manipulation_experiments/thirdparty/robosuite/robosuite/scripts/setup_macros.py (macros.py:59)
[robosuite WARNING] No private macro file found! (macros.py:57)
[robosuite WARNING] It is recommended to use a private macro file (macros.py:58)
[robosuite WARNING] To setup, run: python /mnt/data/users/haoyu/workspace/code/fpo-control/manipulation_experiments/thirdparty/robosuite/robosuite/scripts/setup_macros.py (macros.py:59)
[robosuite WARNING] No private macro file found! (macros.py:57)
[robosuite WARNING] It is recommended to use a private macro file (macros.py:58)
[robosuite WARNING] To setup, run: python /mnt/data/users/haoyu/workspace/code/fpo-control/manipulation_experiments/thirdparty/robosuite/robosuite/scripts/setup_macros.py (macros.py:59)
[robosuite WARNING] Could not import robosuite_models. Some robots may not be available. If you want to use these robots, please install robosuite_models from source (https://github.com/ARISE-Initiative/robosuite_models) or through pip install. (__init__.py:30)
[robosuite WARNING] Could not import robosuite_models. Some robots may not be available. If you want to use these robots, please install robosuite_models from source (https://github.com/ARISE-Initiative/robosuite_models) or through pip install. (__init__.py:30)
[robosuite WARNING] Could not import robosuite_models. Some robots may not be available. If you want to use these robots, please install robosuite_models from source (https://github.com/ARISE-Initiative/robosuite_models) or through pip install. (__init__.py:30)
[robosuite WARNING] Could not import robosuite_models. Some robots may not be available. If you want to use these robots, please install robosuite_models from source (https://github.com/ARISE-Initiative/robosuite_models) or through pip install. (__init__.py:30)
[robosuite WARNING] Could not import robosuite_models. Some robots may not be available. If you want to use these robots, please install robosuite_models from source (https://github.com/ARISE-Initiative/robosuite_models) or through pip install. (__init__.py:30)
[robosuite WARNING] Could not import robosuite_models. Some robots may not be available. If you want to use these robots, please install robosuite_models from source (https://github.com/ARISE-Initiative/robosuite_models) or through pip install. (__init__.py:30)
[robosuite WARNING] Could not import robosuite_models. Some robots may not be available. If you want to use these robots, please install robosuite_models from source (https://github.com/ARISE-Initiative/robosuite_models) or through pip install. (__init__.py:30)
[robosuite WARNING] Could not import robosuite_models. Some robots may not be available. If you want to use these robots, please install robosuite_models from source (https://github.com/ARISE-Initiative/robosuite_models) or through pip install. (__init__.py:30)
2026-08-09 17:50:44,087 | INFO | Video key: agentview
2026-08-09 17:50:44,087 | INFO | Using image observation keys: ['agentview']
2026-08-09 17:50:44,087 | INFO | Video key: agentview
2026-08-09 17:50:44,087 | INFO | Video key: agentview
2026-08-09 17:50:44,087 | INFO | Video key: agentview
2026-08-09 17:50:44,087 | INFO | Using image observation keys: ['agentview']
2026-08-09 17:50:44,087 | INFO | Using image observation keys: ['agentview']
2026-08-09 17:50:44,087 | INFO | Using image observation keys: ['agentview']
2026-08-09 17:50:44,087 | INFO | Video key: agentview
2026-08-09 17:50:44,087 | INFO | Video key: agentview
2026-08-09 17:50:44,087 | INFO | Using image observation keys: ['agentview']
[robosuite INFO] Loading controller configuration from: /mnt/data/users/haoyu/workspace/code/fpo-control/manipulation_experiments/thirdparty/robosuite/robosuite/controllers/config/robots/default_panda.json (composite_controller_factory.py:121)
2026-08-09 17:50:44,087 | INFO | Using image observation keys: ['agentview']
2026-08-09 17:50:44,087 | INFO | Loading controller configuration from: /mnt/data/users/haoyu/workspace/code/fpo-control/manipulation_experiments/thirdparty/robosuite/robosuite/controllers/config/robots/default_panda.json
render_gpu_device_id: 3
[robosuite INFO] Loading controller configuration from: /mnt/data/users/haoyu/workspace/code/fpo-control/manipulation_experiments/thirdparty/robosuite/robosuite/controllers/config/robots/default_panda.json (composite_controller_factory.py:121)
2026-08-09 17:50:44,087 | INFO | Loading controller configuration from: /mnt/data/users/haoyu/workspace/code/fpo-control/manipulation_experiments/thirdparty/robosuite/robosuite/controllers/config/robots/default_panda.json
[robosuite INFO] Loading controller configuration from: /mnt/data/users/haoyu/workspace/code/fpo-control/manipulation_experiments/thirdparty/robosuite/robosuite/controllers/config/robots/default_panda.json (composite_controller_factory.py:121)
[robosuite INFO] Loading controller configuration from: /mnt/data/users/haoyu/workspace/code/fpo-control/manipulation_experiments/thirdparty/robosuite/robosuite/controllers/config/robots/default_panda.json (composite_controller_factory.py:121)
2026-08-09 17:50:44,087 | INFO | Loading controller configuration from: /mnt/data/users/haoyu/workspace/code/fpo-control/manipulation_experiments/thirdparty/robosuite/robosuite/controllers/config/robots/default_panda.json
render_gpu_device_id: 3
2026-08-09 17:50:44,087 | INFO | Loading controller configuration from: /mnt/data/users/haoyu/workspace/code/fpo-control/manipulation_experiments/thirdparty/robosuite/robosuite/controllers/config/robots/default_panda.json
render_gpu_device_id: 3
render_gpu_device_id: 3
[robosuite INFO] Loading controller configuration from: /mnt/data/users/haoyu/workspace/code/fpo-control/manipulation_experiments/thirdparty/robosuite/robosuite/controllers/config/robots/default_panda.json (composite_controller_factory.py:121)
[robosuite INFO] Loading controller configuration from: /mnt/data/users/haoyu/workspace/code/fpo-control/manipulation_experiments/thirdparty/robosuite/robosuite/controllers/config/robots/default_panda.json (composite_controller_factory.py:121)
2026-08-09 17:50:44,087 | INFO | Loading controller configuration from: /mnt/data/users/haoyu/workspace/code/fpo-control/manipulation_experiments/thirdparty/robosuite/robosuite/controllers/config/robots/default_panda.json
2026-08-09 17:50:44,087 | INFO | Loading controller configuration from: /mnt/data/users/haoyu/workspace/code/fpo-control/manipulation_experiments/thirdparty/robosuite/robosuite/controllers/config/robots/default_panda.json
render_gpu_device_id: 3
render_gpu_device_id: 3
2026-08-09 17:50:44,947 | INFO | Video key: agentview
2026-08-09 17:50:44,947 | INFO | Using image observation keys: ['agentview']
2026-08-09 17:50:44,947 | INFO | Video key: agentview
2026-08-09 17:50:44,947 | INFO | Using image observation keys: ['agentview']
[robosuite INFO] Loading controller configuration from: /mnt/data/users/haoyu/workspace/code/fpo-control/manipulation_experiments/thirdparty/robosuite/robosuite/controllers/config/robots/default_panda.json (composite_controller_factory.py:121)
2026-08-09 17:50:44,947 | INFO | Loading controller configuration from: /mnt/data/users/haoyu/workspace/code/fpo-control/manipulation_experiments/thirdparty/robosuite/robosuite/controllers/config/robots/default_panda.json
render_gpu_device_id: 3
[robosuite INFO] Loading controller configuration from: /mnt/data/users/haoyu/workspace/code/fpo-control/manipulation_experiments/thirdparty/robosuite/robosuite/controllers/config/robots/default_panda.json (composite_controller_factory.py:121)
2026-08-09 17:50:44,947 | INFO | Loading controller configuration from: /mnt/data/users/haoyu/workspace/code/fpo-control/manipulation_experiments/thirdparty/robosuite/robosuite/controllers/config/robots/default_panda.json
render_gpu_device_id: 3
2026-08-09 17:50:45,912 | INFO | Successfully created NutAssemblySquare environment via robosuite.make() with cameras at 84x84
2026-08-09 17:50:45,912 | INFO | Successfully created NutAssemblySquare environment via robosuite.make() with cameras at 84x84
2026-08-09 17:50:45,912 | INFO | Configured cameras: ['agentview']
2026-08-09 17:50:45,912 | INFO | Configured cameras: ['agentview']
2026-08-09 17:50:45,914 | INFO | Successfully created NutAssemblySquare environment via robosuite.make() with cameras at 84x84
2026-08-09 17:50:45,914 | INFO | Configured cameras: ['agentview']
2026-08-09 17:50:45,939 | INFO | Successfully created NutAssemblySquare environment via robosuite.make() with cameras at 84x84
2026-08-09 17:50:45,939 | INFO | Configured cameras: ['agentview']
2026-08-09 17:50:45,940 | INFO | Successfully created NutAssemblySquare environment via robosuite.make() with cameras at 84x84
2026-08-09 17:50:45,940 | INFO | Configured cameras: ['agentview']
2026-08-09 17:50:45,945 | INFO | Successfully created NutAssemblySquare environment via robosuite.make() with cameras at 84x84
2026-08-09 17:50:45,945 | INFO | Configured cameras: ['agentview']
2026-08-09 17:50:46,763 | INFO | Successfully created NutAssemblySquare environment via robosuite.make() with cameras at 84x84
2026-08-09 17:50:46,763 | INFO | Configured cameras: ['agentview']
2026-08-09 17:50:46,815 | INFO | Successfully created NutAssemblySquare environment via robosuite.make() with cameras at 84x84
2026-08-09 17:50:46,815 | INFO | Configured cameras: ['agentview']
2026-08-09 17:50:47,899 | INFO | Created 8 vectorized Square environments
2026-08-09 17:50:47,899 | INFO | Set video key to 'agentview' for video recording
2026-08-09 17:50:48,997 | INFO | Created observation keys: ['observation.state', 'observation.images.agentview']
2026-08-09 17:50:48,998 | INFO | Created observation keys: ['observation.state', 'observation.images.agentview']
2026-08-09 17:50:49,008 | INFO | Created observation keys: ['observation.state', 'observation.images.agentview']
2026-08-09 17:50:49,009 | INFO | Created observation keys: ['observation.state', 'observation.images.agentview']
2026-08-09 17:50:49,010 | INFO | Created observation keys: ['observation.state', 'observation.images.agentview']
2026-08-09 17:50:49,103 | INFO | Created observation keys: ['observation.state', 'observation.images.agentview']
2026-08-09 17:50:49,105 | INFO | Created observation keys: ['observation.state', 'observation.images.agentview']
2026-08-09 17:50:49,176 | INFO | Created observation keys: ['observation.state', 'observation.images.agentview']
{
  "hypothesis": "H62",
  "mode": "audit",
  "num_root_records": 8,
  "num_suffix_rollouts": 184,
  "num_vine_states": 23,
  "passed": false,
  "signal": {
    "common_nonzero_count": 1,
    "common_sign_agreement": 0.0,
    "differences_block_a": [
      0.0,
      0.0,
      0.0,
      0.0,
      0.0,
      0.0,
      0.0,
      0.0,
      0.0,
      -0.5,
      0.5,
      0.0,
      0.0,
      0.0,
      0.0,
      0.0,
      0.0,
      0.0,
      0.0,
      0.0,
      0.0,
      0.0,
      0.0
    ],
    "differences_block_b": [
      0.0,
      0.0,
      0.0,
      0.5,
      0.5,
      0.0,
      0.0,
      0.0,
      0.0,
      0.5,
      0.0,
      0.0,
      0.0,
      0.0,
      0.0,
      0.0,
      0.0,
      0.0,
      0.0,
      0.0,
      0.0,
      0.0,
      0.0
    ],
    "gates": {
      "common_nonzero_count": false,
      "common_sign_agreement": false,
      "nonzero_block_a": false,
      "nonzero_block_b": false,
      "pearson_correlation": false,
      "top_a_heldout_b": true,
      "top_b_heldout_a": false
    },
    "nonzero_block_a": 2,
    "nonzero_block_b": 3,
    "num_vine_states": 23,
    "passed": false,
    "pearson_correlation": -0.4377975178854567,
    "states": [
      {
        "branch_step": 80,
        "candidate_0_block_a": 0.0,
        "candidate_0_block_b": 0.0,
        "candidate_1_block_a": 0.0,
        "candidate_1_block_b": 0.0,
        "difference_block_a": 0.0,
        "difference_block_b": 0.0,
        "root_seed": 20261070
      },
      {
        "branch_step": 160,
        "candidate_0_block_a": 0.0,
        "candidate_0_block_b": 0.0,
        "candidate_1_block_a": 0.0,
        "candidate_1_block_b": 0.0,
        "difference_block_a": 0.0,
        "difference_block_b": 0.0,
        "root_seed": 20261070
      },
      {
        "branch_step": 240,
        "candidate_0_block_a": 0.0,
        "candidate_0_block_b": 0.0,
        "candidate_1_block_a": 0.0,
        "candidate_1_block_b": 0.0,
        "difference_block_a": 0.0,
        "difference_block_b": 0.0,
        "root_seed": 20261070
      },
      {
        "branch_step": 80,
        "candidate_0_block_a": 0.0,
        "candidate_0_block_b": 0.5,
        "candidate_1_block_a": 0.0,
        "candidate_1_block_b": 1.0,
        "difference_block_a": 0.0,
        "difference_block_b": 0.5,
        "root_seed": 20261071
      },
      {
        "branch_step": 160,
        "candidate_0_block_a": 0.0,
        "candidate_0_block_b": 0.0,
        "candidate_1_block_a": 0.0,
        "candidate_1_block_b": 0.5,
        "difference_block_a": 0.0,
        "difference_block_b": 0.5,
        "root_seed": 20261071
      },
      {
        "branch_step": 240,
        "candidate_0_block_a": 0.0,
        "candidate_0_block_b": 0.0,
        "candidate_1_block_a": 0.0,
        "candidate_1_block_b": 0.0,
        "difference_block_a": 0.0,
        "difference_block_b": 0.0,
        "root_seed": 20261071
      },
      {
        "branch_step": 80,
        "candidate_0_block_a": 0.0,
        "candidate_0_block_b": 0.0,
        "candidate_1_block_a": 0.0,
        "candidate_1_block_b": 0.0,
        "difference_block_a": 0.0,
        "difference_block_b": 0.0,
        "root_seed": 20261072
      },
      {
        "branch_step": 160,
        "candidate_0_block_a": 0.0,
        "candidate_0_block_b": 0.0,
        "candidate_1_block_a": 0.0,
        "candidate_1_block_b": 0.0,
        "difference_block_a": 0.0,
        "difference_block_b": 0.0,
        "root_seed": 20261072
      },
      {
        "branch_step": 240,
        "candidate_0_block_a": 0.0,
        "candidate_0_block_b": 0.0,
        "candidate_1_block_a": 0.0,
        "candidate_1_block_b": 0.0,
        "difference_block_a": 0.0,
        "difference_block_b": 0.0,
        "root_seed": 20261072
      },
      {
        "branch_step": 80,
        "candidate_0_block_a": 0.5,
        "candidate_0_block_b": 0.0,
        "candidate_1_block_a": 0.0,
        "candidate_1_block_b": 0.5,
        "difference_block_a": -0.5,
        "difference_block_b": 0.5,
        "root_seed": 20261073
      },
      {
        "branch_step": 160,
        "candidate_0_block_a": 0.0,
        "candidate_0_block_b": 0.0,
        "candidate_1_block_a": 0.5,
        "candidate_1_block_b": 0.0,
        "difference_block_a": 0.5,
        "difference_block_b": 0.0,
        "root_seed": 20261073
      },
      {
        "branch_step": 240,
        "candidate_0_block_a": 0.0,
        "candidate_0_block_b": 0.0,
        "candidate_1_block_a": 0.0,
        "candidate_1_block_b": 0.0,
        "difference_block_a": 0.0,
        "difference_block_b": 0.0,
        "root_seed": 20261073
      },
      {
        "branch_step": 80,
        "candidate_0_block_a": 1.0,
        "candidate_0_block_b": 1.0,
        "candidate_1_block_a": 1.0,
        "candidate_1_block_b": 1.0,
        "difference_block_a": 0.0,
        "difference_block_b": 0.0,
        "root_seed": 20261074
      },
      {
        "branch_step": 160,
        "candidate_0_block_a": 1.0,
        "candidate_0_block_b": 1.0,
        "candidate_1_block_a": 1.0,
        "candidate_1_block_b": 1.0,
        "difference_block_a": 0.0,
        "difference_block_b": 0.0,
        "root_seed": 20261074
      },
      {
        "branch_step": 80,
        "candidate_0_block_a": 0.0,
        "candidate_0_block_b": 0.0,
        "candidate_1_block_a": 0.0,
        "candidate_1_block_b": 0.0,
        "difference_block_a": 0.0,
        "difference_block_b": 0.0,
        "root_seed": 20261075
      },
      {
        "branch_step": 160,
        "candidate_0_block_a": 0.0,
        "candidate_0_block_b": 0.0,
        "candidate_1_block_a": 0.0,
        "candidate_1_block_b": 0.0,
        "difference_block_a": 0.0,
        "difference_block_b": 0.0,
        "root_seed": 20261075
      },
      {
        "branch_step": 240,
        "candidate_0_block_a": 0.0,
        "candidate_0_block_b": 0.0,
        "candidate_1_block_a": 0.0,
        "candidate_1_block_b": 0.0,
        "difference_block_a": 0.0,
        "difference_block_b": 0.0,
        "root_seed": 20261075
      },
      {
        "branch_step": 80,
        "candidate_0_block_a": 0.0,
        "candidate_0_block_b": 0.0,
        "candidate_1_block_a": 0.0,
        "candidate_1_block_b": 0.0,
        "difference_block_a": 0.0,
        "difference_block_b": 0.0,
        "root_seed": 20261076
      },
      {
        "branch_step": 160,
        "candidate_0_block_a": 0.0,
        "candidate_0_block_b": 0.0,
        "candidate_1_block_a": 0.0,
        "candidate_1_block_b": 0.0,
        "difference_block_a": 0.0,
        "difference_block_b": 0.0,
        "root_seed": 20261076
      },
      {
        "branch_step": 240,
        "candidate_0_block_a": 0.0,
        "candidate_0_block_b": 0.0,
        "candidate_1_block_a": 0.0,
        "candidate_1_block_b": 0.0,
        "difference_block_a": 0.0,
        "difference_block_b": 0.0,
        "root_seed": 20261076
      },
      {
        "branch_step": 80,
        "candidate_0_block_a": 0.0,
        "candidate_0_block_b": 0.0,
        "candidate_1_block_a": 0.0,
        "candidate_1_block_b": 0.0,
        "difference_block_a": 0.0,
        "difference_block_b": 0.0,
        "root_seed": 20261077
      },
      {
        "branch_step": 160,
        "candidate_0_block_a": 0.0,
        "candidate_0_block_b": 0.0,
        "candidate_1_block_a": 0.0,
        "candidate_1_block_b": 0.0,
        "difference_block_a": 0.0,
        "difference_block_b": 0.0,
        "root_seed": 20261077
      },
      {
        "branch_step": 240,
        "candidate_0_block_a": 0.0,
        "candidate_0_block_b": 0.0,
        "candidate_1_block_a": 0.0,
        "candidate_1_block_b": 0.0,
        "difference_block_a": 0.0,
        "difference_block_b": 0.0,
        "root_seed": 20261077
      }
    ],
    "top_a_heldout_b": 0.16666666666666666,
    "top_a_indices": [
      10,
      0,
      1,
      2,
      3,
      4
    ],
    "top_b_heldout_a": -0.08333333333333333,
    "top_b_indices": [
      3,
      4,
      9,
      0,
      1,
      2
    ],
    "top_quartile_count": 6
  },
  "validity": {
    "all_lengths_valid": true,
    "all_outcomes_binary": true,
    "all_replays_exact": true,
    "candidate_action_activity": true,
    "candidate_source_distribution": true,
    "candidate_source_mean": 0.000469130012489411,
    "candidate_source_std": 0.9924978122391259,
    "median_candidate_normalized_rms": 0.27785729810656795,
    "num_replays": 184,
    "passed": true,
    "policy_parameters_bitwise_unchanged": true,
    "replay_exact_count": 184,
    "required_gates": [
      "all_replays_exact",
      "candidate_action_activity",
      "policy_parameters_bitwise_unchanged",
      "all_outcomes_binary",
      "all_lengths_valid",
      "candidate_source_distribution"
    ]
  }
}
