[robosuite WARNING] No private macro file found! (macros.py:57)
[robosuite WARNING] It is recommended to use a private macro file (macros.py:58)
[robosuite WARNING] To setup, run: python /mnt/data/users/haoyu/workspace/code/fpo-control/manipulation_experiments/thirdparty/robosuite/robosuite/scripts/setup_macros.py (macros.py:59)
[robosuite WARNING] Could not import robosuite_models. Some robots may not be available. If you want to use these robots, please install robosuite_models from source (https://github.com/ARISE-Initiative/robosuite_models) or through pip install. (__init__.py:30)
2026-08-09 03:57:22,325 | INFO | ================================================================================
2026-08-09 03:57:22,325 | INFO | Checkpoint Evaluation
2026-08-09 03:57:22,325 | INFO | ================================================================================
2026-08-09 03:57:22,326 | INFO | Random seed set to 20260823
2026-08-09 03:57:22,327 | INFO | Output directory: /home/haoyu/workspace/outputs/fpo-control/results/can_step6000_wiseft_screen_seed20260823_anchor_zero
2026-08-09 03:57:22,327 | INFO | Using local checkpoint: /home/haoyu/workspace/outputs/fpo-control/results/can_step6000_advnorm_minibatch_5iter_seed20260812/checkpoints/step_48000
2026-08-09 03:57:22,327 | INFO | Loading policy from /home/haoyu/workspace/outputs/fpo-control/results/can_step6000_advnorm_minibatch_5iter_seed20260812/checkpoints/step_48000/policy...
2026-08-09 03:57:22,327 | INFO | Loading config from /home/haoyu/workspace/outputs/fpo-control/results/can_step6000_advnorm_minibatch_5iter_seed20260812/checkpoints/step_48000/policy/config.json...
2026-08-09 03:57:22,327 | INFO | Image features: ['observation.images.robot0_eye_in_hand']
2026-08-09 03:57:22,327 | INFO | State features: ['observation.state']
2026-08-09 03:57:22,327 | INFO | Constructing FlowMatchingPolicy from config...
2026-08-09 03:57:22,409 | INFO | Loading model weights from /home/haoyu/workspace/outputs/fpo-control/results/can_step6000_advnorm_minibatch_5iter_seed20260812/checkpoints/step_48000/policy/model.safetensors...
2026-08-09 03:57:22,737 | INFO | Policy loaded successfully
2026-08-09 03:57:22,737 | INFO | Policy config: horizon=16, n_action_steps=16, sampling_steps=10
2026-08-09 03:57:22,737 | INFO | Overriding Euler sampling steps: 10
2026-08-09 03:57:22,737 | INFO | Creating evaluation environment: Can
2026-08-09 03:57:22,737 | INFO | Using image features from checkpoint config: ['observation.images.robot0_eye_in_hand']
2026-08-09 03:57:22,737 | INFO | Production mode: using gymnasium.vector.AsyncVectorEnv
2026-08-09 03:57:22,737 | INFO | Video key: agentview
2026-08-09 03:57:22,737 | INFO | Using image observation keys: ['robot0_eye_in_hand']
[robosuite INFO] Loading controller configuration from: /mnt/data/users/haoyu/workspace/code/fpo-control/manipulation_experiments/thirdparty/robosuite/robosuite/controllers/config/robots/default_panda.json (composite_controller_factory.py:121)
2026-08-09 03:57:22,738 | INFO | Loading controller configuration from: /mnt/data/users/haoyu/workspace/code/fpo-control/manipulation_experiments/thirdparty/robosuite/robosuite/controllers/config/robots/default_panda.json
2026-08-09 03:57:24,515 | INFO | Successfully created PickPlaceCan environment via robosuite.make() with cameras at 84x84
2026-08-09 03:57:24,515 | INFO | Configured cameras: ['robot0_eye_in_hand']
[ViT Init] Inferred image size from dataset: 84x84
num_visible_gpus: 1 [1] render_override: 
render_gpu_device_id: 1
[robosuite WARNING] No private macro file found! (macros.py:57)
[robosuite WARNING] It is recommended to use a private macro file (macros.py:58)
[robosuite WARNING] To setup, run: python /mnt/data/users/haoyu/workspace/code/fpo-control/manipulation_experiments/thirdparty/robosuite/robosuite/scripts/setup_macros.py (macros.py:59)
[robosuite WARNING] No private macro file found! (macros.py:57)
[robosuite WARNING] It is recommended to use a private macro file (macros.py:58)
[robosuite WARNING] To setup, run: python /mnt/data/users/haoyu/workspace/code/fpo-control/manipulation_experiments/thirdparty/robosuite/robosuite/scripts/setup_macros.py (macros.py:59)
[robosuite WARNING] No private macro file found! (macros.py:57)
[robosuite WARNING] It is recommended to use a private macro file (macros.py:58)
[robosuite WARNING] To setup, run: python /mnt/data/users/haoyu/workspace/code/fpo-control/manipulation_experiments/thirdparty/robosuite/robosuite/scripts/setup_macros.py (macros.py:59)
[robosuite WARNING] No private macro file found! (macros.py:57)
[robosuite WARNING] It is recommended to use a private macro file (macros.py:58)
[robosuite WARNING] To setup, run: python /mnt/data/users/haoyu/workspace/code/fpo-control/manipulation_experiments/thirdparty/robosuite/robosuite/scripts/setup_macros.py (macros.py:59)
[robosuite WARNING] No private macro file found! (macros.py:57)
[robosuite WARNING] It is recommended to use a private macro file (macros.py:58)
[robosuite WARNING] To setup, run: python /mnt/data/users/haoyu/workspace/code/fpo-control/manipulation_experiments/thirdparty/robosuite/robosuite/scripts/setup_macros.py (macros.py:59)
[robosuite WARNING] No private macro file found! (macros.py:57)
[robosuite WARNING] It is recommended to use a private macro file (macros.py:58)
[robosuite WARNING] To setup, run: python /mnt/data/users/haoyu/workspace/code/fpo-control/manipulation_experiments/thirdparty/robosuite/robosuite/scripts/setup_macros.py (macros.py:59)
[robosuite WARNING] No private macro file found! (macros.py:57)
[robosuite WARNING] It is recommended to use a private macro file (macros.py:58)
[robosuite WARNING] To setup, run: python /mnt/data/users/haoyu/workspace/code/fpo-control/manipulation_experiments/thirdparty/robosuite/robosuite/scripts/setup_macros.py (macros.py:59)
[robosuite WARNING] No private macro file found! (macros.py:57)
[robosuite WARNING] It is recommended to use a private macro file (macros.py:58)
[robosuite WARNING] To setup, run: python /mnt/data/users/haoyu/workspace/code/fpo-control/manipulation_experiments/thirdparty/robosuite/robosuite/scripts/setup_macros.py (macros.py:59)
[robosuite WARNING] No private macro file found! (macros.py:57)
[robosuite WARNING] It is recommended to use a private macro file (macros.py:58)
[robosuite WARNING] To setup, run: python /mnt/data/users/haoyu/workspace/code/fpo-control/manipulation_experiments/thirdparty/robosuite/robosuite/scripts/setup_macros.py (macros.py:59)
[robosuite WARNING] No private macro file found! (macros.py:57)
[robosuite WARNING] It is recommended to use a private macro file (macros.py:58)
[robosuite WARNING] To setup, run: python /mnt/data/users/haoyu/workspace/code/fpo-control/manipulation_experiments/thirdparty/robosuite/robosuite/scripts/setup_macros.py (macros.py:59)
[robosuite WARNING] No private macro file found! (macros.py:57)
[robosuite WARNING] It is recommended to use a private macro file (macros.py:58)
[robosuite WARNING] To setup, run: python /mnt/data/users/haoyu/workspace/code/fpo-control/manipulation_experiments/thirdparty/robosuite/robosuite/scripts/setup_macros.py (macros.py:59)
[robosuite WARNING] No private macro file found! (macros.py:57)
[robosuite WARNING] It is recommended to use a private macro file (macros.py:58)
[robosuite WARNING] To setup, run: python /mnt/data/users/haoyu/workspace/code/fpo-control/manipulation_experiments/thirdparty/robosuite/robosuite/scripts/setup_macros.py (macros.py:59)
[robosuite WARNING] No private macro file found! (macros.py:57)
[robosuite WARNING] It is recommended to use a private macro file (macros.py:58)
[robosuite WARNING] To setup, run: python /mnt/data/users/haoyu/workspace/code/fpo-control/manipulation_experiments/thirdparty/robosuite/robosuite/scripts/setup_macros.py (macros.py:59)
[robosuite WARNING] No private macro file found! (macros.py:57)
[robosuite WARNING] It is recommended to use a private macro file (macros.py:58)
[robosuite WARNING] To setup, run: python /mnt/data/users/haoyu/workspace/code/fpo-control/manipulation_experiments/thirdparty/robosuite/robosuite/scripts/setup_macros.py (macros.py:59)
[robosuite WARNING] No private macro file found! (macros.py:57)
[robosuite WARNING] It is recommended to use a private macro file (macros.py:58)
[robosuite WARNING] To setup, run: python /mnt/data/users/haoyu/workspace/code/fpo-control/manipulation_experiments/thirdparty/robosuite/robosuite/scripts/setup_macros.py (macros.py:59)
[robosuite WARNING] No private macro file found! (macros.py:57)
[robosuite WARNING] It is recommended to use a private macro file (macros.py:58)
[robosuite WARNING] To setup, run: python /mnt/data/users/haoyu/workspace/code/fpo-control/manipulation_experiments/thirdparty/robosuite/robosuite/scripts/setup_macros.py (macros.py:59)
[robosuite WARNING] Could not import robosuite_models. Some robots may not be available. If you want to use these robots, please install robosuite_models from source (https://github.com/ARISE-Initiative/robosuite_models) or through pip install. (__init__.py:30)
[robosuite WARNING] Could not import robosuite_models. Some robots may not be available. If you want to use these robots, please install robosuite_models from source (https://github.com/ARISE-Initiative/robosuite_models) or through pip install. (__init__.py:30)
[robosuite WARNING] Could not import robosuite_models. Some robots may not be available. If you want to use these robots, please install robosuite_models from source (https://github.com/ARISE-Initiative/robosuite_models) or through pip install. (__init__.py:30)
[robosuite WARNING] Could not import robosuite_models. Some robots may not be available. If you want to use these robots, please install robosuite_models from source (https://github.com/ARISE-Initiative/robosuite_models) or through pip install. (__init__.py:30)
[robosuite WARNING] Could not import robosuite_models. Some robots may not be available. If you want to use these robots, please install robosuite_models from source (https://github.com/ARISE-Initiative/robosuite_models) or through pip install. (__init__.py:30)
[robosuite WARNING] Could not import robosuite_models. Some robots may not be available. If you want to use these robots, please install robosuite_models from source (https://github.com/ARISE-Initiative/robosuite_models) or through pip install. (__init__.py:30)
[robosuite WARNING] Could not import robosuite_models. Some robots may not be available. If you want to use these robots, please install robosuite_models from source (https://github.com/ARISE-Initiative/robosuite_models) or through pip install. (__init__.py:30)
[robosuite WARNING] Could not import robosuite_models. Some robots may not be available. If you want to use these robots, please install robosuite_models from source (https://github.com/ARISE-Initiative/robosuite_models) or through pip install. (__init__.py:30)
[robosuite WARNING] Could not import robosuite_models. Some robots may not be available. If you want to use these robots, please install robosuite_models from source (https://github.com/ARISE-Initiative/robosuite_models) or through pip install. (__init__.py:30)
[robosuite WARNING] Could not import robosuite_models. Some robots may not be available. If you want to use these robots, please install robosuite_models from source (https://github.com/ARISE-Initiative/robosuite_models) or through pip install. (__init__.py:30)
[robosuite WARNING] Could not import robosuite_models. Some robots may not be available. If you want to use these robots, please install robosuite_models from source (https://github.com/ARISE-Initiative/robosuite_models) or through pip install. (__init__.py:30)
[robosuite WARNING] Could not import robosuite_models. Some robots may not be available. If you want to use these robots, please install robosuite_models from source (https://github.com/ARISE-Initiative/robosuite_models) or through pip install. (__init__.py:30)
[robosuite WARNING] Could not import robosuite_models. Some robots may not be available. If you want to use these robots, please install robosuite_models from source (https://github.com/ARISE-Initiative/robosuite_models) or through pip install. (__init__.py:30)
[robosuite WARNING] Could not import robosuite_models. Some robots may not be available. If you want to use these robots, please install robosuite_models from source (https://github.com/ARISE-Initiative/robosuite_models) or through pip install. (__init__.py:30)
[robosuite WARNING] Could not import robosuite_models. Some robots may not be available. If you want to use these robots, please install robosuite_models from source (https://github.com/ARISE-Initiative/robosuite_models) or through pip install. (__init__.py:30)
[robosuite WARNING] Could not import robosuite_models. Some robots may not be available. If you want to use these robots, please install robosuite_models from source (https://github.com/ARISE-Initiative/robosuite_models) or through pip install. (__init__.py:30)
2026-08-09 03:57:33,246 | INFO | Video key: agentview
2026-08-09 03:57:33,246 | INFO | Using image observation keys: ['robot0_eye_in_hand']
[robosuite INFO] Loading controller configuration from: /mnt/data/users/haoyu/workspace/code/fpo-control/manipulation_experiments/thirdparty/robosuite/robosuite/controllers/config/robots/default_panda.json (composite_controller_factory.py:121)
2026-08-09 03:57:33,246 | INFO | Loading controller configuration from: /mnt/data/users/haoyu/workspace/code/fpo-control/manipulation_experiments/thirdparty/robosuite/robosuite/controllers/config/robots/default_panda.json
2026-08-09 03:57:34,490 | INFO | Video key: agentview
2026-08-09 03:57:34,490 | INFO | Using image observation keys: ['robot0_eye_in_hand']
[robosuite INFO] Loading controller configuration from: /mnt/data/users/haoyu/workspace/code/fpo-control/manipulation_experiments/thirdparty/robosuite/robosuite/controllers/config/robots/default_panda.json (composite_controller_factory.py:121)
2026-08-09 03:57:34,491 | INFO | Loading controller configuration from: /mnt/data/users/haoyu/workspace/code/fpo-control/manipulation_experiments/thirdparty/robosuite/robosuite/controllers/config/robots/default_panda.json
2026-08-09 03:57:34,562 | INFO | Video key: agentview
2026-08-09 03:57:34,562 | INFO | Using image observation keys: ['robot0_eye_in_hand']
[robosuite INFO] Loading controller configuration from: /mnt/data/users/haoyu/workspace/code/fpo-control/manipulation_experiments/thirdparty/robosuite/robosuite/controllers/config/robots/default_panda.json (composite_controller_factory.py:121)
2026-08-09 03:57:34,562 | INFO | Loading controller configuration from: /mnt/data/users/haoyu/workspace/code/fpo-control/manipulation_experiments/thirdparty/robosuite/robosuite/controllers/config/robots/default_panda.json
2026-08-09 03:57:34,691 | INFO | Video key: agentview
2026-08-09 03:57:34,691 | INFO | Using image observation keys: ['robot0_eye_in_hand']
[robosuite INFO] Loading controller configuration from: /mnt/data/users/haoyu/workspace/code/fpo-control/manipulation_experiments/thirdparty/robosuite/robosuite/controllers/config/robots/default_panda.json (composite_controller_factory.py:121)
2026-08-09 03:57:34,691 | INFO | Loading controller configuration from: /mnt/data/users/haoyu/workspace/code/fpo-control/manipulation_experiments/thirdparty/robosuite/robosuite/controllers/config/robots/default_panda.json
2026-08-09 03:57:35,072 | INFO | Successfully created PickPlaceCan environment via robosuite.make() with cameras at 84x84
2026-08-09 03:57:35,072 | INFO | Configured cameras: ['robot0_eye_in_hand']
2026-08-09 03:57:36,302 | INFO | Successfully created PickPlaceCan environment via robosuite.make() with cameras at 84x84
2026-08-09 03:57:36,302 | INFO | Configured cameras: ['robot0_eye_in_hand']
2026-08-09 03:57:36,366 | INFO | Successfully created PickPlaceCan environment via robosuite.make() with cameras at 84x84
2026-08-09 03:57:36,366 | INFO | Configured cameras: ['robot0_eye_in_hand']
2026-08-09 03:57:36,509 | INFO | Successfully created PickPlaceCan environment via robosuite.make() with cameras at 84x84
2026-08-09 03:57:36,509 | INFO | Configured cameras: ['robot0_eye_in_hand']
2026-08-09 03:57:36,983 | INFO | Video key: agentview
2026-08-09 03:57:36,983 | INFO | Using image observation keys: ['robot0_eye_in_hand']
[robosuite INFO] Loading controller configuration from: /mnt/data/users/haoyu/workspace/code/fpo-control/manipulation_experiments/thirdparty/robosuite/robosuite/controllers/config/robots/default_panda.json (composite_controller_factory.py:121)
2026-08-09 03:57:36,983 | INFO | Loading controller configuration from: /mnt/data/users/haoyu/workspace/code/fpo-control/manipulation_experiments/thirdparty/robosuite/robosuite/controllers/config/robots/default_panda.json
2026-08-09 03:57:37,019 | INFO | Video key: agentview
2026-08-09 03:57:37,019 | INFO | Using image observation keys: ['robot0_eye_in_hand']
[robosuite INFO] Loading controller configuration from: /mnt/data/users/haoyu/workspace/code/fpo-control/manipulation_experiments/thirdparty/robosuite/robosuite/controllers/config/robots/default_panda.json (composite_controller_factory.py:121)
2026-08-09 03:57:37,019 | INFO | Loading controller configuration from: /mnt/data/users/haoyu/workspace/code/fpo-control/manipulation_experiments/thirdparty/robosuite/robosuite/controllers/config/robots/default_panda.json
2026-08-09 03:57:37,046 | INFO | Video key: agentview
2026-08-09 03:57:37,046 | INFO | Using image observation keys: ['robot0_eye_in_hand']
[robosuite INFO] Loading controller configuration from: /mnt/data/users/haoyu/workspace/code/fpo-control/manipulation_experiments/thirdparty/robosuite/robosuite/controllers/config/robots/default_panda.json (composite_controller_factory.py:121)
2026-08-09 03:57:37,046 | INFO | Loading controller configuration from: /mnt/data/users/haoyu/workspace/code/fpo-control/manipulation_experiments/thirdparty/robosuite/robosuite/controllers/config/robots/default_panda.json
2026-08-09 03:57:37,072 | INFO | Video key: agentview
2026-08-09 03:57:37,072 | INFO | Using image observation keys: ['robot0_eye_in_hand']
[robosuite INFO] Loading controller configuration from: /mnt/data/users/haoyu/workspace/code/fpo-control/manipulation_experiments/thirdparty/robosuite/robosuite/controllers/config/robots/default_panda.json (composite_controller_factory.py:121)
2026-08-09 03:57:37,072 | INFO | Loading controller configuration from: /mnt/data/users/haoyu/workspace/code/fpo-control/manipulation_experiments/thirdparty/robosuite/robosuite/controllers/config/robots/default_panda.json
2026-08-09 03:57:37,084 | INFO | Video key: agentview
2026-08-09 03:57:37,084 | INFO | Using image observation keys: ['robot0_eye_in_hand']
[robosuite INFO] Loading controller configuration from: /mnt/data/users/haoyu/workspace/code/fpo-control/manipulation_experiments/thirdparty/robosuite/robosuite/controllers/config/robots/default_panda.json (composite_controller_factory.py:121)
2026-08-09 03:57:37,085 | INFO | Loading controller configuration from: /mnt/data/users/haoyu/workspace/code/fpo-control/manipulation_experiments/thirdparty/robosuite/robosuite/controllers/config/robots/default_panda.json
2026-08-09 03:57:37,116 | INFO | Video key: agentview
2026-08-09 03:57:37,116 | INFO | Using image observation keys: ['robot0_eye_in_hand']
[robosuite INFO] Loading controller configuration from: /mnt/data/users/haoyu/workspace/code/fpo-control/manipulation_experiments/thirdparty/robosuite/robosuite/controllers/config/robots/default_panda.json (composite_controller_factory.py:121)
2026-08-09 03:57:37,116 | INFO | Loading controller configuration from: /mnt/data/users/haoyu/workspace/code/fpo-control/manipulation_experiments/thirdparty/robosuite/robosuite/controllers/config/robots/default_panda.json
2026-08-09 03:57:37,122 | INFO | Video key: agentview
2026-08-09 03:57:37,122 | INFO | Using image observation keys: ['robot0_eye_in_hand']
[robosuite INFO] Loading controller configuration from: /mnt/data/users/haoyu/workspace/code/fpo-control/manipulation_experiments/thirdparty/robosuite/robosuite/controllers/config/robots/default_panda.json (composite_controller_factory.py:121)
2026-08-09 03:57:37,122 | INFO | Loading controller configuration from: /mnt/data/users/haoyu/workspace/code/fpo-control/manipulation_experiments/thirdparty/robosuite/robosuite/controllers/config/robots/default_panda.json
2026-08-09 03:57:37,134 | INFO | Video key: agentview
2026-08-09 03:57:37,134 | INFO | Using image observation keys: ['robot0_eye_in_hand']
[robosuite INFO] Loading controller configuration from: /mnt/data/users/haoyu/workspace/code/fpo-control/manipulation_experiments/thirdparty/robosuite/robosuite/controllers/config/robots/default_panda.json (composite_controller_factory.py:121)
2026-08-09 03:57:37,135 | INFO | Loading controller configuration from: /mnt/data/users/haoyu/workspace/code/fpo-control/manipulation_experiments/thirdparty/robosuite/robosuite/controllers/config/robots/default_panda.json
2026-08-09 03:57:37,140 | INFO | Video key: agentview
2026-08-09 03:57:37,140 | INFO | Using image observation keys: ['robot0_eye_in_hand']
[robosuite INFO] Loading controller configuration from: /mnt/data/users/haoyu/workspace/code/fpo-control/manipulation_experiments/thirdparty/robosuite/robosuite/controllers/config/robots/default_panda.json (composite_controller_factory.py:121)
2026-08-09 03:57:37,141 | INFO | Loading controller configuration from: /mnt/data/users/haoyu/workspace/code/fpo-control/manipulation_experiments/thirdparty/robosuite/robosuite/controllers/config/robots/default_panda.json
2026-08-09 03:57:37,144 | INFO | Video key: agentview
2026-08-09 03:57:37,144 | INFO | Using image observation keys: ['robot0_eye_in_hand']
[robosuite INFO] Loading controller configuration from: /mnt/data/users/haoyu/workspace/code/fpo-control/manipulation_experiments/thirdparty/robosuite/robosuite/controllers/config/robots/default_panda.json (composite_controller_factory.py:121)
2026-08-09 03:57:37,144 | INFO | Loading controller configuration from: /mnt/data/users/haoyu/workspace/code/fpo-control/manipulation_experiments/thirdparty/robosuite/robosuite/controllers/config/robots/default_panda.json
2026-08-09 03:57:37,147 | INFO | Video key: agentview
2026-08-09 03:57:37,147 | INFO | Using image observation keys: ['robot0_eye_in_hand']
[robosuite INFO] Loading controller configuration from: /mnt/data/users/haoyu/workspace/code/fpo-control/manipulation_experiments/thirdparty/robosuite/robosuite/controllers/config/robots/default_panda.json (composite_controller_factory.py:121)
2026-08-09 03:57:37,148 | INFO | Loading controller configuration from: /mnt/data/users/haoyu/workspace/code/fpo-control/manipulation_experiments/thirdparty/robosuite/robosuite/controllers/config/robots/default_panda.json
2026-08-09 03:57:37,148 | INFO | Video key: agentview
2026-08-09 03:57:37,148 | INFO | Using image observation keys: ['robot0_eye_in_hand']
[robosuite INFO] Loading controller configuration from: /mnt/data/users/haoyu/workspace/code/fpo-control/manipulation_experiments/thirdparty/robosuite/robosuite/controllers/config/robots/default_panda.json (composite_controller_factory.py:121)
2026-08-09 03:57:37,148 | INFO | Loading controller configuration from: /mnt/data/users/haoyu/workspace/code/fpo-control/manipulation_experiments/thirdparty/robosuite/robosuite/controllers/config/robots/default_panda.json
2026-08-09 03:57:38,759 | INFO | Successfully created PickPlaceCan environment via robosuite.make() with cameras at 84x84
2026-08-09 03:57:38,759 | INFO | Configured cameras: ['robot0_eye_in_hand']
2026-08-09 03:57:38,831 | INFO | Successfully created PickPlaceCan environment via robosuite.make() with cameras at 84x84
2026-08-09 03:57:38,831 | INFO | Configured cameras: ['robot0_eye_in_hand']
2026-08-09 03:57:38,860 | INFO | Successfully created PickPlaceCan environment via robosuite.make() with cameras at 84x84
2026-08-09 03:57:38,860 | INFO | Configured cameras: ['robot0_eye_in_hand']
2026-08-09 03:57:38,885 | INFO | Successfully created PickPlaceCan environment via robosuite.make() with cameras at 84x84
2026-08-09 03:57:38,885 | INFO | Configured cameras: ['robot0_eye_in_hand']
2026-08-09 03:57:38,894 | INFO | Successfully created PickPlaceCan environment via robosuite.make() with cameras at 84x84
2026-08-09 03:57:38,894 | INFO | Configured cameras: ['robot0_eye_in_hand']
2026-08-09 03:57:38,915 | INFO | Successfully created PickPlaceCan environment via robosuite.make() with cameras at 84x84
2026-08-09 03:57:38,915 | INFO | Configured cameras: ['robot0_eye_in_hand']
2026-08-09 03:57:38,917 | INFO | Successfully created PickPlaceCan environment via robosuite.make() with cameras at 84x84
2026-08-09 03:57:38,917 | INFO | Configured cameras: ['robot0_eye_in_hand']
2026-08-09 03:57:38,930 | INFO | Successfully created PickPlaceCan environment via robosuite.make() with cameras at 84x84
2026-08-09 03:57:38,930 | INFO | Configured cameras: ['robot0_eye_in_hand']
2026-08-09 03:57:38,956 | INFO | Successfully created PickPlaceCan environment via robosuite.make() with cameras at 84x84
2026-08-09 03:57:38,956 | INFO | Configured cameras: ['robot0_eye_in_hand']
2026-08-09 03:57:38,963 | INFO | Successfully created PickPlaceCan environment via robosuite.make() with cameras at 84x84
2026-08-09 03:57:38,963 | INFO | Configured cameras: ['robot0_eye_in_hand']
2026-08-09 03:57:38,990 | INFO | Successfully created PickPlaceCan environment via robosuite.make() with cameras at 84x84
2026-08-09 03:57:38,990 | INFO | Configured cameras: ['robot0_eye_in_hand']
2026-08-09 03:57:39,091 | INFO | Successfully created PickPlaceCan environment via robosuite.make() with cameras at 84x84
2026-08-09 03:57:39,091 | INFO | Configured cameras: ['robot0_eye_in_hand']
2026-08-09 03:57:40,276 | INFO | Created 16 vectorized Can environments
2026-08-09 03:57:40,277 | INFO | Set video key to 'agentview' for video recording
2026-08-09 03:57:40,277 | INFO | ================================================================================
2026-08-09 03:57:40,277 | INFO | Starting Evaluation
2026-08-09 03:57:40,277 | INFO | ================================================================================
2026-08-09 03:57:40,277 | INFO | Running rollouts with environment: Can
2026-08-09 03:57:40,277 | INFO | Starting evaluation: 20 episodes using 16 parallel environments
2026-08-09 03:57:41,313 | INFO | Created observation keys: ['observation.state', 'observation.images.robot0_eye_in_hand']
2026-08-09 03:57:41,318 | INFO | Created observation keys: ['observation.state', 'observation.images.robot0_eye_in_hand']
2026-08-09 03:57:41,323 | INFO | Created observation keys: ['observation.state', 'observation.images.robot0_eye_in_hand']
2026-08-09 03:57:41,337 | INFO | Created observation keys: ['observation.state', 'observation.images.robot0_eye_in_hand']
2026-08-09 03:57:41,339 | INFO | Created observation keys: ['observation.state', 'observation.images.robot0_eye_in_hand']
2026-08-09 03:57:41,340 | INFO | Created observation keys: ['observation.state', 'observation.images.robot0_eye_in_hand']
2026-08-09 03:57:41,357 | INFO | Created observation keys: ['observation.state', 'observation.images.robot0_eye_in_hand']
2026-08-09 03:57:41,359 | INFO | Created observation keys: ['observation.state', 'observation.images.robot0_eye_in_hand']
2026-08-09 03:57:41,363 | INFO | Created observation keys: ['observation.state', 'observation.images.robot0_eye_in_hand']
2026-08-09 03:57:41,365 | INFO | Created observation keys: ['observation.state', 'observation.images.robot0_eye_in_hand']
2026-08-09 03:57:41,374 | INFO | Created observation keys: ['observation.state', 'observation.images.robot0_eye_in_hand']
2026-08-09 03:57:41,382 | INFO | Created observation keys: ['observation.state', 'observation.images.robot0_eye_in_hand']
2026-08-09 03:57:41,391 | INFO | Created observation keys: ['observation.state', 'observation.images.robot0_eye_in_hand']
2026-08-09 03:57:41,393 | INFO | Created observation keys: ['observation.state', 'observation.images.robot0_eye_in_hand']
2026-08-09 03:57:41,395 | INFO | Created observation keys: ['observation.state', 'observation.images.robot0_eye_in_hand']
2026-08-09 03:57:41,505 | INFO | Created observation keys: ['observation.state', 'observation.images.robot0_eye_in_hand']
/home/haoyu/workspace/code/fpo-control/manipulation_experiments/thirdparty/miniconda3/envs/fpo_manipulation/lib/python3.10/contextlib.py:103: FutureWarning: `torch.backends.cuda.sdp_kernel()` is deprecated. In the future, this context manager will be removed. Please see `torch.nn.attention.sdpa_kernel()` for the new context manager, with updated signature.
  self.gen = func(*args, **kwds)
2026-08-09 03:57:56,811 | INFO | Total steps: 2000, done episodes: 0, successes: 0, FPS: 121.0
2026-08-09 03:58:27,266 | INFO | Total steps: 4000, done episodes: 16, successes: 16, FPS: 85.1
2026-08-09 03:58:38,307 | INFO | Evaluation completed: 20 episodes, 20 successes (100.0%) for task **Can**
2026-08-09 03:58:38,307 | INFO | Success stats across environments: mean=1.00 +/- 0.00
2026-08-09 03:58:38,307 | INFO | Average return: 1.000 +/- 0.000
2026-08-09 03:58:38,307 | INFO | Average episode length: 168.3 +/- 26.0
2026-08-09 03:58:38,307 | INFO | Performance: 5088 total steps in 58.0s
2026-08-09 03:58:38,307 | INFO | Average FPS: 87.7 frames/sec | Episodes/sec: 0.34
2026-08-09 03:58:38,308 | INFO | ================================================================================
2026-08-09 03:58:38,308 | INFO | Evaluation Summary
2026-08-09 03:58:38,308 | INFO | ================================================================================
2026-08-09 03:58:38,308 | INFO | Environment: Can
2026-08-09 03:58:38,308 | INFO | Checkpoint: latest
2026-08-09 03:58:38,308 | INFO | Episodes: 20
2026-08-09 03:58:38,308 | INFO | Success Rate: 100.00% +/- 0.00%
2026-08-09 03:58:38,308 | INFO | Average Return: 1.000 +/- 0.000
2026-08-09 03:58:38,308 | INFO | FPS: 87.7
2026-08-09 03:58:38,308 | INFO | ================================================================================
2026-08-09 03:58:38,308 | INFO | Summary saved to: /home/haoyu/workspace/outputs/fpo-control/results/can_step6000_wiseft_screen_seed20260823_anchor_zero/eval_summary_Can_latest_zero_sampling_True.txt
render_gpu_device_id: 1
render_gpu_device_id: 1
render_gpu_device_id: 1
render_gpu_device_id: 1
render_gpu_device_id: 1
render_gpu_device_id: 1
render_gpu_device_id: 1
render_gpu_device_id: 1
render_gpu_device_id: 1
render_gpu_device_id: 1
render_gpu_device_id: 1
render_gpu_device_id: 1
render_gpu_device_id: 1
render_gpu_device_id: 1
render_gpu_device_id: 1
render_gpu_device_id: 1
2026-08-09 03:58:41,393 | INFO | Evaluation completed successfully!
[robosuite WARNING] No private macro file found! (macros.py:57)
[robosuite WARNING] It is recommended to use a private macro file (macros.py:58)
[robosuite WARNING] To setup, run: python /mnt/data/users/haoyu/workspace/code/fpo-control/manipulation_experiments/thirdparty/robosuite/robosuite/scripts/setup_macros.py (macros.py:59)
[robosuite WARNING] Could not import robosuite_models. Some robots may not be available. If you want to use these robots, please install robosuite_models from source (https://github.com/ARISE-Initiative/robosuite_models) or through pip install. (__init__.py:30)
2026-08-09 03:58:47,814 | INFO | ================================================================================
2026-08-09 03:58:47,814 | INFO | Checkpoint Evaluation
2026-08-09 03:58:47,815 | INFO | ================================================================================
2026-08-09 03:58:47,816 | INFO | Random seed set to 20260823
2026-08-09 03:58:47,816 | INFO | Output directory: /home/haoyu/workspace/outputs/fpo-control/results/can_step6000_wiseft_screen_seed20260823_anchor_random
2026-08-09 03:58:47,816 | INFO | Using local checkpoint: /home/haoyu/workspace/outputs/fpo-control/results/can_step6000_advnorm_minibatch_5iter_seed20260812/checkpoints/step_48000
2026-08-09 03:58:47,816 | INFO | Loading policy from /home/haoyu/workspace/outputs/fpo-control/results/can_step6000_advnorm_minibatch_5iter_seed20260812/checkpoints/step_48000/policy...
2026-08-09 03:58:47,816 | INFO | Loading config from /home/haoyu/workspace/outputs/fpo-control/results/can_step6000_advnorm_minibatch_5iter_seed20260812/checkpoints/step_48000/policy/config.json...
2026-08-09 03:58:47,816 | INFO | Image features: ['observation.images.robot0_eye_in_hand']
2026-08-09 03:58:47,816 | INFO | State features: ['observation.state']
2026-08-09 03:58:47,816 | INFO | Constructing FlowMatchingPolicy from config...
2026-08-09 03:58:47,899 | INFO | Loading model weights from /home/haoyu/workspace/outputs/fpo-control/results/can_step6000_advnorm_minibatch_5iter_seed20260812/checkpoints/step_48000/policy/model.safetensors...
2026-08-09 03:58:48,225 | INFO | Policy loaded successfully
2026-08-09 03:58:48,225 | INFO | Policy config: horizon=16, n_action_steps=16, sampling_steps=10
2026-08-09 03:58:48,225 | INFO | Overriding Euler sampling steps: 10
2026-08-09 03:58:48,225 | INFO | Creating evaluation environment: Can
2026-08-09 03:58:48,225 | INFO | Using image features from checkpoint config: ['observation.images.robot0_eye_in_hand']
2026-08-09 03:58:48,225 | INFO | Production mode: using gymnasium.vector.AsyncVectorEnv
2026-08-09 03:58:48,225 | INFO | Video key: agentview
2026-08-09 03:58:48,225 | INFO | Using image observation keys: ['robot0_eye_in_hand']
[robosuite INFO] Loading controller configuration from: /mnt/data/users/haoyu/workspace/code/fpo-control/manipulation_experiments/thirdparty/robosuite/robosuite/controllers/config/robots/default_panda.json (composite_controller_factory.py:121)
2026-08-09 03:58:48,226 | INFO | Loading controller configuration from: /mnt/data/users/haoyu/workspace/code/fpo-control/manipulation_experiments/thirdparty/robosuite/robosuite/controllers/config/robots/default_panda.json
2026-08-09 03:58:49,965 | INFO | Successfully created PickPlaceCan environment via robosuite.make() with cameras at 84x84
2026-08-09 03:58:49,965 | INFO | Configured cameras: ['robot0_eye_in_hand']
[ViT Init] Inferred image size from dataset: 84x84
num_visible_gpus: 1 [1] render_override: 
render_gpu_device_id: 1
[robosuite WARNING] No private macro file found! (macros.py:57)
[robosuite WARNING] It is recommended to use a private macro file (macros.py:58)
[robosuite WARNING] To setup, run: python /mnt/data/users/haoyu/workspace/code/fpo-control/manipulation_experiments/thirdparty/robosuite/robosuite/scripts/setup_macros.py (macros.py:59)
[robosuite WARNING] No private macro file found! (macros.py:57)
[robosuite WARNING] It is recommended to use a private macro file (macros.py:58)
[robosuite WARNING] To setup, run: python /mnt/data/users/haoyu/workspace/code/fpo-control/manipulation_experiments/thirdparty/robosuite/robosuite/scripts/setup_macros.py (macros.py:59)
[robosuite WARNING] No private macro file found! (macros.py:57)
[robosuite WARNING] It is recommended to use a private macro file (macros.py:58)
[robosuite WARNING] To setup, run: python /mnt/data/users/haoyu/workspace/code/fpo-control/manipulation_experiments/thirdparty/robosuite/robosuite/scripts/setup_macros.py (macros.py:59)
[robosuite WARNING] No private macro file found! (macros.py:57)
[robosuite WARNING] It is recommended to use a private macro file (macros.py:58)
[robosuite WARNING] To setup, run: python /mnt/data/users/haoyu/workspace/code/fpo-control/manipulation_experiments/thirdparty/robosuite/robosuite/scripts/setup_macros.py (macros.py:59)
[robosuite WARNING] No private macro file found! (macros.py:57)
[robosuite WARNING] It is recommended to use a private macro file (macros.py:58)
[robosuite WARNING] To setup, run: python /mnt/data/users/haoyu/workspace/code/fpo-control/manipulation_experiments/thirdparty/robosuite/robosuite/scripts/setup_macros.py (macros.py:59)
[robosuite WARNING] No private macro file found! (macros.py:57)
[robosuite WARNING] It is recommended to use a private macro file (macros.py:58)
[robosuite WARNING] To setup, run: python /mnt/data/users/haoyu/workspace/code/fpo-control/manipulation_experiments/thirdparty/robosuite/robosuite/scripts/setup_macros.py (macros.py:59)
[robosuite WARNING] No private macro file found! (macros.py:57)
[robosuite WARNING] It is recommended to use a private macro file (macros.py:58)
[robosuite WARNING] To setup, run: python /mnt/data/users/haoyu/workspace/code/fpo-control/manipulation_experiments/thirdparty/robosuite/robosuite/scripts/setup_macros.py (macros.py:59)
[robosuite WARNING] No private macro file found! (macros.py:57)
[robosuite WARNING] It is recommended to use a private macro file (macros.py:58)
[robosuite WARNING] To setup, run: python /mnt/data/users/haoyu/workspace/code/fpo-control/manipulation_experiments/thirdparty/robosuite/robosuite/scripts/setup_macros.py (macros.py:59)
[robosuite WARNING] No private macro file found! (macros.py:57)
[robosuite WARNING] It is recommended to use a private macro file (macros.py:58)
[robosuite WARNING] To setup, run: python /mnt/data/users/haoyu/workspace/code/fpo-control/manipulation_experiments/thirdparty/robosuite/robosuite/scripts/setup_macros.py (macros.py:59)
[robosuite WARNING] No private macro file found! (macros.py:57)
[robosuite WARNING] It is recommended to use a private macro file (macros.py:58)
[robosuite WARNING] To setup, run: python /mnt/data/users/haoyu/workspace/code/fpo-control/manipulation_experiments/thirdparty/robosuite/robosuite/scripts/setup_macros.py (macros.py:59)
[robosuite WARNING] No private macro file found! (macros.py:57)
[robosuite WARNING] No private macro file found! (macros.py:57)
[robosuite WARNING] It is recommended to use a private macro file (macros.py:58)
[robosuite WARNING] It is recommended to use a private macro file (macros.py:58)
[robosuite WARNING] To setup, run: python /mnt/data/users/haoyu/workspace/code/fpo-control/manipulation_experiments/thirdparty/robosuite/robosuite/scripts/setup_macros.py (macros.py:59)
[robosuite WARNING] To setup, run: python /mnt/data/users/haoyu/workspace/code/fpo-control/manipulation_experiments/thirdparty/robosuite/robosuite/scripts/setup_macros.py (macros.py:59)
[robosuite WARNING] No private macro file found! (macros.py:57)
[robosuite WARNING] It is recommended to use a private macro file (macros.py:58)
[robosuite WARNING] To setup, run: python /mnt/data/users/haoyu/workspace/code/fpo-control/manipulation_experiments/thirdparty/robosuite/robosuite/scripts/setup_macros.py (macros.py:59)
[robosuite WARNING] No private macro file found! (macros.py:57)
[robosuite WARNING] It is recommended to use a private macro file (macros.py:58)
[robosuite WARNING] To setup, run: python /mnt/data/users/haoyu/workspace/code/fpo-control/manipulation_experiments/thirdparty/robosuite/robosuite/scripts/setup_macros.py (macros.py:59)
[robosuite WARNING] No private macro file found! (macros.py:57)
[robosuite WARNING] It is recommended to use a private macro file (macros.py:58)
[robosuite WARNING] To setup, run: python /mnt/data/users/haoyu/workspace/code/fpo-control/manipulation_experiments/thirdparty/robosuite/robosuite/scripts/setup_macros.py (macros.py:59)
[robosuite WARNING] No private macro file found! (macros.py:57)
[robosuite WARNING] It is recommended to use a private macro file (macros.py:58)
[robosuite WARNING] To setup, run: python /mnt/data/users/haoyu/workspace/code/fpo-control/manipulation_experiments/thirdparty/robosuite/robosuite/scripts/setup_macros.py (macros.py:59)
[robosuite WARNING] Could not import robosuite_models. Some robots may not be available. If you want to use these robots, please install robosuite_models from source (https://github.com/ARISE-Initiative/robosuite_models) or through pip install. (__init__.py:30)
[robosuite WARNING] Could not import robosuite_models. Some robots may not be available. If you want to use these robots, please install robosuite_models from source (https://github.com/ARISE-Initiative/robosuite_models) or through pip install. (__init__.py:30)
[robosuite WARNING] Could not import robosuite_models. Some robots may not be available. If you want to use these robots, please install robosuite_models from source (https://github.com/ARISE-Initiative/robosuite_models) or through pip install. (__init__.py:30)
[robosuite WARNING] Could not import robosuite_models. Some robots may not be available. If you want to use these robots, please install robosuite_models from source (https://github.com/ARISE-Initiative/robosuite_models) or through pip install. (__init__.py:30)
[robosuite WARNING] Could not import robosuite_models. Some robots may not be available. If you want to use these robots, please install robosuite_models from source (https://github.com/ARISE-Initiative/robosuite_models) or through pip install. (__init__.py:30)
[robosuite WARNING] Could not import robosuite_models. Some robots may not be available. If you want to use these robots, please install robosuite_models from source (https://github.com/ARISE-Initiative/robosuite_models) or through pip install. (__init__.py:30)
[robosuite WARNING] Could not import robosuite_models. Some robots may not be available. If you want to use these robots, please install robosuite_models from source (https://github.com/ARISE-Initiative/robosuite_models) or through pip install. (__init__.py:30)
[robosuite WARNING] Could not import robosuite_models. Some robots may not be available. If you want to use these robots, please install robosuite_models from source (https://github.com/ARISE-Initiative/robosuite_models) or through pip install. (__init__.py:30)
[robosuite WARNING] Could not import robosuite_models. Some robots may not be available. If you want to use these robots, please install robosuite_models from source (https://github.com/ARISE-Initiative/robosuite_models) or through pip install. (__init__.py:30)
[robosuite WARNING] Could not import robosuite_models. Some robots may not be available. If you want to use these robots, please install robosuite_models from source (https://github.com/ARISE-Initiative/robosuite_models) or through pip install. (__init__.py:30)
[robosuite WARNING] Could not import robosuite_models. Some robots may not be available. If you want to use these robots, please install robosuite_models from source (https://github.com/ARISE-Initiative/robosuite_models) or through pip install. (__init__.py:30)
[robosuite WARNING] Could not import robosuite_models. Some robots may not be available. If you want to use these robots, please install robosuite_models from source (https://github.com/ARISE-Initiative/robosuite_models) or through pip install. (__init__.py:30)
[robosuite WARNING] Could not import robosuite_models. Some robots may not be available. If you want to use these robots, please install robosuite_models from source (https://github.com/ARISE-Initiative/robosuite_models) or through pip install. (__init__.py:30)
[robosuite WARNING] Could not import robosuite_models. Some robots may not be available. If you want to use these robots, please install robosuite_models from source (https://github.com/ARISE-Initiative/robosuite_models) or through pip install. (__init__.py:30)
[robosuite WARNING] Could not import robosuite_models. Some robots may not be available. If you want to use these robots, please install robosuite_models from source (https://github.com/ARISE-Initiative/robosuite_models) or through pip install. (__init__.py:30)
[robosuite WARNING] Could not import robosuite_models. Some robots may not be available. If you want to use these robots, please install robosuite_models from source (https://github.com/ARISE-Initiative/robosuite_models) or through pip install. (__init__.py:30)
2026-08-09 03:58:58,562 | INFO | Video key: agentview
2026-08-09 03:58:58,562 | INFO | Using image observation keys: ['robot0_eye_in_hand']
[robosuite INFO] Loading controller configuration from: /mnt/data/users/haoyu/workspace/code/fpo-control/manipulation_experiments/thirdparty/robosuite/robosuite/controllers/config/robots/default_panda.json (composite_controller_factory.py:121)
2026-08-09 03:58:58,562 | INFO | Loading controller configuration from: /mnt/data/users/haoyu/workspace/code/fpo-control/manipulation_experiments/thirdparty/robosuite/robosuite/controllers/config/robots/default_panda.json
2026-08-09 03:58:59,308 | INFO | Video key: agentview
2026-08-09 03:58:59,308 | INFO | Using image observation keys: ['robot0_eye_in_hand']
[robosuite INFO] Loading controller configuration from: /mnt/data/users/haoyu/workspace/code/fpo-control/manipulation_experiments/thirdparty/robosuite/robosuite/controllers/config/robots/default_panda.json (composite_controller_factory.py:121)
2026-08-09 03:58:59,308 | INFO | Loading controller configuration from: /mnt/data/users/haoyu/workspace/code/fpo-control/manipulation_experiments/thirdparty/robosuite/robosuite/controllers/config/robots/default_panda.json
2026-08-09 03:59:00,334 | INFO | Successfully created PickPlaceCan environment via robosuite.make() with cameras at 84x84
2026-08-09 03:59:00,334 | INFO | Configured cameras: ['robot0_eye_in_hand']
2026-08-09 03:59:00,583 | INFO | Video key: agentview
2026-08-09 03:59:00,583 | INFO | Using image observation keys: ['robot0_eye_in_hand']
[robosuite INFO] Loading controller configuration from: /mnt/data/users/haoyu/workspace/code/fpo-control/manipulation_experiments/thirdparty/robosuite/robosuite/controllers/config/robots/default_panda.json (composite_controller_factory.py:121)
2026-08-09 03:59:00,583 | INFO | Loading controller configuration from: /mnt/data/users/haoyu/workspace/code/fpo-control/manipulation_experiments/thirdparty/robosuite/robosuite/controllers/config/robots/default_panda.json
2026-08-09 03:59:00,608 | INFO | Video key: agentview
2026-08-09 03:59:00,608 | INFO | Using image observation keys: ['robot0_eye_in_hand']
[robosuite INFO] Loading controller configuration from: /mnt/data/users/haoyu/workspace/code/fpo-control/manipulation_experiments/thirdparty/robosuite/robosuite/controllers/config/robots/default_panda.json (composite_controller_factory.py:121)
2026-08-09 03:59:00,608 | INFO | Loading controller configuration from: /mnt/data/users/haoyu/workspace/code/fpo-control/manipulation_experiments/thirdparty/robosuite/robosuite/controllers/config/robots/default_panda.json
2026-08-09 03:59:00,615 | INFO | Video key: agentview
2026-08-09 03:59:00,615 | INFO | Using image observation keys: ['robot0_eye_in_hand']
[robosuite INFO] Loading controller configuration from: /mnt/data/users/haoyu/workspace/code/fpo-control/manipulation_experiments/thirdparty/robosuite/robosuite/controllers/config/robots/default_panda.json (composite_controller_factory.py:121)
2026-08-09 03:59:00,615 | INFO | Loading controller configuration from: /mnt/data/users/haoyu/workspace/code/fpo-control/manipulation_experiments/thirdparty/robosuite/robosuite/controllers/config/robots/default_panda.json
2026-08-09 03:59:01,069 | INFO | Successfully created PickPlaceCan environment via robosuite.make() with cameras at 84x84
2026-08-09 03:59:01,069 | INFO | Configured cameras: ['robot0_eye_in_hand']
2026-08-09 03:59:02,326 | INFO | Video key: agentview
2026-08-09 03:59:02,326 | INFO | Using image observation keys: ['robot0_eye_in_hand']
[robosuite INFO] Loading controller configuration from: /mnt/data/users/haoyu/workspace/code/fpo-control/manipulation_experiments/thirdparty/robosuite/robosuite/controllers/config/robots/default_panda.json (composite_controller_factory.py:121)
2026-08-09 03:59:02,326 | INFO | Loading controller configuration from: /mnt/data/users/haoyu/workspace/code/fpo-control/manipulation_experiments/thirdparty/robosuite/robosuite/controllers/config/robots/default_panda.json
2026-08-09 03:59:02,353 | INFO | Video key: agentview
2026-08-09 03:59:02,354 | INFO | Using image observation keys: ['robot0_eye_in_hand']
[robosuite INFO] Loading controller configuration from: /mnt/data/users/haoyu/workspace/code/fpo-control/manipulation_experiments/thirdparty/robosuite/robosuite/controllers/config/robots/default_panda.json (composite_controller_factory.py:121)
2026-08-09 03:59:02,354 | INFO | Loading controller configuration from: /mnt/data/users/haoyu/workspace/code/fpo-control/manipulation_experiments/thirdparty/robosuite/robosuite/controllers/config/robots/default_panda.json
2026-08-09 03:59:02,354 | INFO | Video key: agentview
2026-08-09 03:59:02,354 | INFO | Using image observation keys: ['robot0_eye_in_hand']
[robosuite INFO] Loading controller configuration from: /mnt/data/users/haoyu/workspace/code/fpo-control/manipulation_experiments/thirdparty/robosuite/robosuite/controllers/config/robots/default_panda.json (composite_controller_factory.py:121)
2026-08-09 03:59:02,354 | INFO | Loading controller configuration from: /mnt/data/users/haoyu/workspace/code/fpo-control/manipulation_experiments/thirdparty/robosuite/robosuite/controllers/config/robots/default_panda.json
2026-08-09 03:59:02,354 | INFO | Video key: agentview
2026-08-09 03:59:02,354 | INFO | Using image observation keys: ['robot0_eye_in_hand']
[robosuite INFO] Loading controller configuration from: /mnt/data/users/haoyu/workspace/code/fpo-control/manipulation_experiments/thirdparty/robosuite/robosuite/controllers/config/robots/default_panda.json (composite_controller_factory.py:121)
2026-08-09 03:59:02,355 | INFO | Loading controller configuration from: /mnt/data/users/haoyu/workspace/code/fpo-control/manipulation_experiments/thirdparty/robosuite/robosuite/controllers/config/robots/default_panda.json
2026-08-09 03:59:02,360 | INFO | Successfully created PickPlaceCan environment via robosuite.make() with cameras at 84x84
2026-08-09 03:59:02,361 | INFO | Configured cameras: ['robot0_eye_in_hand']
2026-08-09 03:59:02,377 | INFO | Video key: agentview
2026-08-09 03:59:02,377 | INFO | Using image observation keys: ['robot0_eye_in_hand']
[robosuite INFO] Loading controller configuration from: /mnt/data/users/haoyu/workspace/code/fpo-control/manipulation_experiments/thirdparty/robosuite/robosuite/controllers/config/robots/default_panda.json (composite_controller_factory.py:121)
2026-08-09 03:59:02,378 | INFO | Loading controller configuration from: /mnt/data/users/haoyu/workspace/code/fpo-control/manipulation_experiments/thirdparty/robosuite/robosuite/controllers/config/robots/default_panda.json
2026-08-09 03:59:02,378 | INFO | Video key: agentview
2026-08-09 03:59:02,378 | INFO | Using image observation keys: ['robot0_eye_in_hand']
[robosuite INFO] Loading controller configuration from: /mnt/data/users/haoyu/workspace/code/fpo-control/manipulation_experiments/thirdparty/robosuite/robosuite/controllers/config/robots/default_panda.json (composite_controller_factory.py:121)
2026-08-09 03:59:02,378 | INFO | Loading controller configuration from: /mnt/data/users/haoyu/workspace/code/fpo-control/manipulation_experiments/thirdparty/robosuite/robosuite/controllers/config/robots/default_panda.json
2026-08-09 03:59:02,381 | INFO | Successfully created PickPlaceCan environment via robosuite.make() with cameras at 84x84
2026-08-09 03:59:02,381 | INFO | Configured cameras: ['robot0_eye_in_hand']
2026-08-09 03:59:02,383 | INFO | Successfully created PickPlaceCan environment via robosuite.make() with cameras at 84x84
2026-08-09 03:59:02,383 | INFO | Configured cameras: ['robot0_eye_in_hand']
2026-08-09 03:59:02,388 | INFO | Video key: agentview
2026-08-09 03:59:02,388 | INFO | Using image observation keys: ['robot0_eye_in_hand']
[robosuite INFO] Loading controller configuration from: /mnt/data/users/haoyu/workspace/code/fpo-control/manipulation_experiments/thirdparty/robosuite/robosuite/controllers/config/robots/default_panda.json (composite_controller_factory.py:121)
2026-08-09 03:59:02,388 | INFO | Loading controller configuration from: /mnt/data/users/haoyu/workspace/code/fpo-control/manipulation_experiments/thirdparty/robosuite/robosuite/controllers/config/robots/default_panda.json
2026-08-09 03:59:02,392 | INFO | Video key: agentview
2026-08-09 03:59:02,392 | INFO | Using image observation keys: ['robot0_eye_in_hand']
[robosuite INFO] Loading controller configuration from: /mnt/data/users/haoyu/workspace/code/fpo-control/manipulation_experiments/thirdparty/robosuite/robosuite/controllers/config/robots/default_panda.json (composite_controller_factory.py:121)
2026-08-09 03:59:02,392 | INFO | Loading controller configuration from: /mnt/data/users/haoyu/workspace/code/fpo-control/manipulation_experiments/thirdparty/robosuite/robosuite/controllers/config/robots/default_panda.json
2026-08-09 03:59:02,400 | INFO | Video key: agentview
2026-08-09 03:59:02,400 | INFO | Using image observation keys: ['robot0_eye_in_hand']
[robosuite INFO] Loading controller configuration from: /mnt/data/users/haoyu/workspace/code/fpo-control/manipulation_experiments/thirdparty/robosuite/robosuite/controllers/config/robots/default_panda.json (composite_controller_factory.py:121)
2026-08-09 03:59:02,400 | INFO | Loading controller configuration from: /mnt/data/users/haoyu/workspace/code/fpo-control/manipulation_experiments/thirdparty/robosuite/robosuite/controllers/config/robots/default_panda.json
2026-08-09 03:59:02,406 | INFO | Video key: agentview
2026-08-09 03:59:02,407 | INFO | Using image observation keys: ['robot0_eye_in_hand']
[robosuite INFO] Loading controller configuration from: /mnt/data/users/haoyu/workspace/code/fpo-control/manipulation_experiments/thirdparty/robosuite/robosuite/controllers/config/robots/default_panda.json (composite_controller_factory.py:121)
2026-08-09 03:59:02,407 | INFO | Loading controller configuration from: /mnt/data/users/haoyu/workspace/code/fpo-control/manipulation_experiments/thirdparty/robosuite/robosuite/controllers/config/robots/default_panda.json
2026-08-09 03:59:02,407 | INFO | Video key: agentview
2026-08-09 03:59:02,407 | INFO | Using image observation keys: ['robot0_eye_in_hand']
[robosuite INFO] Loading controller configuration from: /mnt/data/users/haoyu/workspace/code/fpo-control/manipulation_experiments/thirdparty/robosuite/robosuite/controllers/config/robots/default_panda.json (composite_controller_factory.py:121)
2026-08-09 03:59:02,407 | INFO | Loading controller configuration from: /mnt/data/users/haoyu/workspace/code/fpo-control/manipulation_experiments/thirdparty/robosuite/robosuite/controllers/config/robots/default_panda.json
2026-08-09 03:59:04,103 | INFO | Successfully created PickPlaceCan environment via robosuite.make() with cameras at 84x84
2026-08-09 03:59:04,103 | INFO | Configured cameras: ['robot0_eye_in_hand']
2026-08-09 03:59:04,150 | INFO | Successfully created PickPlaceCan environment via robosuite.make() with cameras at 84x84
2026-08-09 03:59:04,150 | INFO | Successfully created PickPlaceCan environment via robosuite.make() with cameras at 84x84
2026-08-09 03:59:04,150 | INFO | Configured cameras: ['robot0_eye_in_hand']
2026-08-09 03:59:04,150 | INFO | Configured cameras: ['robot0_eye_in_hand']
2026-08-09 03:59:04,159 | INFO | Successfully created PickPlaceCan environment via robosuite.make() with cameras at 84x84
2026-08-09 03:59:04,159 | INFO | Configured cameras: ['robot0_eye_in_hand']
2026-08-09 03:59:04,160 | INFO | Successfully created PickPlaceCan environment via robosuite.make() with cameras at 84x84
2026-08-09 03:59:04,160 | INFO | Configured cameras: ['robot0_eye_in_hand']
2026-08-09 03:59:04,169 | INFO | Successfully created PickPlaceCan environment via robosuite.make() with cameras at 84x84
2026-08-09 03:59:04,170 | INFO | Configured cameras: ['robot0_eye_in_hand']
2026-08-09 03:59:04,172 | INFO | Successfully created PickPlaceCan environment via robosuite.make() with cameras at 84x84
2026-08-09 03:59:04,172 | INFO | Configured cameras: ['robot0_eye_in_hand']
2026-08-09 03:59:04,186 | INFO | Successfully created PickPlaceCan environment via robosuite.make() with cameras at 84x84
2026-08-09 03:59:04,186 | INFO | Configured cameras: ['robot0_eye_in_hand']
2026-08-09 03:59:04,188 | INFO | Successfully created PickPlaceCan environment via robosuite.make() with cameras at 84x84
2026-08-09 03:59:04,188 | INFO | Configured cameras: ['robot0_eye_in_hand']
2026-08-09 03:59:04,192 | INFO | Successfully created PickPlaceCan environment via robosuite.make() with cameras at 84x84
2026-08-09 03:59:04,192 | INFO | Configured cameras: ['robot0_eye_in_hand']
2026-08-09 03:59:04,193 | INFO | Successfully created PickPlaceCan environment via robosuite.make() with cameras at 84x84
2026-08-09 03:59:04,193 | INFO | Configured cameras: ['robot0_eye_in_hand']
2026-08-09 03:59:05,349 | INFO | Created 16 vectorized Can environments
2026-08-09 03:59:05,349 | INFO | Set video key to 'agentview' for video recording
2026-08-09 03:59:05,350 | INFO | ================================================================================
2026-08-09 03:59:05,353 | INFO | Starting Evaluation
2026-08-09 03:59:05,353 | INFO | ================================================================================
2026-08-09 03:59:05,354 | INFO | Running rollouts with environment: Can
2026-08-09 03:59:05,354 | INFO | Starting evaluation: 20 episodes using 16 parallel environments
2026-08-09 03:59:06,369 | INFO | Created observation keys: ['observation.state', 'observation.images.robot0_eye_in_hand']
2026-08-09 03:59:06,391 | INFO | Created observation keys: ['observation.state', 'observation.images.robot0_eye_in_hand']
2026-08-09 03:59:06,397 | INFO | Created observation keys: ['observation.state', 'observation.images.robot0_eye_in_hand']
2026-08-09 03:59:06,404 | INFO | Created observation keys: ['observation.state', 'observation.images.robot0_eye_in_hand']
2026-08-09 03:59:06,405 | INFO | Created observation keys: ['observation.state', 'observation.images.robot0_eye_in_hand']
2026-08-09 03:59:06,409 | INFO | Created observation keys: ['observation.state', 'observation.images.robot0_eye_in_hand']
2026-08-09 03:59:06,410 | INFO | Created observation keys: ['observation.state', 'observation.images.robot0_eye_in_hand']
2026-08-09 03:59:06,417 | INFO | Created observation keys: ['observation.state', 'observation.images.robot0_eye_in_hand']
2026-08-09 03:59:06,418 | INFO | Created observation keys: ['observation.state', 'observation.images.robot0_eye_in_hand']
2026-08-09 03:59:06,420 | INFO | Created observation keys: ['observation.state', 'observation.images.robot0_eye_in_hand']
2026-08-09 03:59:06,422 | INFO | Created observation keys: ['observation.state', 'observation.images.robot0_eye_in_hand']
2026-08-09 03:59:06,438 | INFO | Created observation keys: ['observation.state', 'observation.images.robot0_eye_in_hand']
2026-08-09 03:59:06,461 | INFO | Created observation keys: ['observation.state', 'observation.images.robot0_eye_in_hand']
2026-08-09 03:59:06,463 | INFO | Created observation keys: ['observation.state', 'observation.images.robot0_eye_in_hand']
2026-08-09 03:59:06,486 | INFO | Created observation keys: ['observation.state', 'observation.images.robot0_eye_in_hand']
2026-08-09 03:59:06,554 | INFO | Created observation keys: ['observation.state', 'observation.images.robot0_eye_in_hand']
/home/haoyu/workspace/code/fpo-control/manipulation_experiments/thirdparty/miniconda3/envs/fpo_manipulation/lib/python3.10/contextlib.py:103: FutureWarning: `torch.backends.cuda.sdp_kernel()` is deprecated. In the future, this context manager will be removed. Please see `torch.nn.attention.sdpa_kernel()` for the new context manager, with updated signature.
  self.gen = func(*args, **kwds)
2026-08-09 03:59:21,924 | INFO | Total steps: 2000, done episodes: 0, successes: 0, FPS: 120.7
2026-08-09 03:59:41,780 | INFO | Total steps: 4000, done episodes: 8, successes: 8, FPS: 109.8
2026-08-09 04:00:00,135 | INFO | Total steps: 6000, done episodes: 18, successes: 13, FPS: 109.5
2026-08-09 04:00:05,056 | INFO | Evaluation completed: 20 episodes, 15 successes (75.0%) for task **Can**
2026-08-09 04:00:05,056 | INFO | Success stats across environments: mean=0.69 +/- 0.46
2026-08-09 04:00:05,056 | INFO | Average return: 0.750 +/- 0.433
2026-08-09 04:00:05,056 | INFO | Average episode length: 219.9 +/- 60.5
2026-08-09 04:00:05,056 | INFO | Performance: 6400 total steps in 59.7s
2026-08-09 04:00:05,056 | INFO | Average FPS: 107.2 frames/sec | Episodes/sec: 0.33
2026-08-09 04:00:05,056 | INFO | ================================================================================
2026-08-09 04:00:05,057 | INFO | Evaluation Summary
2026-08-09 04:00:05,057 | INFO | ================================================================================
2026-08-09 04:00:05,057 | INFO | Environment: Can
2026-08-09 04:00:05,057 | INFO | Checkpoint: latest
2026-08-09 04:00:05,057 | INFO | Episodes: 20
2026-08-09 04:00:05,057 | INFO | Success Rate: 75.00% +/- 46.35%
2026-08-09 04:00:05,057 | INFO | Average Return: 0.750 +/- 0.433
2026-08-09 04:00:05,057 | INFO | FPS: 107.2
2026-08-09 04:00:05,057 | INFO | ================================================================================
2026-08-09 04:00:05,057 | INFO | Summary saved to: /home/haoyu/workspace/outputs/fpo-control/results/can_step6000_wiseft_screen_seed20260823_anchor_random/eval_summary_Can_latest_zero_sampling_False.txt
render_gpu_device_id: 1
render_gpu_device_id: 1
render_gpu_device_id: 1
render_gpu_device_id: 1
render_gpu_device_id: 1
render_gpu_device_id: 1
render_gpu_device_id: 1
render_gpu_device_id: 1
render_gpu_device_id: 1
render_gpu_device_id: 1
render_gpu_device_id: 1
render_gpu_device_id: 1
render_gpu_device_id: 1
render_gpu_device_id: 1
render_gpu_device_id: 1
render_gpu_device_id: 1
2026-08-09 04:00:08,104 | INFO | Evaluation completed successfully!
[robosuite WARNING] No private macro file found! (macros.py:57)
[robosuite WARNING] It is recommended to use a private macro file (macros.py:58)
[robosuite WARNING] To setup, run: python /mnt/data/users/haoyu/workspace/code/fpo-control/manipulation_experiments/thirdparty/robosuite/robosuite/scripts/setup_macros.py (macros.py:59)
[robosuite WARNING] Could not import robosuite_models. Some robots may not be available. If you want to use these robots, please install robosuite_models from source (https://github.com/ARISE-Initiative/robosuite_models) or through pip install. (__init__.py:30)
2026-08-09 04:00:14,517 | INFO | ================================================================================
2026-08-09 04:00:14,517 | INFO | Checkpoint Evaluation
2026-08-09 04:00:14,517 | INFO | ================================================================================
2026-08-09 04:00:14,518 | INFO | Random seed set to 20260823
2026-08-09 04:00:14,519 | INFO | Output directory: /home/haoyu/workspace/outputs/fpo-control/results/can_step6000_wiseft_screen_seed20260823_finetuned_zero
2026-08-09 04:00:14,519 | INFO | Using local checkpoint: /home/haoyu/workspace/outputs/fpo-control/results/can_step6000_advnorm_minibatch_5iter_seed20260812/checkpoints/step_240000
2026-08-09 04:00:14,519 | INFO | Loading policy from /home/haoyu/workspace/outputs/fpo-control/results/can_step6000_advnorm_minibatch_5iter_seed20260812/checkpoints/step_240000/policy...
2026-08-09 04:00:14,519 | INFO | Loading config from /home/haoyu/workspace/outputs/fpo-control/results/can_step6000_advnorm_minibatch_5iter_seed20260812/checkpoints/step_240000/policy/config.json...
2026-08-09 04:00:14,519 | INFO | Image features: ['observation.images.robot0_eye_in_hand']
2026-08-09 04:00:14,519 | INFO | State features: ['observation.state']
2026-08-09 04:00:14,519 | INFO | Constructing FlowMatchingPolicy from config...
2026-08-09 04:00:14,606 | INFO | Loading model weights from /home/haoyu/workspace/outputs/fpo-control/results/can_step6000_advnorm_minibatch_5iter_seed20260812/checkpoints/step_240000/policy/model.safetensors...
2026-08-09 04:00:14,941 | INFO | Policy loaded successfully
2026-08-09 04:00:14,941 | INFO | Policy config: horizon=16, n_action_steps=16, sampling_steps=10
2026-08-09 04:00:14,941 | INFO | Overriding Euler sampling steps: 10
2026-08-09 04:00:14,941 | INFO | Creating evaluation environment: Can
2026-08-09 04:00:14,941 | INFO | Using image features from checkpoint config: ['observation.images.robot0_eye_in_hand']
2026-08-09 04:00:14,941 | INFO | Production mode: using gymnasium.vector.AsyncVectorEnv
2026-08-09 04:00:14,941 | INFO | Video key: agentview
2026-08-09 04:00:14,941 | INFO | Using image observation keys: ['robot0_eye_in_hand']
[robosuite INFO] Loading controller configuration from: /mnt/data/users/haoyu/workspace/code/fpo-control/manipulation_experiments/thirdparty/robosuite/robosuite/controllers/config/robots/default_panda.json (composite_controller_factory.py:121)
2026-08-09 04:00:14,941 | INFO | Loading controller configuration from: /mnt/data/users/haoyu/workspace/code/fpo-control/manipulation_experiments/thirdparty/robosuite/robosuite/controllers/config/robots/default_panda.json
2026-08-09 04:00:16,674 | INFO | Successfully created PickPlaceCan environment via robosuite.make() with cameras at 84x84
2026-08-09 04:00:16,674 | INFO | Configured cameras: ['robot0_eye_in_hand']
[ViT Init] Inferred image size from dataset: 84x84
num_visible_gpus: 1 [1] render_override: 
render_gpu_device_id: 1
[robosuite WARNING] No private macro file found! (macros.py:57)
[robosuite WARNING] No private macro file found! (macros.py:57)
[robosuite WARNING] It is recommended to use a private macro file (macros.py:58)
[robosuite WARNING] It is recommended to use a private macro file (macros.py:58)
[robosuite WARNING] To setup, run: python /mnt/data/users/haoyu/workspace/code/fpo-control/manipulation_experiments/thirdparty/robosuite/robosuite/scripts/setup_macros.py (macros.py:59)
[robosuite WARNING] To setup, run: python /mnt/data/users/haoyu/workspace/code/fpo-control/manipulation_experiments/thirdparty/robosuite/robosuite/scripts/setup_macros.py (macros.py:59)
[robosuite WARNING] No private macro file found! (macros.py:57)
[robosuite WARNING] It is recommended to use a private macro file (macros.py:58)
[robosuite WARNING] To setup, run: python /mnt/data/users/haoyu/workspace/code/fpo-control/manipulation_experiments/thirdparty/robosuite/robosuite/scripts/setup_macros.py (macros.py:59)
[robosuite WARNING] No private macro file found! (macros.py:57)
[robosuite WARNING] It is recommended to use a private macro file (macros.py:58)
[robosuite WARNING] To setup, run: python /mnt/data/users/haoyu/workspace/code/fpo-control/manipulation_experiments/thirdparty/robosuite/robosuite/scripts/setup_macros.py (macros.py:59)
[robosuite WARNING] No private macro file found! (macros.py:57)
[robosuite WARNING] It is recommended to use a private macro file (macros.py:58)
[robosuite WARNING] To setup, run: python /mnt/data/users/haoyu/workspace/code/fpo-control/manipulation_experiments/thirdparty/robosuite/robosuite/scripts/setup_macros.py (macros.py:59)
[robosuite WARNING] No private macro file found! (macros.py:57)
[robosuite WARNING] It is recommended to use a private macro file (macros.py:58)
[robosuite WARNING] To setup, run: python /mnt/data/users/haoyu/workspace/code/fpo-control/manipulation_experiments/thirdparty/robosuite/robosuite/scripts/setup_macros.py (macros.py:59)
[robosuite WARNING] No private macro file found! (macros.py:57)
[robosuite WARNING] It is recommended to use a private macro file (macros.py:58)
[robosuite WARNING] To setup, run: python /mnt/data/users/haoyu/workspace/code/fpo-control/manipulation_experiments/thirdparty/robosuite/robosuite/scripts/setup_macros.py (macros.py:59)
[robosuite WARNING] No private macro file found! (macros.py:57)
[robosuite WARNING] It is recommended to use a private macro file (macros.py:58)
[robosuite WARNING] To setup, run: python /mnt/data/users/haoyu/workspace/code/fpo-control/manipulation_experiments/thirdparty/robosuite/robosuite/scripts/setup_macros.py (macros.py:59)
[robosuite WARNING] No private macro file found! (macros.py:57)
[robosuite WARNING] It is recommended to use a private macro file (macros.py:58)
[robosuite WARNING] To setup, run: python /mnt/data/users/haoyu/workspace/code/fpo-control/manipulation_experiments/thirdparty/robosuite/robosuite/scripts/setup_macros.py (macros.py:59)
[robosuite WARNING] No private macro file found! (macros.py:57)
[robosuite WARNING] It is recommended to use a private macro file (macros.py:58)
[robosuite WARNING] To setup, run: python /mnt/data/users/haoyu/workspace/code/fpo-control/manipulation_experiments/thirdparty/robosuite/robosuite/scripts/setup_macros.py (macros.py:59)
[robosuite WARNING] No private macro file found! (macros.py:57)
[robosuite WARNING] It is recommended to use a private macro file (macros.py:58)
[robosuite WARNING] To setup, run: python /mnt/data/users/haoyu/workspace/code/fpo-control/manipulation_experiments/thirdparty/robosuite/robosuite/scripts/setup_macros.py (macros.py:59)
[robosuite WARNING] No private macro file found! (macros.py:57)
[robosuite WARNING] It is recommended to use a private macro file (macros.py:58)
[robosuite WARNING] To setup, run: python /mnt/data/users/haoyu/workspace/code/fpo-control/manipulation_experiments/thirdparty/robosuite/robosuite/scripts/setup_macros.py (macros.py:59)
[robosuite WARNING] No private macro file found! (macros.py:57)
[robosuite WARNING] It is recommended to use a private macro file (macros.py:58)
[robosuite WARNING] To setup, run: python /mnt/data/users/haoyu/workspace/code/fpo-control/manipulation_experiments/thirdparty/robosuite/robosuite/scripts/setup_macros.py (macros.py:59)
[robosuite WARNING] No private macro file found! (macros.py:57)
[robosuite WARNING] It is recommended to use a private macro file (macros.py:58)
[robosuite WARNING] To setup, run: python /mnt/data/users/haoyu/workspace/code/fpo-control/manipulation_experiments/thirdparty/robosuite/robosuite/scripts/setup_macros.py (macros.py:59)
[robosuite WARNING] No private macro file found! (macros.py:57)
[robosuite WARNING] It is recommended to use a private macro file (macros.py:58)
[robosuite WARNING] To setup, run: python /mnt/data/users/haoyu/workspace/code/fpo-control/manipulation_experiments/thirdparty/robosuite/robosuite/scripts/setup_macros.py (macros.py:59)
[robosuite WARNING] No private macro file found! (macros.py:57)
[robosuite WARNING] It is recommended to use a private macro file (macros.py:58)
[robosuite WARNING] To setup, run: python /mnt/data/users/haoyu/workspace/code/fpo-control/manipulation_experiments/thirdparty/robosuite/robosuite/scripts/setup_macros.py (macros.py:59)
[robosuite WARNING] Could not import robosuite_models. Some robots may not be available. If you want to use these robots, please install robosuite_models from source (https://github.com/ARISE-Initiative/robosuite_models) or through pip install. (__init__.py:30)
[robosuite WARNING] Could not import robosuite_models. Some robots may not be available. If you want to use these robots, please install robosuite_models from source (https://github.com/ARISE-Initiative/robosuite_models) or through pip install. (__init__.py:30)
[robosuite WARNING] Could not import robosuite_models. Some robots may not be available. If you want to use these robots, please install robosuite_models from source (https://github.com/ARISE-Initiative/robosuite_models) or through pip install. (__init__.py:30)
[robosuite WARNING] Could not import robosuite_models. Some robots may not be available. If you want to use these robots, please install robosuite_models from source (https://github.com/ARISE-Initiative/robosuite_models) or through pip install. (__init__.py:30)
[robosuite WARNING] Could not import robosuite_models. Some robots may not be available. If you want to use these robots, please install robosuite_models from source (https://github.com/ARISE-Initiative/robosuite_models) or through pip install. (__init__.py:30)
[robosuite WARNING] Could not import robosuite_models. Some robots may not be available. If you want to use these robots, please install robosuite_models from source (https://github.com/ARISE-Initiative/robosuite_models) or through pip install. (__init__.py:30)
[robosuite WARNING] Could not import robosuite_models. Some robots may not be available. If you want to use these robots, please install robosuite_models from source (https://github.com/ARISE-Initiative/robosuite_models) or through pip install. (__init__.py:30)
[robosuite WARNING] Could not import robosuite_models. Some robots may not be available. If you want to use these robots, please install robosuite_models from source (https://github.com/ARISE-Initiative/robosuite_models) or through pip install. (__init__.py:30)
[robosuite WARNING] Could not import robosuite_models. Some robots may not be available. If you want to use these robots, please install robosuite_models from source (https://github.com/ARISE-Initiative/robosuite_models) or through pip install. (__init__.py:30)
[robosuite WARNING] Could not import robosuite_models. Some robots may not be available. If you want to use these robots, please install robosuite_models from source (https://github.com/ARISE-Initiative/robosuite_models) or through pip install. (__init__.py:30)
[robosuite WARNING] Could not import robosuite_models. Some robots may not be available. If you want to use these robots, please install robosuite_models from source (https://github.com/ARISE-Initiative/robosuite_models) or through pip install. (__init__.py:30)
[robosuite WARNING] Could not import robosuite_models. Some robots may not be available. If you want to use these robots, please install robosuite_models from source (https://github.com/ARISE-Initiative/robosuite_models) or through pip install. (__init__.py:30)
[robosuite WARNING] Could not import robosuite_models. Some robots may not be available. If you want to use these robots, please install robosuite_models from source (https://github.com/ARISE-Initiative/robosuite_models) or through pip install. (__init__.py:30)
[robosuite WARNING] Could not import robosuite_models. Some robots may not be available. If you want to use these robots, please install robosuite_models from source (https://github.com/ARISE-Initiative/robosuite_models) or through pip install. (__init__.py:30)
[robosuite WARNING] Could not import robosuite_models. Some robots may not be available. If you want to use these robots, please install robosuite_models from source (https://github.com/ARISE-Initiative/robosuite_models) or through pip install. (__init__.py:30)
[robosuite WARNING] Could not import robosuite_models. Some robots may not be available. If you want to use these robots, please install robosuite_models from source (https://github.com/ARISE-Initiative/robosuite_models) or through pip install. (__init__.py:30)
2026-08-09 04:00:25,217 | INFO | Video key: agentview
2026-08-09 04:00:25,217 | INFO | Using image observation keys: ['robot0_eye_in_hand']
[robosuite INFO] Loading controller configuration from: /mnt/data/users/haoyu/workspace/code/fpo-control/manipulation_experiments/thirdparty/robosuite/robosuite/controllers/config/robots/default_panda.json (composite_controller_factory.py:121)
2026-08-09 04:00:25,217 | INFO | Loading controller configuration from: /mnt/data/users/haoyu/workspace/code/fpo-control/manipulation_experiments/thirdparty/robosuite/robosuite/controllers/config/robots/default_panda.json
2026-08-09 04:00:25,782 | INFO | Video key: agentview
2026-08-09 04:00:25,782 | INFO | Using image observation keys: ['robot0_eye_in_hand']
[robosuite INFO] Loading controller configuration from: /mnt/data/users/haoyu/workspace/code/fpo-control/manipulation_experiments/thirdparty/robosuite/robosuite/controllers/config/robots/default_panda.json (composite_controller_factory.py:121)
2026-08-09 04:00:25,782 | INFO | Loading controller configuration from: /mnt/data/users/haoyu/workspace/code/fpo-control/manipulation_experiments/thirdparty/robosuite/robosuite/controllers/config/robots/default_panda.json
2026-08-09 04:00:26,960 | INFO | Successfully created PickPlaceCan environment via robosuite.make() with cameras at 84x84
2026-08-09 04:00:26,960 | INFO | Configured cameras: ['robot0_eye_in_hand']
2026-08-09 04:00:27,095 | INFO | Video key: agentview
2026-08-09 04:00:27,095 | INFO | Using image observation keys: ['robot0_eye_in_hand']
[robosuite INFO] Loading controller configuration from: /mnt/data/users/haoyu/workspace/code/fpo-control/manipulation_experiments/thirdparty/robosuite/robosuite/controllers/config/robots/default_panda.json (composite_controller_factory.py:121)
2026-08-09 04:00:27,095 | INFO | Loading controller configuration from: /mnt/data/users/haoyu/workspace/code/fpo-control/manipulation_experiments/thirdparty/robosuite/robosuite/controllers/config/robots/default_panda.json
2026-08-09 04:00:27,622 | INFO | Successfully created PickPlaceCan environment via robosuite.make() with cameras at 84x84
2026-08-09 04:00:27,622 | INFO | Configured cameras: ['robot0_eye_in_hand']
2026-08-09 04:00:28,123 | INFO | Video key: agentview
2026-08-09 04:00:28,123 | INFO | Using image observation keys: ['robot0_eye_in_hand']
[robosuite INFO] Loading controller configuration from: /mnt/data/users/haoyu/workspace/code/fpo-control/manipulation_experiments/thirdparty/robosuite/robosuite/controllers/config/robots/default_panda.json (composite_controller_factory.py:121)
2026-08-09 04:00:28,124 | INFO | Loading controller configuration from: /mnt/data/users/haoyu/workspace/code/fpo-control/manipulation_experiments/thirdparty/robosuite/robosuite/controllers/config/robots/default_panda.json
2026-08-09 04:00:28,279 | INFO | Video key: agentview
2026-08-09 04:00:28,279 | INFO | Using image observation keys: ['robot0_eye_in_hand']
[robosuite INFO] Loading controller configuration from: /mnt/data/users/haoyu/workspace/code/fpo-control/manipulation_experiments/thirdparty/robosuite/robosuite/controllers/config/robots/default_panda.json (composite_controller_factory.py:121)
2026-08-09 04:00:28,279 | INFO | Loading controller configuration from: /mnt/data/users/haoyu/workspace/code/fpo-control/manipulation_experiments/thirdparty/robosuite/robosuite/controllers/config/robots/default_panda.json
2026-08-09 04:00:28,333 | INFO | Video key: agentview
2026-08-09 04:00:28,333 | INFO | Using image observation keys: ['robot0_eye_in_hand']
[robosuite INFO] Loading controller configuration from: /mnt/data/users/haoyu/workspace/code/fpo-control/manipulation_experiments/thirdparty/robosuite/robosuite/controllers/config/robots/default_panda.json (composite_controller_factory.py:121)
2026-08-09 04:00:28,333 | INFO | Loading controller configuration from: /mnt/data/users/haoyu/workspace/code/fpo-control/manipulation_experiments/thirdparty/robosuite/robosuite/controllers/config/robots/default_panda.json
2026-08-09 04:00:28,372 | INFO | Video key: agentview
2026-08-09 04:00:28,373 | INFO | Using image observation keys: ['robot0_eye_in_hand']
[robosuite INFO] Loading controller configuration from: /mnt/data/users/haoyu/workspace/code/fpo-control/manipulation_experiments/thirdparty/robosuite/robosuite/controllers/config/robots/default_panda.json (composite_controller_factory.py:121)
2026-08-09 04:00:28,373 | INFO | Loading controller configuration from: /mnt/data/users/haoyu/workspace/code/fpo-control/manipulation_experiments/thirdparty/robosuite/robosuite/controllers/config/robots/default_panda.json
2026-08-09 04:00:28,381 | INFO | Video key: agentview
2026-08-09 04:00:28,381 | INFO | Using image observation keys: ['robot0_eye_in_hand']
[robosuite INFO] Loading controller configuration from: /mnt/data/users/haoyu/workspace/code/fpo-control/manipulation_experiments/thirdparty/robosuite/robosuite/controllers/config/robots/default_panda.json (composite_controller_factory.py:121)
2026-08-09 04:00:28,381 | INFO | Loading controller configuration from: /mnt/data/users/haoyu/workspace/code/fpo-control/manipulation_experiments/thirdparty/robosuite/robosuite/controllers/config/robots/default_panda.json
2026-08-09 04:00:28,632 | INFO | Video key: agentview
2026-08-09 04:00:28,633 | INFO | Using image observation keys: ['robot0_eye_in_hand']
[robosuite INFO] Loading controller configuration from: /mnt/data/users/haoyu/workspace/code/fpo-control/manipulation_experiments/thirdparty/robosuite/robosuite/controllers/config/robots/default_panda.json (composite_controller_factory.py:121)
2026-08-09 04:00:28,633 | INFO | Loading controller configuration from: /mnt/data/users/haoyu/workspace/code/fpo-control/manipulation_experiments/thirdparty/robosuite/robosuite/controllers/config/robots/default_panda.json
2026-08-09 04:00:28,664 | INFO | Video key: agentview
2026-08-09 04:00:28,664 | INFO | Using image observation keys: ['robot0_eye_in_hand']
[robosuite INFO] Loading controller configuration from: /mnt/data/users/haoyu/workspace/code/fpo-control/manipulation_experiments/thirdparty/robosuite/robosuite/controllers/config/robots/default_panda.json (composite_controller_factory.py:121)
2026-08-09 04:00:28,665 | INFO | Loading controller configuration from: /mnt/data/users/haoyu/workspace/code/fpo-control/manipulation_experiments/thirdparty/robosuite/robosuite/controllers/config/robots/default_panda.json
2026-08-09 04:00:28,677 | INFO | Video key: agentview
2026-08-09 04:00:28,678 | INFO | Using image observation keys: ['robot0_eye_in_hand']
[robosuite INFO] Loading controller configuration from: /mnt/data/users/haoyu/workspace/code/fpo-control/manipulation_experiments/thirdparty/robosuite/robosuite/controllers/config/robots/default_panda.json (composite_controller_factory.py:121)
2026-08-09 04:00:28,678 | INFO | Loading controller configuration from: /mnt/data/users/haoyu/workspace/code/fpo-control/manipulation_experiments/thirdparty/robosuite/robosuite/controllers/config/robots/default_panda.json
2026-08-09 04:00:28,830 | INFO | Video key: agentview
2026-08-09 04:00:28,830 | INFO | Using image observation keys: ['robot0_eye_in_hand']
[robosuite INFO] Loading controller configuration from: /mnt/data/users/haoyu/workspace/code/fpo-control/manipulation_experiments/thirdparty/robosuite/robosuite/controllers/config/robots/default_panda.json (composite_controller_factory.py:121)
2026-08-09 04:00:28,830 | INFO | Loading controller configuration from: /mnt/data/users/haoyu/workspace/code/fpo-control/manipulation_experiments/thirdparty/robosuite/robosuite/controllers/config/robots/default_panda.json
2026-08-09 04:00:28,896 | INFO | Successfully created PickPlaceCan environment via robosuite.make() with cameras at 84x84
2026-08-09 04:00:28,896 | INFO | Configured cameras: ['robot0_eye_in_hand']
2026-08-09 04:00:28,985 | INFO | Video key: agentview
2026-08-09 04:00:28,986 | INFO | Using image observation keys: ['robot0_eye_in_hand']
[robosuite INFO] Loading controller configuration from: /mnt/data/users/haoyu/workspace/code/fpo-control/manipulation_experiments/thirdparty/robosuite/robosuite/controllers/config/robots/default_panda.json (composite_controller_factory.py:121)
2026-08-09 04:00:28,986 | INFO | Loading controller configuration from: /mnt/data/users/haoyu/workspace/code/fpo-control/manipulation_experiments/thirdparty/robosuite/robosuite/controllers/config/robots/default_panda.json
2026-08-09 04:00:29,011 | INFO | Video key: agentview
2026-08-09 04:00:29,011 | INFO | Using image observation keys: ['robot0_eye_in_hand']
[robosuite INFO] Loading controller configuration from: /mnt/data/users/haoyu/workspace/code/fpo-control/manipulation_experiments/thirdparty/robosuite/robosuite/controllers/config/robots/default_panda.json (composite_controller_factory.py:121)
2026-08-09 04:00:29,011 | INFO | Loading controller configuration from: /mnt/data/users/haoyu/workspace/code/fpo-control/manipulation_experiments/thirdparty/robosuite/robosuite/controllers/config/robots/default_panda.json
2026-08-09 04:00:29,050 | INFO | Video key: agentview
2026-08-09 04:00:29,050 | INFO | Using image observation keys: ['robot0_eye_in_hand']
[robosuite INFO] Loading controller configuration from: /mnt/data/users/haoyu/workspace/code/fpo-control/manipulation_experiments/thirdparty/robosuite/robosuite/controllers/config/robots/default_panda.json (composite_controller_factory.py:121)
2026-08-09 04:00:29,051 | INFO | Loading controller configuration from: /mnt/data/users/haoyu/workspace/code/fpo-control/manipulation_experiments/thirdparty/robosuite/robosuite/controllers/config/robots/default_panda.json
2026-08-09 04:00:29,056 | INFO | Video key: agentview
2026-08-09 04:00:29,056 | INFO | Using image observation keys: ['robot0_eye_in_hand']
[robosuite INFO] Loading controller configuration from: /mnt/data/users/haoyu/workspace/code/fpo-control/manipulation_experiments/thirdparty/robosuite/robosuite/controllers/config/robots/default_panda.json (composite_controller_factory.py:121)
2026-08-09 04:00:29,057 | INFO | Loading controller configuration from: /mnt/data/users/haoyu/workspace/code/fpo-control/manipulation_experiments/thirdparty/robosuite/robosuite/controllers/config/robots/default_panda.json
2026-08-09 04:00:29,939 | INFO | Successfully created PickPlaceCan environment via robosuite.make() with cameras at 84x84
2026-08-09 04:00:29,939 | INFO | Configured cameras: ['robot0_eye_in_hand']
2026-08-09 04:00:30,096 | INFO | Successfully created PickPlaceCan environment via robosuite.make() with cameras at 84x84
2026-08-09 04:00:30,097 | INFO | Configured cameras: ['robot0_eye_in_hand']
2026-08-09 04:00:30,129 | INFO | Successfully created PickPlaceCan environment via robosuite.make() with cameras at 84x84
2026-08-09 04:00:30,129 | INFO | Configured cameras: ['robot0_eye_in_hand']
2026-08-09 04:00:30,209 | INFO | Successfully created PickPlaceCan environment via robosuite.make() with cameras at 84x84
2026-08-09 04:00:30,209 | INFO | Configured cameras: ['robot0_eye_in_hand']
2026-08-09 04:00:30,262 | INFO | Successfully created PickPlaceCan environment via robosuite.make() with cameras at 84x84
2026-08-09 04:00:30,262 | INFO | Configured cameras: ['robot0_eye_in_hand']
2026-08-09 04:00:30,474 | INFO | Successfully created PickPlaceCan environment via robosuite.make() with cameras at 84x84
2026-08-09 04:00:30,474 | INFO | Configured cameras: ['robot0_eye_in_hand']
2026-08-09 04:00:30,484 | INFO | Successfully created PickPlaceCan environment via robosuite.make() with cameras at 84x84
2026-08-09 04:00:30,484 | INFO | Configured cameras: ['robot0_eye_in_hand']
2026-08-09 04:00:30,721 | INFO | Successfully created PickPlaceCan environment via robosuite.make() with cameras at 84x84
2026-08-09 04:00:30,722 | INFO | Configured cameras: ['robot0_eye_in_hand']
2026-08-09 04:00:30,725 | INFO | Successfully created PickPlaceCan environment via robosuite.make() with cameras at 84x84
2026-08-09 04:00:30,726 | INFO | Configured cameras: ['robot0_eye_in_hand']
2026-08-09 04:00:30,783 | INFO | Successfully created PickPlaceCan environment via robosuite.make() with cameras at 84x84
2026-08-09 04:00:30,784 | INFO | Configured cameras: ['robot0_eye_in_hand']
2026-08-09 04:00:30,834 | INFO | Successfully created PickPlaceCan environment via robosuite.make() with cameras at 84x84
2026-08-09 04:00:30,834 | INFO | Configured cameras: ['robot0_eye_in_hand']
2026-08-09 04:00:30,847 | INFO | Successfully created PickPlaceCan environment via robosuite.make() with cameras at 84x84
2026-08-09 04:00:30,847 | INFO | Configured cameras: ['robot0_eye_in_hand']
2026-08-09 04:00:30,937 | INFO | Successfully created PickPlaceCan environment via robosuite.make() with cameras at 84x84
2026-08-09 04:00:30,937 | INFO | Configured cameras: ['robot0_eye_in_hand']
2026-08-09 04:00:32,087 | INFO | Created 16 vectorized Can environments
2026-08-09 04:00:32,088 | INFO | Set video key to 'agentview' for video recording
2026-08-09 04:00:32,088 | INFO | ================================================================================
2026-08-09 04:00:32,088 | INFO | Starting Evaluation
2026-08-09 04:00:32,088 | INFO | ================================================================================
2026-08-09 04:00:32,089 | INFO | Running rollouts with environment: Can
2026-08-09 04:00:32,089 | INFO | Starting evaluation: 20 episodes using 16 parallel environments
2026-08-09 04:00:33,110 | INFO | Created observation keys: ['observation.state', 'observation.images.robot0_eye_in_hand']
2026-08-09 04:00:33,115 | INFO | Created observation keys: ['observation.state', 'observation.images.robot0_eye_in_hand']
2026-08-09 04:00:33,131 | INFO | Created observation keys: ['observation.state', 'observation.images.robot0_eye_in_hand']
2026-08-09 04:00:33,133 | INFO | Created observation keys: ['observation.state', 'observation.images.robot0_eye_in_hand']
2026-08-09 04:00:33,139 | INFO | Created observation keys: ['observation.state', 'observation.images.robot0_eye_in_hand']
2026-08-09 04:00:33,159 | INFO | Created observation keys: ['observation.state', 'observation.images.robot0_eye_in_hand']
2026-08-09 04:00:33,173 | INFO | Created observation keys: ['observation.state', 'observation.images.robot0_eye_in_hand']
2026-08-09 04:00:33,179 | INFO | Created observation keys: ['observation.state', 'observation.images.robot0_eye_in_hand']
2026-08-09 04:00:33,190 | INFO | Created observation keys: ['observation.state', 'observation.images.robot0_eye_in_hand']
2026-08-09 04:00:33,193 | INFO | Created observation keys: ['observation.state', 'observation.images.robot0_eye_in_hand']
2026-08-09 04:00:33,194 | INFO | Created observation keys: ['observation.state', 'observation.images.robot0_eye_in_hand']
2026-08-09 04:00:33,209 | INFO | Created observation keys: ['observation.state', 'observation.images.robot0_eye_in_hand']
2026-08-09 04:00:33,245 | INFO | Created observation keys: ['observation.state', 'observation.images.robot0_eye_in_hand']
2026-08-09 04:00:33,246 | INFO | Created observation keys: ['observation.state', 'observation.images.robot0_eye_in_hand']
2026-08-09 04:00:33,297 | INFO | Created observation keys: ['observation.state', 'observation.images.robot0_eye_in_hand']
2026-08-09 04:00:33,337 | INFO | Created observation keys: ['observation.state', 'observation.images.robot0_eye_in_hand']
/home/haoyu/workspace/code/fpo-control/manipulation_experiments/thirdparty/miniconda3/envs/fpo_manipulation/lib/python3.10/contextlib.py:103: FutureWarning: `torch.backends.cuda.sdp_kernel()` is deprecated. In the future, this context manager will be removed. Please see `torch.nn.attention.sdpa_kernel()` for the new context manager, with updated signature.
  self.gen = func(*args, **kwds)
2026-08-09 04:00:48,995 | INFO | Total steps: 2000, done episodes: 0, successes: 0, FPS: 118.3
2026-08-09 04:01:14,789 | INFO | Total steps: 4000, done episodes: 14, successes: 14, FPS: 93.7
2026-08-09 04:01:25,244 | INFO | Evaluation completed: 20 episodes, 18 successes (90.0%) for task **Can**
2026-08-09 04:01:25,244 | INFO | Success stats across environments: mean=0.88 +/- 0.33
2026-08-09 04:01:25,244 | INFO | Average return: 0.900 +/- 0.300
2026-08-09 04:01:25,244 | INFO | Average episode length: 174.4 +/- 45.8
2026-08-09 04:01:25,244 | INFO | Performance: 4848 total steps in 53.2s
2026-08-09 04:01:25,244 | INFO | Average FPS: 91.2 frames/sec | Episodes/sec: 0.38
2026-08-09 04:01:25,244 | INFO | ================================================================================
2026-08-09 04:01:25,244 | INFO | Evaluation Summary
2026-08-09 04:01:25,244 | INFO | ================================================================================
2026-08-09 04:01:25,244 | INFO | Environment: Can
2026-08-09 04:01:25,244 | INFO | Checkpoint: latest
2026-08-09 04:01:25,244 | INFO | Episodes: 20
2026-08-09 04:01:25,244 | INFO | Success Rate: 90.00% +/- 33.07%
2026-08-09 04:01:25,244 | INFO | Average Return: 0.900 +/- 0.300
2026-08-09 04:01:25,244 | INFO | FPS: 91.2
2026-08-09 04:01:25,244 | INFO | ================================================================================
2026-08-09 04:01:25,245 | INFO | Summary saved to: /home/haoyu/workspace/outputs/fpo-control/results/can_step6000_wiseft_screen_seed20260823_finetuned_zero/eval_summary_Can_latest_zero_sampling_True.txt
render_gpu_device_id: 1
render_gpu_device_id: 1
render_gpu_device_id: 1
render_gpu_device_id: 1
render_gpu_device_id: 1
render_gpu_device_id: 1
render_gpu_device_id: 1
render_gpu_device_id: 1
render_gpu_device_id: 1
render_gpu_device_id: 1
render_gpu_device_id: 1
render_gpu_device_id: 1
render_gpu_device_id: 1
render_gpu_device_id: 1
render_gpu_device_id: 1
render_gpu_device_id: 1
2026-08-09 04:01:28,289 | INFO | Evaluation completed successfully!
[robosuite WARNING] No private macro file found! (macros.py:57)
[robosuite WARNING] It is recommended to use a private macro file (macros.py:58)
[robosuite WARNING] To setup, run: python /mnt/data/users/haoyu/workspace/code/fpo-control/manipulation_experiments/thirdparty/robosuite/robosuite/scripts/setup_macros.py (macros.py:59)
[robosuite WARNING] Could not import robosuite_models. Some robots may not be available. If you want to use these robots, please install robosuite_models from source (https://github.com/ARISE-Initiative/robosuite_models) or through pip install. (__init__.py:30)
2026-08-09 04:01:34,766 | INFO | ================================================================================
2026-08-09 04:01:34,766 | INFO | Checkpoint Evaluation
2026-08-09 04:01:34,766 | INFO | ================================================================================
2026-08-09 04:01:34,767 | INFO | Random seed set to 20260823
2026-08-09 04:01:34,768 | INFO | Output directory: /home/haoyu/workspace/outputs/fpo-control/results/can_step6000_wiseft_screen_seed20260823_finetuned_random
2026-08-09 04:01:34,768 | INFO | Using local checkpoint: /home/haoyu/workspace/outputs/fpo-control/results/can_step6000_advnorm_minibatch_5iter_seed20260812/checkpoints/step_240000
2026-08-09 04:01:34,768 | INFO | Loading policy from /home/haoyu/workspace/outputs/fpo-control/results/can_step6000_advnorm_minibatch_5iter_seed20260812/checkpoints/step_240000/policy...
2026-08-09 04:01:34,768 | INFO | Loading config from /home/haoyu/workspace/outputs/fpo-control/results/can_step6000_advnorm_minibatch_5iter_seed20260812/checkpoints/step_240000/policy/config.json...
2026-08-09 04:01:34,768 | INFO | Image features: ['observation.images.robot0_eye_in_hand']
2026-08-09 04:01:34,768 | INFO | State features: ['observation.state']
2026-08-09 04:01:34,768 | INFO | Constructing FlowMatchingPolicy from config...
2026-08-09 04:01:34,851 | INFO | Loading model weights from /home/haoyu/workspace/outputs/fpo-control/results/can_step6000_advnorm_minibatch_5iter_seed20260812/checkpoints/step_240000/policy/model.safetensors...
2026-08-09 04:01:35,187 | INFO | Policy loaded successfully
2026-08-09 04:01:35,187 | INFO | Policy config: horizon=16, n_action_steps=16, sampling_steps=10
2026-08-09 04:01:35,187 | INFO | Overriding Euler sampling steps: 10
2026-08-09 04:01:35,187 | INFO | Creating evaluation environment: Can
2026-08-09 04:01:35,187 | INFO | Using image features from checkpoint config: ['observation.images.robot0_eye_in_hand']
2026-08-09 04:01:35,187 | INFO | Production mode: using gymnasium.vector.AsyncVectorEnv
2026-08-09 04:01:35,187 | INFO | Video key: agentview
2026-08-09 04:01:35,187 | INFO | Using image observation keys: ['robot0_eye_in_hand']
[robosuite INFO] Loading controller configuration from: /mnt/data/users/haoyu/workspace/code/fpo-control/manipulation_experiments/thirdparty/robosuite/robosuite/controllers/config/robots/default_panda.json (composite_controller_factory.py:121)
2026-08-09 04:01:35,188 | INFO | Loading controller configuration from: /mnt/data/users/haoyu/workspace/code/fpo-control/manipulation_experiments/thirdparty/robosuite/robosuite/controllers/config/robots/default_panda.json
2026-08-09 04:01:36,977 | INFO | Successfully created PickPlaceCan environment via robosuite.make() with cameras at 84x84
2026-08-09 04:01:36,977 | INFO | Configured cameras: ['robot0_eye_in_hand']
[ViT Init] Inferred image size from dataset: 84x84
num_visible_gpus: 1 [1] render_override: 
render_gpu_device_id: 1
[robosuite WARNING] No private macro file found! (macros.py:57)
[robosuite WARNING] No private macro file found! (macros.py:57)
[robosuite WARNING] It is recommended to use a private macro file (macros.py:58)
[robosuite WARNING] It is recommended to use a private macro file (macros.py:58)
[robosuite WARNING] To setup, run: python /mnt/data/users/haoyu/workspace/code/fpo-control/manipulation_experiments/thirdparty/robosuite/robosuite/scripts/setup_macros.py (macros.py:59)
[robosuite WARNING] To setup, run: python /mnt/data/users/haoyu/workspace/code/fpo-control/manipulation_experiments/thirdparty/robosuite/robosuite/scripts/setup_macros.py (macros.py:59)
[robosuite WARNING] No private macro file found! (macros.py:57)
[robosuite WARNING] It is recommended to use a private macro file (macros.py:58)
[robosuite WARNING] To setup, run: python /mnt/data/users/haoyu/workspace/code/fpo-control/manipulation_experiments/thirdparty/robosuite/robosuite/scripts/setup_macros.py (macros.py:59)
[robosuite WARNING] No private macro file found! (macros.py:57)
[robosuite WARNING] It is recommended to use a private macro file (macros.py:58)
[robosuite WARNING] To setup, run: python /mnt/data/users/haoyu/workspace/code/fpo-control/manipulation_experiments/thirdparty/robosuite/robosuite/scripts/setup_macros.py (macros.py:59)
[robosuite WARNING] No private macro file found! (macros.py:57)
[robosuite WARNING] It is recommended to use a private macro file (macros.py:58)
[robosuite WARNING] To setup, run: python /mnt/data/users/haoyu/workspace/code/fpo-control/manipulation_experiments/thirdparty/robosuite/robosuite/scripts/setup_macros.py (macros.py:59)
[robosuite WARNING] No private macro file found! (macros.py:57)
[robosuite WARNING] It is recommended to use a private macro file (macros.py:58)
[robosuite WARNING] To setup, run: python /mnt/data/users/haoyu/workspace/code/fpo-control/manipulation_experiments/thirdparty/robosuite/robosuite/scripts/setup_macros.py (macros.py:59)
[robosuite WARNING] No private macro file found! (macros.py:57)
[robosuite WARNING] It is recommended to use a private macro file (macros.py:58)
[robosuite WARNING] To setup, run: python /mnt/data/users/haoyu/workspace/code/fpo-control/manipulation_experiments/thirdparty/robosuite/robosuite/scripts/setup_macros.py (macros.py:59)
[robosuite WARNING] No private macro file found! (macros.py:57)
[robosuite WARNING] It is recommended to use a private macro file (macros.py:58)
[robosuite WARNING] To setup, run: python /mnt/data/users/haoyu/workspace/code/fpo-control/manipulation_experiments/thirdparty/robosuite/robosuite/scripts/setup_macros.py (macros.py:59)
[robosuite WARNING] No private macro file found! (macros.py:57)
[robosuite WARNING] It is recommended to use a private macro file (macros.py:58)
[robosuite WARNING] To setup, run: python /mnt/data/users/haoyu/workspace/code/fpo-control/manipulation_experiments/thirdparty/robosuite/robosuite/scripts/setup_macros.py (macros.py:59)
[robosuite WARNING] No private macro file found! (macros.py:57)
[robosuite WARNING] It is recommended to use a private macro file (macros.py:58)
[robosuite WARNING] To setup, run: python /mnt/data/users/haoyu/workspace/code/fpo-control/manipulation_experiments/thirdparty/robosuite/robosuite/scripts/setup_macros.py (macros.py:59)
[robosuite WARNING] No private macro file found! (macros.py:57)
[robosuite WARNING] It is recommended to use a private macro file (macros.py:58)
[robosuite WARNING] To setup, run: python /mnt/data/users/haoyu/workspace/code/fpo-control/manipulation_experiments/thirdparty/robosuite/robosuite/scripts/setup_macros.py (macros.py:59)
[robosuite WARNING] No private macro file found! (macros.py:57)
[robosuite WARNING] It is recommended to use a private macro file (macros.py:58)
[robosuite WARNING] To setup, run: python /mnt/data/users/haoyu/workspace/code/fpo-control/manipulation_experiments/thirdparty/robosuite/robosuite/scripts/setup_macros.py (macros.py:59)
[robosuite WARNING] No private macro file found! (macros.py:57)
[robosuite WARNING] It is recommended to use a private macro file (macros.py:58)
[robosuite WARNING] To setup, run: python /mnt/data/users/haoyu/workspace/code/fpo-control/manipulation_experiments/thirdparty/robosuite/robosuite/scripts/setup_macros.py (macros.py:59)
[robosuite WARNING] No private macro file found! (macros.py:57)
[robosuite WARNING] It is recommended to use a private macro file (macros.py:58)
[robosuite WARNING] To setup, run: python /mnt/data/users/haoyu/workspace/code/fpo-control/manipulation_experiments/thirdparty/robosuite/robosuite/scripts/setup_macros.py (macros.py:59)
[robosuite WARNING] No private macro file found! (macros.py:57)
[robosuite WARNING] It is recommended to use a private macro file (macros.py:58)
[robosuite WARNING] To setup, run: python /mnt/data/users/haoyu/workspace/code/fpo-control/manipulation_experiments/thirdparty/robosuite/robosuite/scripts/setup_macros.py (macros.py:59)
[robosuite WARNING] No private macro file found! (macros.py:57)
[robosuite WARNING] It is recommended to use a private macro file (macros.py:58)
[robosuite WARNING] To setup, run: python /mnt/data/users/haoyu/workspace/code/fpo-control/manipulation_experiments/thirdparty/robosuite/robosuite/scripts/setup_macros.py (macros.py:59)
[robosuite WARNING] Could not import robosuite_models. Some robots may not be available. If you want to use these robots, please install robosuite_models from source (https://github.com/ARISE-Initiative/robosuite_models) or through pip install. (__init__.py:30)
[robosuite WARNING] Could not import robosuite_models. Some robots may not be available. If you want to use these robots, please install robosuite_models from source (https://github.com/ARISE-Initiative/robosuite_models) or through pip install. (__init__.py:30)
[robosuite WARNING] Could not import robosuite_models. Some robots may not be available. If you want to use these robots, please install robosuite_models from source (https://github.com/ARISE-Initiative/robosuite_models) or through pip install. (__init__.py:30)
[robosuite WARNING] Could not import robosuite_models. Some robots may not be available. If you want to use these robots, please install robosuite_models from source (https://github.com/ARISE-Initiative/robosuite_models) or through pip install. (__init__.py:30)
[robosuite WARNING] Could not import robosuite_models. Some robots may not be available. If you want to use these robots, please install robosuite_models from source (https://github.com/ARISE-Initiative/robosuite_models) or through pip install. (__init__.py:30)
[robosuite WARNING] Could not import robosuite_models. Some robots may not be available. If you want to use these robots, please install robosuite_models from source (https://github.com/ARISE-Initiative/robosuite_models) or through pip install. (__init__.py:30)
[robosuite WARNING] Could not import robosuite_models. Some robots may not be available. If you want to use these robots, please install robosuite_models from source (https://github.com/ARISE-Initiative/robosuite_models) or through pip install. (__init__.py:30)
[robosuite WARNING] Could not import robosuite_models. Some robots may not be available. If you want to use these robots, please install robosuite_models from source (https://github.com/ARISE-Initiative/robosuite_models) or through pip install. (__init__.py:30)
[robosuite WARNING] Could not import robosuite_models. Some robots may not be available. If you want to use these robots, please install robosuite_models from source (https://github.com/ARISE-Initiative/robosuite_models) or through pip install. (__init__.py:30)
[robosuite WARNING] Could not import robosuite_models. Some robots may not be available. If you want to use these robots, please install robosuite_models from source (https://github.com/ARISE-Initiative/robosuite_models) or through pip install. (__init__.py:30)
[robosuite WARNING] Could not import robosuite_models. Some robots may not be available. If you want to use these robots, please install robosuite_models from source (https://github.com/ARISE-Initiative/robosuite_models) or through pip install. (__init__.py:30)
[robosuite WARNING] Could not import robosuite_models. Some robots may not be available. If you want to use these robots, please install robosuite_models from source (https://github.com/ARISE-Initiative/robosuite_models) or through pip install. (__init__.py:30)
[robosuite WARNING] Could not import robosuite_models. Some robots may not be available. If you want to use these robots, please install robosuite_models from source (https://github.com/ARISE-Initiative/robosuite_models) or through pip install. (__init__.py:30)
[robosuite WARNING] Could not import robosuite_models. Some robots may not be available. If you want to use these robots, please install robosuite_models from source (https://github.com/ARISE-Initiative/robosuite_models) or through pip install. (__init__.py:30)
[robosuite WARNING] Could not import robosuite_models. Some robots may not be available. If you want to use these robots, please install robosuite_models from source (https://github.com/ARISE-Initiative/robosuite_models) or through pip install. (__init__.py:30)
[robosuite WARNING] Could not import robosuite_models. Some robots may not be available. If you want to use these robots, please install robosuite_models from source (https://github.com/ARISE-Initiative/robosuite_models) or through pip install. (__init__.py:30)
2026-08-09 04:01:45,520 | INFO | Video key: agentview
2026-08-09 04:01:45,520 | INFO | Using image observation keys: ['robot0_eye_in_hand']
[robosuite INFO] Loading controller configuration from: /mnt/data/users/haoyu/workspace/code/fpo-control/manipulation_experiments/thirdparty/robosuite/robosuite/controllers/config/robots/default_panda.json (composite_controller_factory.py:121)
2026-08-09 04:01:45,520 | INFO | Loading controller configuration from: /mnt/data/users/haoyu/workspace/code/fpo-control/manipulation_experiments/thirdparty/robosuite/robosuite/controllers/config/robots/default_panda.json
2026-08-09 04:01:46,521 | INFO | Video key: agentview
2026-08-09 04:01:46,521 | INFO | Using image observation keys: ['robot0_eye_in_hand']
[robosuite INFO] Loading controller configuration from: /mnt/data/users/haoyu/workspace/code/fpo-control/manipulation_experiments/thirdparty/robosuite/robosuite/controllers/config/robots/default_panda.json (composite_controller_factory.py:121)
2026-08-09 04:01:46,521 | INFO | Loading controller configuration from: /mnt/data/users/haoyu/workspace/code/fpo-control/manipulation_experiments/thirdparty/robosuite/robosuite/controllers/config/robots/default_panda.json
2026-08-09 04:01:46,535 | INFO | Video key: agentview
2026-08-09 04:01:46,535 | INFO | Using image observation keys: ['robot0_eye_in_hand']
[robosuite INFO] Loading controller configuration from: /mnt/data/users/haoyu/workspace/code/fpo-control/manipulation_experiments/thirdparty/robosuite/robosuite/controllers/config/robots/default_panda.json (composite_controller_factory.py:121)
2026-08-09 04:01:46,535 | INFO | Loading controller configuration from: /mnt/data/users/haoyu/workspace/code/fpo-control/manipulation_experiments/thirdparty/robosuite/robosuite/controllers/config/robots/default_panda.json
2026-08-09 04:01:46,576 | INFO | Video key: agentview
2026-08-09 04:01:46,576 | INFO | Using image observation keys: ['robot0_eye_in_hand']
[robosuite INFO] Loading controller configuration from: /mnt/data/users/haoyu/workspace/code/fpo-control/manipulation_experiments/thirdparty/robosuite/robosuite/controllers/config/robots/default_panda.json (composite_controller_factory.py:121)
2026-08-09 04:01:46,576 | INFO | Loading controller configuration from: /mnt/data/users/haoyu/workspace/code/fpo-control/manipulation_experiments/thirdparty/robosuite/robosuite/controllers/config/robots/default_panda.json
2026-08-09 04:01:47,276 | INFO | Successfully created PickPlaceCan environment via robosuite.make() with cameras at 84x84
2026-08-09 04:01:47,276 | INFO | Configured cameras: ['robot0_eye_in_hand']
2026-08-09 04:01:48,263 | INFO | Successfully created PickPlaceCan environment via robosuite.make() with cameras at 84x84
2026-08-09 04:01:48,263 | INFO | Configured cameras: ['robot0_eye_in_hand']
2026-08-09 04:01:48,289 | INFO | Successfully created PickPlaceCan environment via robosuite.make() with cameras at 84x84
2026-08-09 04:01:48,289 | INFO | Configured cameras: ['robot0_eye_in_hand']
2026-08-09 04:01:48,396 | INFO | Successfully created PickPlaceCan environment via robosuite.make() with cameras at 84x84
2026-08-09 04:01:48,396 | INFO | Configured cameras: ['robot0_eye_in_hand']
2026-08-09 04:01:49,136 | INFO | Video key: agentview
2026-08-09 04:01:49,136 | INFO | Using image observation keys: ['robot0_eye_in_hand']
[robosuite INFO] Loading controller configuration from: /mnt/data/users/haoyu/workspace/code/fpo-control/manipulation_experiments/thirdparty/robosuite/robosuite/controllers/config/robots/default_panda.json (composite_controller_factory.py:121)
2026-08-09 04:01:49,136 | INFO | Loading controller configuration from: /mnt/data/users/haoyu/workspace/code/fpo-control/manipulation_experiments/thirdparty/robosuite/robosuite/controllers/config/robots/default_panda.json
2026-08-09 04:01:49,143 | INFO | Video key: agentview
2026-08-09 04:01:49,143 | INFO | Using image observation keys: ['robot0_eye_in_hand']
[robosuite INFO] Loading controller configuration from: /mnt/data/users/haoyu/workspace/code/fpo-control/manipulation_experiments/thirdparty/robosuite/robosuite/controllers/config/robots/default_panda.json (composite_controller_factory.py:121)
2026-08-09 04:01:49,143 | INFO | Loading controller configuration from: /mnt/data/users/haoyu/workspace/code/fpo-control/manipulation_experiments/thirdparty/robosuite/robosuite/controllers/config/robots/default_panda.json
2026-08-09 04:01:49,223 | INFO | Video key: agentview
2026-08-09 04:01:49,223 | INFO | Using image observation keys: ['robot0_eye_in_hand']
[robosuite INFO] Loading controller configuration from: /mnt/data/users/haoyu/workspace/code/fpo-control/manipulation_experiments/thirdparty/robosuite/robosuite/controllers/config/robots/default_panda.json (composite_controller_factory.py:121)
2026-08-09 04:01:49,223 | INFO | Loading controller configuration from: /mnt/data/users/haoyu/workspace/code/fpo-control/manipulation_experiments/thirdparty/robosuite/robosuite/controllers/config/robots/default_panda.json
2026-08-09 04:01:49,223 | INFO | Video key: agentview
2026-08-09 04:01:49,223 | INFO | Using image observation keys: ['robot0_eye_in_hand']
[robosuite INFO] Loading controller configuration from: /mnt/data/users/haoyu/workspace/code/fpo-control/manipulation_experiments/thirdparty/robosuite/robosuite/controllers/config/robots/default_panda.json (composite_controller_factory.py:121)
2026-08-09 04:01:49,223 | INFO | Loading controller configuration from: /mnt/data/users/haoyu/workspace/code/fpo-control/manipulation_experiments/thirdparty/robosuite/robosuite/controllers/config/robots/default_panda.json
2026-08-09 04:01:49,228 | INFO | Video key: agentview
2026-08-09 04:01:49,228 | INFO | Using image observation keys: ['robot0_eye_in_hand']
[robosuite INFO] Loading controller configuration from: /mnt/data/users/haoyu/workspace/code/fpo-control/manipulation_experiments/thirdparty/robosuite/robosuite/controllers/config/robots/default_panda.json (composite_controller_factory.py:121)
2026-08-09 04:01:49,228 | INFO | Loading controller configuration from: /mnt/data/users/haoyu/workspace/code/fpo-control/manipulation_experiments/thirdparty/robosuite/robosuite/controllers/config/robots/default_panda.json
2026-08-09 04:01:49,239 | INFO | Video key: agentview
2026-08-09 04:01:49,239 | INFO | Using image observation keys: ['robot0_eye_in_hand']
[robosuite INFO] Loading controller configuration from: /mnt/data/users/haoyu/workspace/code/fpo-control/manipulation_experiments/thirdparty/robosuite/robosuite/controllers/config/robots/default_panda.json (composite_controller_factory.py:121)
2026-08-09 04:01:49,240 | INFO | Loading controller configuration from: /mnt/data/users/haoyu/workspace/code/fpo-control/manipulation_experiments/thirdparty/robosuite/robosuite/controllers/config/robots/default_panda.json
2026-08-09 04:01:49,244 | INFO | Video key: agentview
2026-08-09 04:01:49,244 | INFO | Using image observation keys: ['robot0_eye_in_hand']
[robosuite INFO] Loading controller configuration from: /mnt/data/users/haoyu/workspace/code/fpo-control/manipulation_experiments/thirdparty/robosuite/robosuite/controllers/config/robots/default_panda.json (composite_controller_factory.py:121)
2026-08-09 04:01:49,245 | INFO | Loading controller configuration from: /mnt/data/users/haoyu/workspace/code/fpo-control/manipulation_experiments/thirdparty/robosuite/robosuite/controllers/config/robots/default_panda.json
2026-08-09 04:01:49,249 | INFO | Video key: agentview
2026-08-09 04:01:49,249 | INFO | Using image observation keys: ['robot0_eye_in_hand']
[robosuite INFO] Loading controller configuration from: /mnt/data/users/haoyu/workspace/code/fpo-control/manipulation_experiments/thirdparty/robosuite/robosuite/controllers/config/robots/default_panda.json (composite_controller_factory.py:121)
2026-08-09 04:01:49,249 | INFO | Loading controller configuration from: /mnt/data/users/haoyu/workspace/code/fpo-control/manipulation_experiments/thirdparty/robosuite/robosuite/controllers/config/robots/default_panda.json
2026-08-09 04:01:49,255 | INFO | Video key: agentview
2026-08-09 04:01:49,255 | INFO | Using image observation keys: ['robot0_eye_in_hand']
[robosuite INFO] Loading controller configuration from: /mnt/data/users/haoyu/workspace/code/fpo-control/manipulation_experiments/thirdparty/robosuite/robosuite/controllers/config/robots/default_panda.json (composite_controller_factory.py:121)
2026-08-09 04:01:49,255 | INFO | Loading controller configuration from: /mnt/data/users/haoyu/workspace/code/fpo-control/manipulation_experiments/thirdparty/robosuite/robosuite/controllers/config/robots/default_panda.json
2026-08-09 04:01:49,258 | INFO | Video key: agentview
2026-08-09 04:01:49,258 | INFO | Using image observation keys: ['robot0_eye_in_hand']
[robosuite INFO] Loading controller configuration from: /mnt/data/users/haoyu/workspace/code/fpo-control/manipulation_experiments/thirdparty/robosuite/robosuite/controllers/config/robots/default_panda.json (composite_controller_factory.py:121)
2026-08-09 04:01:49,259 | INFO | Loading controller configuration from: /mnt/data/users/haoyu/workspace/code/fpo-control/manipulation_experiments/thirdparty/robosuite/robosuite/controllers/config/robots/default_panda.json
2026-08-09 04:01:49,264 | INFO | Video key: agentview
2026-08-09 04:01:49,264 | INFO | Using image observation keys: ['robot0_eye_in_hand']
2026-08-09 04:01:49,264 | INFO | Video key: agentview
2026-08-09 04:01:49,264 | INFO | Using image observation keys: ['robot0_eye_in_hand']
[robosuite INFO] Loading controller configuration from: /mnt/data/users/haoyu/workspace/code/fpo-control/manipulation_experiments/thirdparty/robosuite/robosuite/controllers/config/robots/default_panda.json (composite_controller_factory.py:121)
2026-08-09 04:01:49,264 | INFO | Loading controller configuration from: /mnt/data/users/haoyu/workspace/code/fpo-control/manipulation_experiments/thirdparty/robosuite/robosuite/controllers/config/robots/default_panda.json
[robosuite INFO] Loading controller configuration from: /mnt/data/users/haoyu/workspace/code/fpo-control/manipulation_experiments/thirdparty/robosuite/robosuite/controllers/config/robots/default_panda.json (composite_controller_factory.py:121)
2026-08-09 04:01:49,264 | INFO | Loading controller configuration from: /mnt/data/users/haoyu/workspace/code/fpo-control/manipulation_experiments/thirdparty/robosuite/robosuite/controllers/config/robots/default_panda.json
2026-08-09 04:01:50,949 | INFO | Successfully created PickPlaceCan environment via robosuite.make() with cameras at 84x84
2026-08-09 04:01:50,949 | INFO | Configured cameras: ['robot0_eye_in_hand']
2026-08-09 04:01:50,978 | INFO | Successfully created PickPlaceCan environment via robosuite.make() with cameras at 84x84
2026-08-09 04:01:50,978 | INFO | Configured cameras: ['robot0_eye_in_hand']
2026-08-09 04:01:51,011 | INFO | Successfully created PickPlaceCan environment via robosuite.make() with cameras at 84x84
2026-08-09 04:01:51,011 | INFO | Configured cameras: ['robot0_eye_in_hand']
2026-08-09 04:01:51,014 | INFO | Successfully created PickPlaceCan environment via robosuite.make() with cameras at 84x84
2026-08-09 04:01:51,015 | INFO | Configured cameras: ['robot0_eye_in_hand']
2026-08-09 04:01:51,015 | INFO | Successfully created PickPlaceCan environment via robosuite.make() with cameras at 84x84
2026-08-09 04:01:51,016 | INFO | Configured cameras: ['robot0_eye_in_hand']
2026-08-09 04:01:51,018 | INFO | Successfully created PickPlaceCan environment via robosuite.make() with cameras at 84x84
2026-08-09 04:01:51,019 | INFO | Configured cameras: ['robot0_eye_in_hand']
2026-08-09 04:01:51,028 | INFO | Successfully created PickPlaceCan environment via robosuite.make() with cameras at 84x84
2026-08-09 04:01:51,028 | INFO | Configured cameras: ['robot0_eye_in_hand']
2026-08-09 04:01:51,041 | INFO | Successfully created PickPlaceCan environment via robosuite.make() with cameras at 84x84
2026-08-09 04:01:51,041 | INFO | Configured cameras: ['robot0_eye_in_hand']
2026-08-09 04:01:51,043 | INFO | Successfully created PickPlaceCan environment via robosuite.make() with cameras at 84x84
2026-08-09 04:01:51,044 | INFO | Configured cameras: ['robot0_eye_in_hand']
2026-08-09 04:01:51,049 | INFO | Successfully created PickPlaceCan environment via robosuite.make() with cameras at 84x84
2026-08-09 04:01:51,049 | INFO | Configured cameras: ['robot0_eye_in_hand']
2026-08-09 04:01:51,054 | INFO | Successfully created PickPlaceCan environment via robosuite.make() with cameras at 84x84
2026-08-09 04:01:51,054 | INFO | Configured cameras: ['robot0_eye_in_hand']
2026-08-09 04:01:51,060 | INFO | Successfully created PickPlaceCan environment via robosuite.make() with cameras at 84x84
2026-08-09 04:01:51,060 | INFO | Configured cameras: ['robot0_eye_in_hand']
2026-08-09 04:01:52,167 | INFO | Created 16 vectorized Can environments
2026-08-09 04:01:52,167 | INFO | Set video key to 'agentview' for video recording
2026-08-09 04:01:52,167 | INFO | ================================================================================
2026-08-09 04:01:52,167 | INFO | Starting Evaluation
2026-08-09 04:01:52,167 | INFO | ================================================================================
2026-08-09 04:01:52,168 | INFO | Running rollouts with environment: Can
2026-08-09 04:01:52,168 | INFO | Starting evaluation: 20 episodes using 16 parallel environments
2026-08-09 04:01:53,193 | INFO | Created observation keys: ['observation.state', 'observation.images.robot0_eye_in_hand']
2026-08-09 04:01:53,193 | INFO | Created observation keys: ['observation.state', 'observation.images.robot0_eye_in_hand']
2026-08-09 04:01:53,206 | INFO | Created observation keys: ['observation.state', 'observation.images.robot0_eye_in_hand']
2026-08-09 04:01:53,206 | INFO | Created observation keys: ['observation.state', 'observation.images.robot0_eye_in_hand']
2026-08-09 04:01:53,207 | INFO | Created observation keys: ['observation.state', 'observation.images.robot0_eye_in_hand']
2026-08-09 04:01:53,217 | INFO | Created observation keys: ['observation.state', 'observation.images.robot0_eye_in_hand']
2026-08-09 04:01:53,225 | INFO | Created observation keys: ['observation.state', 'observation.images.robot0_eye_in_hand']
2026-08-09 04:01:53,244 | INFO | Created observation keys: ['observation.state', 'observation.images.robot0_eye_in_hand']
2026-08-09 04:01:53,265 | INFO | Created observation keys: ['observation.state', 'observation.images.robot0_eye_in_hand']
2026-08-09 04:01:53,276 | INFO | Created observation keys: ['observation.state', 'observation.images.robot0_eye_in_hand']
2026-08-09 04:01:53,281 | INFO | Created observation keys: ['observation.state', 'observation.images.robot0_eye_in_hand']
2026-08-09 04:01:53,290 | INFO | Created observation keys: ['observation.state', 'observation.images.robot0_eye_in_hand']
2026-08-09 04:01:53,293 | INFO | Created observation keys: ['observation.state', 'observation.images.robot0_eye_in_hand']
2026-08-09 04:01:53,296 | INFO | Created observation keys: ['observation.state', 'observation.images.robot0_eye_in_hand']
2026-08-09 04:01:53,301 | INFO | Created observation keys: ['observation.state', 'observation.images.robot0_eye_in_hand']
2026-08-09 04:01:53,306 | INFO | Created observation keys: ['observation.state', 'observation.images.robot0_eye_in_hand']
/home/haoyu/workspace/code/fpo-control/manipulation_experiments/thirdparty/miniconda3/envs/fpo_manipulation/lib/python3.10/contextlib.py:103: FutureWarning: `torch.backends.cuda.sdp_kernel()` is deprecated. In the future, this context manager will be removed. Please see `torch.nn.attention.sdpa_kernel()` for the new context manager, with updated signature.
  self.gen = func(*args, **kwds)
2026-08-09 04:02:10,063 | INFO | Total steps: 2000, done episodes: 1, successes: 1, FPS: 111.8
2026-08-09 04:02:29,643 | INFO | Total steps: 4000, done episodes: 8, successes: 8, FPS: 106.7
2026-08-09 04:02:49,159 | INFO | Total steps: 6000, done episodes: 19, successes: 14, FPS: 105.3
2026-08-09 04:02:53,021 | INFO | Evaluation completed: 20 episodes, 15 successes (75.0%) for task **Can**
2026-08-09 04:02:53,022 | INFO | Success stats across environments: mean=0.69 +/- 0.46
2026-08-09 04:02:53,022 | INFO | Average return: 0.750 +/- 0.433
2026-08-09 04:02:53,022 | INFO | Average episode length: 222.8 +/- 58.9
2026-08-09 04:02:53,022 | INFO | Performance: 6480 total steps in 60.9s
2026-08-09 04:02:53,022 | INFO | Average FPS: 106.5 frames/sec | Episodes/sec: 0.33
2026-08-09 04:02:53,022 | INFO | ================================================================================
2026-08-09 04:02:53,022 | INFO | Evaluation Summary
2026-08-09 04:02:53,022 | INFO | ================================================================================
2026-08-09 04:02:53,022 | INFO | Environment: Can
2026-08-09 04:02:53,022 | INFO | Checkpoint: latest
2026-08-09 04:02:53,022 | INFO | Episodes: 20
2026-08-09 04:02:53,022 | INFO | Success Rate: 75.00% +/- 46.35%
2026-08-09 04:02:53,022 | INFO | Average Return: 0.750 +/- 0.433
2026-08-09 04:02:53,022 | INFO | FPS: 106.5
2026-08-09 04:02:53,022 | INFO | ================================================================================
2026-08-09 04:02:53,023 | INFO | Summary saved to: /home/haoyu/workspace/outputs/fpo-control/results/can_step6000_wiseft_screen_seed20260823_finetuned_random/eval_summary_Can_latest_zero_sampling_False.txt
render_gpu_device_id: 1
render_gpu_device_id: 1
render_gpu_device_id: 1
render_gpu_device_id: 1
render_gpu_device_id: 1
render_gpu_device_id: 1
render_gpu_device_id: 1
render_gpu_device_id: 1
render_gpu_device_id: 1
render_gpu_device_id: 1
render_gpu_device_id: 1
render_gpu_device_id: 1
render_gpu_device_id: 1
render_gpu_device_id: 1
render_gpu_device_id: 1
render_gpu_device_id: 1
2026-08-09 04:02:56,085 | INFO | Evaluation completed successfully!
[robosuite WARNING] No private macro file found! (macros.py:57)
[robosuite WARNING] It is recommended to use a private macro file (macros.py:58)
[robosuite WARNING] To setup, run: python /mnt/data/users/haoyu/workspace/code/fpo-control/manipulation_experiments/thirdparty/robosuite/robosuite/scripts/setup_macros.py (macros.py:59)
[robosuite WARNING] Could not import robosuite_models. Some robots may not be available. If you want to use these robots, please install robosuite_models from source (https://github.com/ARISE-Initiative/robosuite_models) or through pip install. (__init__.py:30)
2026-08-09 04:03:02,570 | INFO | ================================================================================
2026-08-09 04:03:02,570 | INFO | Checkpoint Evaluation
2026-08-09 04:03:02,570 | INFO | ================================================================================
2026-08-09 04:03:02,571 | INFO | Random seed set to 20260823
2026-08-09 04:03:02,571 | INFO | Output directory: /home/haoyu/workspace/outputs/fpo-control/results/can_step6000_wiseft_screen_seed20260823_midpoint_zero
2026-08-09 04:03:02,571 | INFO | Using local checkpoint: /home/haoyu/workspace/outputs/fpo-control/results/can_step6000_wiseft_midpoint_seed20260812
2026-08-09 04:03:02,571 | INFO | Loading policy from /home/haoyu/workspace/outputs/fpo-control/results/can_step6000_wiseft_midpoint_seed20260812/policy...
2026-08-09 04:03:02,571 | INFO | Loading config from /home/haoyu/workspace/outputs/fpo-control/results/can_step6000_wiseft_midpoint_seed20260812/policy/config.json...
2026-08-09 04:03:02,572 | INFO | Image features: ['observation.images.robot0_eye_in_hand']
2026-08-09 04:03:02,572 | INFO | State features: ['observation.state']
2026-08-09 04:03:02,572 | INFO | Constructing FlowMatchingPolicy from config...
2026-08-09 04:03:02,656 | INFO | Loading model weights from /home/haoyu/workspace/outputs/fpo-control/results/can_step6000_wiseft_midpoint_seed20260812/policy/model.safetensors...
2026-08-09 04:03:03,017 | INFO | Policy loaded successfully
2026-08-09 04:03:03,017 | INFO | Policy config: horizon=16, n_action_steps=16, sampling_steps=10
2026-08-09 04:03:03,017 | INFO | Overriding Euler sampling steps: 10
2026-08-09 04:03:03,018 | INFO | Creating evaluation environment: Can
2026-08-09 04:03:03,018 | INFO | Using image features from checkpoint config: ['observation.images.robot0_eye_in_hand']
2026-08-09 04:03:03,018 | INFO | Production mode: using gymnasium.vector.AsyncVectorEnv
2026-08-09 04:03:03,018 | INFO | Video key: agentview
2026-08-09 04:03:03,018 | INFO | Using image observation keys: ['robot0_eye_in_hand']
[robosuite INFO] Loading controller configuration from: /mnt/data/users/haoyu/workspace/code/fpo-control/manipulation_experiments/thirdparty/robosuite/robosuite/controllers/config/robots/default_panda.json (composite_controller_factory.py:121)
2026-08-09 04:03:03,018 | INFO | Loading controller configuration from: /mnt/data/users/haoyu/workspace/code/fpo-control/manipulation_experiments/thirdparty/robosuite/robosuite/controllers/config/robots/default_panda.json
2026-08-09 04:03:04,791 | INFO | Successfully created PickPlaceCan environment via robosuite.make() with cameras at 84x84
2026-08-09 04:03:04,791 | INFO | Configured cameras: ['robot0_eye_in_hand']
[ViT Init] Inferred image size from dataset: 84x84
num_visible_gpus: 1 [1] render_override: 
render_gpu_device_id: 1
[robosuite WARNING] No private macro file found! (macros.py:57)
[robosuite WARNING] It is recommended to use a private macro file (macros.py:58)
[robosuite WARNING] To setup, run: python /mnt/data/users/haoyu/workspace/code/fpo-control/manipulation_experiments/thirdparty/robosuite/robosuite/scripts/setup_macros.py (macros.py:59)
[robosuite WARNING] No private macro file found! (macros.py:57)
[robosuite WARNING] It is recommended to use a private macro file (macros.py:58)
[robosuite WARNING] To setup, run: python /mnt/data/users/haoyu/workspace/code/fpo-control/manipulation_experiments/thirdparty/robosuite/robosuite/scripts/setup_macros.py (macros.py:59)
[robosuite WARNING] No private macro file found! (macros.py:57)
[robosuite WARNING] It is recommended to use a private macro file (macros.py:58)
[robosuite WARNING] To setup, run: python /mnt/data/users/haoyu/workspace/code/fpo-control/manipulation_experiments/thirdparty/robosuite/robosuite/scripts/setup_macros.py (macros.py:59)
[robosuite WARNING] No private macro file found! (macros.py:57)
[robosuite WARNING] No private macro file found! (macros.py:57)
[robosuite WARNING] It is recommended to use a private macro file (macros.py:58)
[robosuite WARNING] It is recommended to use a private macro file (macros.py:58)
[robosuite WARNING] To setup, run: python /mnt/data/users/haoyu/workspace/code/fpo-control/manipulation_experiments/thirdparty/robosuite/robosuite/scripts/setup_macros.py (macros.py:59)
[robosuite WARNING] To setup, run: python /mnt/data/users/haoyu/workspace/code/fpo-control/manipulation_experiments/thirdparty/robosuite/robosuite/scripts/setup_macros.py (macros.py:59)
[robosuite WARNING] No private macro file found! (macros.py:57)
[robosuite WARNING] It is recommended to use a private macro file (macros.py:58)
[robosuite WARNING] To setup, run: python /mnt/data/users/haoyu/workspace/code/fpo-control/manipulation_experiments/thirdparty/robosuite/robosuite/scripts/setup_macros.py (macros.py:59)
[robosuite WARNING] No private macro file found! (macros.py:57)
[robosuite WARNING] It is recommended to use a private macro file (macros.py:58)
[robosuite WARNING] To setup, run: python /mnt/data/users/haoyu/workspace/code/fpo-control/manipulation_experiments/thirdparty/robosuite/robosuite/scripts/setup_macros.py (macros.py:59)
[robosuite WARNING] No private macro file found! (macros.py:57)
[robosuite WARNING] No private macro file found! (macros.py:57)
[robosuite WARNING] It is recommended to use a private macro file (macros.py:58)
[robosuite WARNING] It is recommended to use a private macro file (macros.py:58)
[robosuite WARNING] To setup, run: python /mnt/data/users/haoyu/workspace/code/fpo-control/manipulation_experiments/thirdparty/robosuite/robosuite/scripts/setup_macros.py (macros.py:59)
[robosuite WARNING] To setup, run: python /mnt/data/users/haoyu/workspace/code/fpo-control/manipulation_experiments/thirdparty/robosuite/robosuite/scripts/setup_macros.py (macros.py:59)
[robosuite WARNING] No private macro file found! (macros.py:57)
[robosuite WARNING] It is recommended to use a private macro file (macros.py:58)
[robosuite WARNING] To setup, run: python /mnt/data/users/haoyu/workspace/code/fpo-control/manipulation_experiments/thirdparty/robosuite/robosuite/scripts/setup_macros.py (macros.py:59)
[robosuite WARNING] No private macro file found! (macros.py:57)
[robosuite WARNING] It is recommended to use a private macro file (macros.py:58)
[robosuite WARNING] To setup, run: python /mnt/data/users/haoyu/workspace/code/fpo-control/manipulation_experiments/thirdparty/robosuite/robosuite/scripts/setup_macros.py (macros.py:59)
[robosuite WARNING] No private macro file found! (macros.py:57)
[robosuite WARNING] It is recommended to use a private macro file (macros.py:58)
[robosuite WARNING] To setup, run: python /mnt/data/users/haoyu/workspace/code/fpo-control/manipulation_experiments/thirdparty/robosuite/robosuite/scripts/setup_macros.py (macros.py:59)
[robosuite WARNING] No private macro file found! (macros.py:57)
[robosuite WARNING] It is recommended to use a private macro file (macros.py:58)
[robosuite WARNING] To setup, run: python /mnt/data/users/haoyu/workspace/code/fpo-control/manipulation_experiments/thirdparty/robosuite/robosuite/scripts/setup_macros.py (macros.py:59)
[robosuite WARNING] No private macro file found! (macros.py:57)
[robosuite WARNING] It is recommended to use a private macro file (macros.py:58)
[robosuite WARNING] To setup, run: python /mnt/data/users/haoyu/workspace/code/fpo-control/manipulation_experiments/thirdparty/robosuite/robosuite/scripts/setup_macros.py (macros.py:59)
[robosuite WARNING] No private macro file found! (macros.py:57)
[robosuite WARNING] It is recommended to use a private macro file (macros.py:58)
[robosuite WARNING] To setup, run: python /mnt/data/users/haoyu/workspace/code/fpo-control/manipulation_experiments/thirdparty/robosuite/robosuite/scripts/setup_macros.py (macros.py:59)
[robosuite WARNING] No private macro file found! (macros.py:57)
[robosuite WARNING] It is recommended to use a private macro file (macros.py:58)
[robosuite WARNING] To setup, run: python /mnt/data/users/haoyu/workspace/code/fpo-control/manipulation_experiments/thirdparty/robosuite/robosuite/scripts/setup_macros.py (macros.py:59)
[robosuite WARNING] Could not import robosuite_models. Some robots may not be available. If you want to use these robots, please install robosuite_models from source (https://github.com/ARISE-Initiative/robosuite_models) or through pip install. (__init__.py:30)
[robosuite WARNING] Could not import robosuite_models. Some robots may not be available. If you want to use these robots, please install robosuite_models from source (https://github.com/ARISE-Initiative/robosuite_models) or through pip install. (__init__.py:30)
[robosuite WARNING] Could not import robosuite_models. Some robots may not be available. If you want to use these robots, please install robosuite_models from source (https://github.com/ARISE-Initiative/robosuite_models) or through pip install. (__init__.py:30)
[robosuite WARNING] Could not import robosuite_models. Some robots may not be available. If you want to use these robots, please install robosuite_models from source (https://github.com/ARISE-Initiative/robosuite_models) or through pip install. (__init__.py:30)
[robosuite WARNING] Could not import robosuite_models. Some robots may not be available. If you want to use these robots, please install robosuite_models from source (https://github.com/ARISE-Initiative/robosuite_models) or through pip install. (__init__.py:30)
[robosuite WARNING] Could not import robosuite_models. Some robots may not be available. If you want to use these robots, please install robosuite_models from source (https://github.com/ARISE-Initiative/robosuite_models) or through pip install. (__init__.py:30)
[robosuite WARNING] Could not import robosuite_models. Some robots may not be available. If you want to use these robots, please install robosuite_models from source (https://github.com/ARISE-Initiative/robosuite_models) or through pip install. (__init__.py:30)
[robosuite WARNING] Could not import robosuite_models. Some robots may not be available. If you want to use these robots, please install robosuite_models from source (https://github.com/ARISE-Initiative/robosuite_models) or through pip install. (__init__.py:30)
[robosuite WARNING] Could not import robosuite_models. Some robots may not be available. If you want to use these robots, please install robosuite_models from source (https://github.com/ARISE-Initiative/robosuite_models) or through pip install. (__init__.py:30)
[robosuite WARNING] Could not import robosuite_models. Some robots may not be available. If you want to use these robots, please install robosuite_models from source (https://github.com/ARISE-Initiative/robosuite_models) or through pip install. (__init__.py:30)
[robosuite WARNING] Could not import robosuite_models. Some robots may not be available. If you want to use these robots, please install robosuite_models from source (https://github.com/ARISE-Initiative/robosuite_models) or through pip install. (__init__.py:30)
[robosuite WARNING] Could not import robosuite_models. Some robots may not be available. If you want to use these robots, please install robosuite_models from source (https://github.com/ARISE-Initiative/robosuite_models) or through pip install. (__init__.py:30)
[robosuite WARNING] Could not import robosuite_models. Some robots may not be available. If you want to use these robots, please install robosuite_models from source (https://github.com/ARISE-Initiative/robosuite_models) or through pip install. (__init__.py:30)
[robosuite WARNING] Could not import robosuite_models. Some robots may not be available. If you want to use these robots, please install robosuite_models from source (https://github.com/ARISE-Initiative/robosuite_models) or through pip install. (__init__.py:30)
[robosuite WARNING] Could not import robosuite_models. Some robots may not be available. If you want to use these robots, please install robosuite_models from source (https://github.com/ARISE-Initiative/robosuite_models) or through pip install. (__init__.py:30)
[robosuite WARNING] Could not import robosuite_models. Some robots may not be available. If you want to use these robots, please install robosuite_models from source (https://github.com/ARISE-Initiative/robosuite_models) or through pip install. (__init__.py:30)
2026-08-09 04:03:13,337 | INFO | Video key: agentview
2026-08-09 04:03:13,337 | INFO | Using image observation keys: ['robot0_eye_in_hand']
[robosuite INFO] Loading controller configuration from: /mnt/data/users/haoyu/workspace/code/fpo-control/manipulation_experiments/thirdparty/robosuite/robosuite/controllers/config/robots/default_panda.json (composite_controller_factory.py:121)
2026-08-09 04:03:13,337 | INFO | Loading controller configuration from: /mnt/data/users/haoyu/workspace/code/fpo-control/manipulation_experiments/thirdparty/robosuite/robosuite/controllers/config/robots/default_panda.json
2026-08-09 04:03:13,683 | INFO | Video key: agentview
2026-08-09 04:03:13,683 | INFO | Using image observation keys: ['robot0_eye_in_hand']
[robosuite INFO] Loading controller configuration from: /mnt/data/users/haoyu/workspace/code/fpo-control/manipulation_experiments/thirdparty/robosuite/robosuite/controllers/config/robots/default_panda.json (composite_controller_factory.py:121)
2026-08-09 04:03:13,684 | INFO | Loading controller configuration from: /mnt/data/users/haoyu/workspace/code/fpo-control/manipulation_experiments/thirdparty/robosuite/robosuite/controllers/config/robots/default_panda.json
2026-08-09 04:03:14,518 | INFO | Video key: agentview
2026-08-09 04:03:14,518 | INFO | Using image observation keys: ['robot0_eye_in_hand']
[robosuite INFO] Loading controller configuration from: /mnt/data/users/haoyu/workspace/code/fpo-control/manipulation_experiments/thirdparty/robosuite/robosuite/controllers/config/robots/default_panda.json (composite_controller_factory.py:121)
2026-08-09 04:03:14,518 | INFO | Loading controller configuration from: /mnt/data/users/haoyu/workspace/code/fpo-control/manipulation_experiments/thirdparty/robosuite/robosuite/controllers/config/robots/default_panda.json
2026-08-09 04:03:14,783 | INFO | Video key: agentview
2026-08-09 04:03:14,783 | INFO | Using image observation keys: ['robot0_eye_in_hand']
[robosuite INFO] Loading controller configuration from: /mnt/data/users/haoyu/workspace/code/fpo-control/manipulation_experiments/thirdparty/robosuite/robosuite/controllers/config/robots/default_panda.json (composite_controller_factory.py:121)
2026-08-09 04:03:14,784 | INFO | Loading controller configuration from: /mnt/data/users/haoyu/workspace/code/fpo-control/manipulation_experiments/thirdparty/robosuite/robosuite/controllers/config/robots/default_panda.json
2026-08-09 04:03:14,827 | INFO | Video key: agentview
2026-08-09 04:03:14,827 | INFO | Using image observation keys: ['robot0_eye_in_hand']
[robosuite INFO] Loading controller configuration from: /mnt/data/users/haoyu/workspace/code/fpo-control/manipulation_experiments/thirdparty/robosuite/robosuite/controllers/config/robots/default_panda.json (composite_controller_factory.py:121)
2026-08-09 04:03:14,827 | INFO | Loading controller configuration from: /mnt/data/users/haoyu/workspace/code/fpo-control/manipulation_experiments/thirdparty/robosuite/robosuite/controllers/config/robots/default_panda.json
2026-08-09 04:03:15,082 | INFO | Successfully created PickPlaceCan environment via robosuite.make() with cameras at 84x84
2026-08-09 04:03:15,082 | INFO | Configured cameras: ['robot0_eye_in_hand']
2026-08-09 04:03:15,453 | INFO | Successfully created PickPlaceCan environment via robosuite.make() with cameras at 84x84
2026-08-09 04:03:15,453 | INFO | Configured cameras: ['robot0_eye_in_hand']
2026-08-09 04:03:16,262 | INFO | Successfully created PickPlaceCan environment via robosuite.make() with cameras at 84x84
2026-08-09 04:03:16,262 | INFO | Configured cameras: ['robot0_eye_in_hand']
2026-08-09 04:03:16,581 | INFO | Successfully created PickPlaceCan environment via robosuite.make() with cameras at 84x84
2026-08-09 04:03:16,582 | INFO | Configured cameras: ['robot0_eye_in_hand']
2026-08-09 04:03:16,600 | INFO | Successfully created PickPlaceCan environment via robosuite.make() with cameras at 84x84
2026-08-09 04:03:16,600 | INFO | Configured cameras: ['robot0_eye_in_hand']
2026-08-09 04:03:17,013 | INFO | Video key: agentview
2026-08-09 04:03:17,013 | INFO | Using image observation keys: ['robot0_eye_in_hand']
[robosuite INFO] Loading controller configuration from: /mnt/data/users/haoyu/workspace/code/fpo-control/manipulation_experiments/thirdparty/robosuite/robosuite/controllers/config/robots/default_panda.json (composite_controller_factory.py:121)
2026-08-09 04:03:17,013 | INFO | Loading controller configuration from: /mnt/data/users/haoyu/workspace/code/fpo-control/manipulation_experiments/thirdparty/robosuite/robosuite/controllers/config/robots/default_panda.json
2026-08-09 04:03:17,064 | INFO | Video key: agentview
2026-08-09 04:03:17,065 | INFO | Using image observation keys: ['robot0_eye_in_hand']
[robosuite INFO] Loading controller configuration from: /mnt/data/users/haoyu/workspace/code/fpo-control/manipulation_experiments/thirdparty/robosuite/robosuite/controllers/config/robots/default_panda.json (composite_controller_factory.py:121)
2026-08-09 04:03:17,065 | INFO | Loading controller configuration from: /mnt/data/users/haoyu/workspace/code/fpo-control/manipulation_experiments/thirdparty/robosuite/robosuite/controllers/config/robots/default_panda.json
2026-08-09 04:03:17,112 | INFO | Video key: agentview
2026-08-09 04:03:17,112 | INFO | Using image observation keys: ['robot0_eye_in_hand']
[robosuite INFO] Loading controller configuration from: /mnt/data/users/haoyu/workspace/code/fpo-control/manipulation_experiments/thirdparty/robosuite/robosuite/controllers/config/robots/default_panda.json (composite_controller_factory.py:121)
2026-08-09 04:03:17,112 | INFO | Loading controller configuration from: /mnt/data/users/haoyu/workspace/code/fpo-control/manipulation_experiments/thirdparty/robosuite/robosuite/controllers/config/robots/default_panda.json
2026-08-09 04:03:17,113 | INFO | Video key: agentview
2026-08-09 04:03:17,114 | INFO | Using image observation keys: ['robot0_eye_in_hand']
[robosuite INFO] Loading controller configuration from: /mnt/data/users/haoyu/workspace/code/fpo-control/manipulation_experiments/thirdparty/robosuite/robosuite/controllers/config/robots/default_panda.json (composite_controller_factory.py:121)
2026-08-09 04:03:17,114 | INFO | Loading controller configuration from: /mnt/data/users/haoyu/workspace/code/fpo-control/manipulation_experiments/thirdparty/robosuite/robosuite/controllers/config/robots/default_panda.json
2026-08-09 04:03:17,149 | INFO | Video key: agentview
2026-08-09 04:03:17,149 | INFO | Using image observation keys: ['robot0_eye_in_hand']
[robosuite INFO] Loading controller configuration from: /mnt/data/users/haoyu/workspace/code/fpo-control/manipulation_experiments/thirdparty/robosuite/robosuite/controllers/config/robots/default_panda.json (composite_controller_factory.py:121)
2026-08-09 04:03:17,149 | INFO | Loading controller configuration from: /mnt/data/users/haoyu/workspace/code/fpo-control/manipulation_experiments/thirdparty/robosuite/robosuite/controllers/config/robots/default_panda.json
2026-08-09 04:03:17,191 | INFO | Video key: agentview
2026-08-09 04:03:17,191 | INFO | Using image observation keys: ['robot0_eye_in_hand']
[robosuite INFO] Loading controller configuration from: /mnt/data/users/haoyu/workspace/code/fpo-control/manipulation_experiments/thirdparty/robosuite/robosuite/controllers/config/robots/default_panda.json (composite_controller_factory.py:121)
2026-08-09 04:03:17,192 | INFO | Loading controller configuration from: /mnt/data/users/haoyu/workspace/code/fpo-control/manipulation_experiments/thirdparty/robosuite/robosuite/controllers/config/robots/default_panda.json
2026-08-09 04:03:17,193 | INFO | Video key: agentview
2026-08-09 04:03:17,193 | INFO | Using image observation keys: ['robot0_eye_in_hand']
[robosuite INFO] Loading controller configuration from: /mnt/data/users/haoyu/workspace/code/fpo-control/manipulation_experiments/thirdparty/robosuite/robosuite/controllers/config/robots/default_panda.json (composite_controller_factory.py:121)
2026-08-09 04:03:17,193 | INFO | Loading controller configuration from: /mnt/data/users/haoyu/workspace/code/fpo-control/manipulation_experiments/thirdparty/robosuite/robosuite/controllers/config/robots/default_panda.json
2026-08-09 04:03:17,209 | INFO | Video key: agentview
2026-08-09 04:03:17,209 | INFO | Using image observation keys: ['robot0_eye_in_hand']
[robosuite INFO] Loading controller configuration from: /mnt/data/users/haoyu/workspace/code/fpo-control/manipulation_experiments/thirdparty/robosuite/robosuite/controllers/config/robots/default_panda.json (composite_controller_factory.py:121)
2026-08-09 04:03:17,209 | INFO | Loading controller configuration from: /mnt/data/users/haoyu/workspace/code/fpo-control/manipulation_experiments/thirdparty/robosuite/robosuite/controllers/config/robots/default_panda.json
2026-08-09 04:03:17,220 | INFO | Video key: agentview
2026-08-09 04:03:17,220 | INFO | Using image observation keys: ['robot0_eye_in_hand']
[robosuite INFO] Loading controller configuration from: /mnt/data/users/haoyu/workspace/code/fpo-control/manipulation_experiments/thirdparty/robosuite/robosuite/controllers/config/robots/default_panda.json (composite_controller_factory.py:121)
2026-08-09 04:03:17,221 | INFO | Loading controller configuration from: /mnt/data/users/haoyu/workspace/code/fpo-control/manipulation_experiments/thirdparty/robosuite/robosuite/controllers/config/robots/default_panda.json
2026-08-09 04:03:17,227 | INFO | Video key: agentview
2026-08-09 04:03:17,227 | INFO | Using image observation keys: ['robot0_eye_in_hand']
[robosuite INFO] Loading controller configuration from: /mnt/data/users/haoyu/workspace/code/fpo-control/manipulation_experiments/thirdparty/robosuite/robosuite/controllers/config/robots/default_panda.json (composite_controller_factory.py:121)
2026-08-09 04:03:17,228 | INFO | Loading controller configuration from: /mnt/data/users/haoyu/workspace/code/fpo-control/manipulation_experiments/thirdparty/robosuite/robosuite/controllers/config/robots/default_panda.json
2026-08-09 04:03:17,229 | INFO | Video key: agentview
2026-08-09 04:03:17,229 | INFO | Using image observation keys: ['robot0_eye_in_hand']
[robosuite INFO] Loading controller configuration from: /mnt/data/users/haoyu/workspace/code/fpo-control/manipulation_experiments/thirdparty/robosuite/robosuite/controllers/config/robots/default_panda.json (composite_controller_factory.py:121)
2026-08-09 04:03:17,229 | INFO | Loading controller configuration from: /mnt/data/users/haoyu/workspace/code/fpo-control/manipulation_experiments/thirdparty/robosuite/robosuite/controllers/config/robots/default_panda.json
2026-08-09 04:03:18,831 | INFO | Successfully created PickPlaceCan environment via robosuite.make() with cameras at 84x84
2026-08-09 04:03:18,831 | INFO | Configured cameras: ['robot0_eye_in_hand']
2026-08-09 04:03:18,842 | INFO | Successfully created PickPlaceCan environment via robosuite.make() with cameras at 84x84
2026-08-09 04:03:18,842 | INFO | Configured cameras: ['robot0_eye_in_hand']
2026-08-09 04:03:18,848 | INFO | Successfully created PickPlaceCan environment via robosuite.make() with cameras at 84x84
2026-08-09 04:03:18,848 | INFO | Configured cameras: ['robot0_eye_in_hand']
2026-08-09 04:03:18,886 | INFO | Successfully created PickPlaceCan environment via robosuite.make() with cameras at 84x84
2026-08-09 04:03:18,886 | INFO | Configured cameras: ['robot0_eye_in_hand']
2026-08-09 04:03:18,934 | INFO | Successfully created PickPlaceCan environment via robosuite.make() with cameras at 84x84
2026-08-09 04:03:18,934 | INFO | Configured cameras: ['robot0_eye_in_hand']
2026-08-09 04:03:18,964 | INFO | Successfully created PickPlaceCan environment via robosuite.make() with cameras at 84x84
2026-08-09 04:03:18,965 | INFO | Configured cameras: ['robot0_eye_in_hand']
2026-08-09 04:03:18,981 | INFO | Successfully created PickPlaceCan environment via robosuite.make() with cameras at 84x84
2026-08-09 04:03:18,981 | INFO | Configured cameras: ['robot0_eye_in_hand']
2026-08-09 04:03:18,983 | INFO | Successfully created PickPlaceCan environment via robosuite.make() with cameras at 84x84
2026-08-09 04:03:18,983 | INFO | Configured cameras: ['robot0_eye_in_hand']
2026-08-09 04:03:18,989 | INFO | Successfully created PickPlaceCan environment via robosuite.make() with cameras at 84x84
2026-08-09 04:03:18,989 | INFO | Configured cameras: ['robot0_eye_in_hand']
2026-08-09 04:03:19,005 | INFO | Successfully created PickPlaceCan environment via robosuite.make() with cameras at 84x84
2026-08-09 04:03:19,005 | INFO | Configured cameras: ['robot0_eye_in_hand']
2026-08-09 04:03:19,015 | INFO | Successfully created PickPlaceCan environment via robosuite.make() with cameras at 84x84
2026-08-09 04:03:19,015 | INFO | Configured cameras: ['robot0_eye_in_hand']
2026-08-09 04:03:20,154 | INFO | Created 16 vectorized Can environments
2026-08-09 04:03:20,155 | INFO | Set video key to 'agentview' for video recording
2026-08-09 04:03:20,155 | INFO | ================================================================================
2026-08-09 04:03:20,155 | INFO | Starting Evaluation
2026-08-09 04:03:20,155 | INFO | ================================================================================
2026-08-09 04:03:20,156 | INFO | Running rollouts with environment: Can
2026-08-09 04:03:20,156 | INFO | Starting evaluation: 20 episodes using 16 parallel environments
2026-08-09 04:03:21,197 | INFO | Created observation keys: ['observation.state', 'observation.images.robot0_eye_in_hand']
2026-08-09 04:03:21,197 | INFO | Created observation keys: ['observation.state', 'observation.images.robot0_eye_in_hand']
2026-08-09 04:03:21,197 | INFO | Created observation keys: ['observation.state', 'observation.images.robot0_eye_in_hand']
2026-08-09 04:03:21,208 | INFO | Created observation keys: ['observation.state', 'observation.images.robot0_eye_in_hand']
2026-08-09 04:03:21,219 | INFO | Created observation keys: ['observation.state', 'observation.images.robot0_eye_in_hand']
2026-08-09 04:03:21,220 | INFO | Created observation keys: ['observation.state', 'observation.images.robot0_eye_in_hand']
2026-08-09 04:03:21,223 | INFO | Created observation keys: ['observation.state', 'observation.images.robot0_eye_in_hand']
2026-08-09 04:03:21,226 | INFO | Created observation keys: ['observation.state', 'observation.images.robot0_eye_in_hand']
2026-08-09 04:03:21,234 | INFO | Created observation keys: ['observation.state', 'observation.images.robot0_eye_in_hand']
2026-08-09 04:03:21,240 | INFO | Created observation keys: ['observation.state', 'observation.images.robot0_eye_in_hand']
2026-08-09 04:03:21,250 | INFO | Created observation keys: ['observation.state', 'observation.images.robot0_eye_in_hand']
2026-08-09 04:03:21,281 | INFO | Created observation keys: ['observation.state', 'observation.images.robot0_eye_in_hand']
2026-08-09 04:03:21,284 | INFO | Created observation keys: ['observation.state', 'observation.images.robot0_eye_in_hand']
2026-08-09 04:03:21,291 | INFO | Created observation keys: ['observation.state', 'observation.images.robot0_eye_in_hand']
2026-08-09 04:03:21,306 | INFO | Created observation keys: ['observation.state', 'observation.images.robot0_eye_in_hand']
2026-08-09 04:03:21,342 | INFO | Created observation keys: ['observation.state', 'observation.images.robot0_eye_in_hand']
/home/haoyu/workspace/code/fpo-control/manipulation_experiments/thirdparty/miniconda3/envs/fpo_manipulation/lib/python3.10/contextlib.py:103: FutureWarning: `torch.backends.cuda.sdp_kernel()` is deprecated. In the future, this context manager will be removed. Please see `torch.nn.attention.sdpa_kernel()` for the new context manager, with updated signature.
  self.gen = func(*args, **kwds)
2026-08-09 04:03:36,941 | INFO | Total steps: 2000, done episodes: 0, successes: 0, FPS: 119.2
2026-08-09 04:03:59,311 | INFO | Total steps: 4000, done episodes: 15, successes: 15, FPS: 102.2
2026-08-09 04:04:09,232 | INFO | Evaluation completed: 20 episodes, 19 successes (95.0%) for task **Can**
2026-08-09 04:04:09,232 | INFO | Success stats across environments: mean=0.94 +/- 0.24
2026-08-09 04:04:09,232 | INFO | Average return: 0.950 +/- 0.218
2026-08-09 04:04:09,232 | INFO | Average episode length: 170.9 +/- 38.2
2026-08-09 04:04:09,232 | INFO | Performance: 4928 total steps in 49.1s
2026-08-09 04:04:09,232 | INFO | Average FPS: 100.4 frames/sec | Episodes/sec: 0.41
2026-08-09 04:04:09,232 | INFO | ================================================================================
2026-08-09 04:04:09,232 | INFO | Evaluation Summary
2026-08-09 04:04:09,232 | INFO | ================================================================================
2026-08-09 04:04:09,232 | INFO | Environment: Can
2026-08-09 04:04:09,232 | INFO | Checkpoint: latest
2026-08-09 04:04:09,232 | INFO | Episodes: 20
2026-08-09 04:04:09,232 | INFO | Success Rate: 95.00% +/- 24.21%
2026-08-09 04:04:09,232 | INFO | Average Return: 0.950 +/- 0.218
2026-08-09 04:04:09,232 | INFO | FPS: 100.4
2026-08-09 04:04:09,232 | INFO | ================================================================================
2026-08-09 04:04:09,233 | INFO | Summary saved to: /home/haoyu/workspace/outputs/fpo-control/results/can_step6000_wiseft_screen_seed20260823_midpoint_zero/eval_summary_Can_latest_zero_sampling_True.txt
render_gpu_device_id: 1
render_gpu_device_id: 1
render_gpu_device_id: 1
render_gpu_device_id: 1
render_gpu_device_id: 1
render_gpu_device_id: 1
render_gpu_device_id: 1
render_gpu_device_id: 1
render_gpu_device_id: 1
render_gpu_device_id: 1
render_gpu_device_id: 1
render_gpu_device_id: 1
render_gpu_device_id: 1
render_gpu_device_id: 1
render_gpu_device_id: 1
render_gpu_device_id: 1
2026-08-09 04:04:12,288 | INFO | Evaluation completed successfully!
[robosuite WARNING] No private macro file found! (macros.py:57)
[robosuite WARNING] It is recommended to use a private macro file (macros.py:58)
[robosuite WARNING] To setup, run: python /mnt/data/users/haoyu/workspace/code/fpo-control/manipulation_experiments/thirdparty/robosuite/robosuite/scripts/setup_macros.py (macros.py:59)
[robosuite WARNING] Could not import robosuite_models. Some robots may not be available. If you want to use these robots, please install robosuite_models from source (https://github.com/ARISE-Initiative/robosuite_models) or through pip install. (__init__.py:30)
2026-08-09 04:04:18,660 | INFO | ================================================================================
2026-08-09 04:04:18,660 | INFO | Checkpoint Evaluation
2026-08-09 04:04:18,660 | INFO | ================================================================================
2026-08-09 04:04:18,661 | INFO | Random seed set to 20260823
2026-08-09 04:04:18,661 | INFO | Output directory: /home/haoyu/workspace/outputs/fpo-control/results/can_step6000_wiseft_screen_seed20260823_midpoint_random
2026-08-09 04:04:18,661 | INFO | Using local checkpoint: /home/haoyu/workspace/outputs/fpo-control/results/can_step6000_wiseft_midpoint_seed20260812
2026-08-09 04:04:18,661 | INFO | Loading policy from /home/haoyu/workspace/outputs/fpo-control/results/can_step6000_wiseft_midpoint_seed20260812/policy...
2026-08-09 04:04:18,661 | INFO | Loading config from /home/haoyu/workspace/outputs/fpo-control/results/can_step6000_wiseft_midpoint_seed20260812/policy/config.json...
2026-08-09 04:04:18,661 | INFO | Image features: ['observation.images.robot0_eye_in_hand']
2026-08-09 04:04:18,661 | INFO | State features: ['observation.state']
2026-08-09 04:04:18,661 | INFO | Constructing FlowMatchingPolicy from config...
2026-08-09 04:04:18,747 | INFO | Loading model weights from /home/haoyu/workspace/outputs/fpo-control/results/can_step6000_wiseft_midpoint_seed20260812/policy/model.safetensors...
2026-08-09 04:04:19,072 | INFO | Policy loaded successfully
2026-08-09 04:04:19,072 | INFO | Policy config: horizon=16, n_action_steps=16, sampling_steps=10
2026-08-09 04:04:19,072 | INFO | Overriding Euler sampling steps: 10
2026-08-09 04:04:19,072 | INFO | Creating evaluation environment: Can
2026-08-09 04:04:19,072 | INFO | Using image features from checkpoint config: ['observation.images.robot0_eye_in_hand']
2026-08-09 04:04:19,072 | INFO | Production mode: using gymnasium.vector.AsyncVectorEnv
2026-08-09 04:04:19,072 | INFO | Video key: agentview
2026-08-09 04:04:19,073 | INFO | Using image observation keys: ['robot0_eye_in_hand']
[robosuite INFO] Loading controller configuration from: /mnt/data/users/haoyu/workspace/code/fpo-control/manipulation_experiments/thirdparty/robosuite/robosuite/controllers/config/robots/default_panda.json (composite_controller_factory.py:121)
2026-08-09 04:04:19,073 | INFO | Loading controller configuration from: /mnt/data/users/haoyu/workspace/code/fpo-control/manipulation_experiments/thirdparty/robosuite/robosuite/controllers/config/robots/default_panda.json
2026-08-09 04:04:20,822 | INFO | Successfully created PickPlaceCan environment via robosuite.make() with cameras at 84x84
2026-08-09 04:04:20,822 | INFO | Configured cameras: ['robot0_eye_in_hand']
[ViT Init] Inferred image size from dataset: 84x84
num_visible_gpus: 1 [1] render_override: 
render_gpu_device_id: 1
[robosuite WARNING] No private macro file found! (macros.py:57)
[robosuite WARNING] No private macro file found! (macros.py:57)
[robosuite WARNING] It is recommended to use a private macro file (macros.py:58)
[robosuite WARNING] It is recommended to use a private macro file (macros.py:58)
[robosuite WARNING] To setup, run: python /mnt/data/users/haoyu/workspace/code/fpo-control/manipulation_experiments/thirdparty/robosuite/robosuite/scripts/setup_macros.py (macros.py:59)
[robosuite WARNING] To setup, run: python /mnt/data/users/haoyu/workspace/code/fpo-control/manipulation_experiments/thirdparty/robosuite/robosuite/scripts/setup_macros.py (macros.py:59)
[robosuite WARNING] No private macro file found! (macros.py:57)
[robosuite WARNING] It is recommended to use a private macro file (macros.py:58)
[robosuite WARNING] To setup, run: python /mnt/data/users/haoyu/workspace/code/fpo-control/manipulation_experiments/thirdparty/robosuite/robosuite/scripts/setup_macros.py (macros.py:59)
[robosuite WARNING] No private macro file found! (macros.py:57)
[robosuite WARNING] It is recommended to use a private macro file (macros.py:58)
[robosuite WARNING] To setup, run: python /mnt/data/users/haoyu/workspace/code/fpo-control/manipulation_experiments/thirdparty/robosuite/robosuite/scripts/setup_macros.py (macros.py:59)
[robosuite WARNING] No private macro file found! (macros.py:57)
[robosuite WARNING] It is recommended to use a private macro file (macros.py:58)
[robosuite WARNING] To setup, run: python /mnt/data/users/haoyu/workspace/code/fpo-control/manipulation_experiments/thirdparty/robosuite/robosuite/scripts/setup_macros.py (macros.py:59)
[robosuite WARNING] No private macro file found! (macros.py:57)
[robosuite WARNING] It is recommended to use a private macro file (macros.py:58)
[robosuite WARNING] To setup, run: python /mnt/data/users/haoyu/workspace/code/fpo-control/manipulation_experiments/thirdparty/robosuite/robosuite/scripts/setup_macros.py (macros.py:59)
[robosuite WARNING] No private macro file found! (macros.py:57)
[robosuite WARNING] It is recommended to use a private macro file (macros.py:58)
[robosuite WARNING] To setup, run: python /mnt/data/users/haoyu/workspace/code/fpo-control/manipulation_experiments/thirdparty/robosuite/robosuite/scripts/setup_macros.py (macros.py:59)
[robosuite WARNING] No private macro file found! (macros.py:57)
[robosuite WARNING] It is recommended to use a private macro file (macros.py:58)
[robosuite WARNING] To setup, run: python /mnt/data/users/haoyu/workspace/code/fpo-control/manipulation_experiments/thirdparty/robosuite/robosuite/scripts/setup_macros.py (macros.py:59)
[robosuite WARNING] No private macro file found! (macros.py:57)
[robosuite WARNING] It is recommended to use a private macro file (macros.py:58)
[robosuite WARNING] To setup, run: python /mnt/data/users/haoyu/workspace/code/fpo-control/manipulation_experiments/thirdparty/robosuite/robosuite/scripts/setup_macros.py (macros.py:59)
[robosuite WARNING] No private macro file found! (macros.py:57)
[robosuite WARNING] It is recommended to use a private macro file (macros.py:58)
[robosuite WARNING] To setup, run: python /mnt/data/users/haoyu/workspace/code/fpo-control/manipulation_experiments/thirdparty/robosuite/robosuite/scripts/setup_macros.py (macros.py:59)
[robosuite WARNING] No private macro file found! (macros.py:57)
[robosuite WARNING] It is recommended to use a private macro file (macros.py:58)
[robosuite WARNING] To setup, run: python /mnt/data/users/haoyu/workspace/code/fpo-control/manipulation_experiments/thirdparty/robosuite/robosuite/scripts/setup_macros.py (macros.py:59)
[robosuite WARNING] No private macro file found! (macros.py:57)
[robosuite WARNING] It is recommended to use a private macro file (macros.py:58)
[robosuite WARNING] To setup, run: python /mnt/data/users/haoyu/workspace/code/fpo-control/manipulation_experiments/thirdparty/robosuite/robosuite/scripts/setup_macros.py (macros.py:59)
[robosuite WARNING] No private macro file found! (macros.py:57)
[robosuite WARNING] It is recommended to use a private macro file (macros.py:58)
[robosuite WARNING] To setup, run: python /mnt/data/users/haoyu/workspace/code/fpo-control/manipulation_experiments/thirdparty/robosuite/robosuite/scripts/setup_macros.py (macros.py:59)
[robosuite WARNING] No private macro file found! (macros.py:57)
[robosuite WARNING] It is recommended to use a private macro file (macros.py:58)
[robosuite WARNING] To setup, run: python /mnt/data/users/haoyu/workspace/code/fpo-control/manipulation_experiments/thirdparty/robosuite/robosuite/scripts/setup_macros.py (macros.py:59)
[robosuite WARNING] No private macro file found! (macros.py:57)
[robosuite WARNING] It is recommended to use a private macro file (macros.py:58)
[robosuite WARNING] To setup, run: python /mnt/data/users/haoyu/workspace/code/fpo-control/manipulation_experiments/thirdparty/robosuite/robosuite/scripts/setup_macros.py (macros.py:59)
[robosuite WARNING] No private macro file found! (macros.py:57)
[robosuite WARNING] It is recommended to use a private macro file (macros.py:58)
[robosuite WARNING] To setup, run: python /mnt/data/users/haoyu/workspace/code/fpo-control/manipulation_experiments/thirdparty/robosuite/robosuite/scripts/setup_macros.py (macros.py:59)
[robosuite WARNING] Could not import robosuite_models. Some robots may not be available. If you want to use these robots, please install robosuite_models from source (https://github.com/ARISE-Initiative/robosuite_models) or through pip install. (__init__.py:30)
[robosuite WARNING] Could not import robosuite_models. Some robots may not be available. If you want to use these robots, please install robosuite_models from source (https://github.com/ARISE-Initiative/robosuite_models) or through pip install. (__init__.py:30)
[robosuite WARNING] Could not import robosuite_models. Some robots may not be available. If you want to use these robots, please install robosuite_models from source (https://github.com/ARISE-Initiative/robosuite_models) or through pip install. (__init__.py:30)
[robosuite WARNING] Could not import robosuite_models. Some robots may not be available. If you want to use these robots, please install robosuite_models from source (https://github.com/ARISE-Initiative/robosuite_models) or through pip install. (__init__.py:30)
[robosuite WARNING] Could not import robosuite_models. Some robots may not be available. If you want to use these robots, please install robosuite_models from source (https://github.com/ARISE-Initiative/robosuite_models) or through pip install. (__init__.py:30)
[robosuite WARNING] Could not import robosuite_models. Some robots may not be available. If you want to use these robots, please install robosuite_models from source (https://github.com/ARISE-Initiative/robosuite_models) or through pip install. (__init__.py:30)
[robosuite WARNING] Could not import robosuite_models. Some robots may not be available. If you want to use these robots, please install robosuite_models from source (https://github.com/ARISE-Initiative/robosuite_models) or through pip install. (__init__.py:30)
[robosuite WARNING] Could not import robosuite_models. Some robots may not be available. If you want to use these robots, please install robosuite_models from source (https://github.com/ARISE-Initiative/robosuite_models) or through pip install. (__init__.py:30)
[robosuite WARNING] Could not import robosuite_models. Some robots may not be available. If you want to use these robots, please install robosuite_models from source (https://github.com/ARISE-Initiative/robosuite_models) or through pip install. (__init__.py:30)
[robosuite WARNING] Could not import robosuite_models. Some robots may not be available. If you want to use these robots, please install robosuite_models from source (https://github.com/ARISE-Initiative/robosuite_models) or through pip install. (__init__.py:30)
[robosuite WARNING] Could not import robosuite_models. Some robots may not be available. If you want to use these robots, please install robosuite_models from source (https://github.com/ARISE-Initiative/robosuite_models) or through pip install. (__init__.py:30)
[robosuite WARNING] Could not import robosuite_models. Some robots may not be available. If you want to use these robots, please install robosuite_models from source (https://github.com/ARISE-Initiative/robosuite_models) or through pip install. (__init__.py:30)
[robosuite WARNING] Could not import robosuite_models. Some robots may not be available. If you want to use these robots, please install robosuite_models from source (https://github.com/ARISE-Initiative/robosuite_models) or through pip install. (__init__.py:30)
[robosuite WARNING] Could not import robosuite_models. Some robots may not be available. If you want to use these robots, please install robosuite_models from source (https://github.com/ARISE-Initiative/robosuite_models) or through pip install. (__init__.py:30)
[robosuite WARNING] Could not import robosuite_models. Some robots may not be available. If you want to use these robots, please install robosuite_models from source (https://github.com/ARISE-Initiative/robosuite_models) or through pip install. (__init__.py:30)
[robosuite WARNING] Could not import robosuite_models. Some robots may not be available. If you want to use these robots, please install robosuite_models from source (https://github.com/ARISE-Initiative/robosuite_models) or through pip install. (__init__.py:30)
2026-08-09 04:04:29,653 | INFO | Video key: agentview
2026-08-09 04:04:29,653 | INFO | Using image observation keys: ['robot0_eye_in_hand']
[robosuite INFO] Loading controller configuration from: /mnt/data/users/haoyu/workspace/code/fpo-control/manipulation_experiments/thirdparty/robosuite/robosuite/controllers/config/robots/default_panda.json (composite_controller_factory.py:121)
2026-08-09 04:04:29,653 | INFO | Loading controller configuration from: /mnt/data/users/haoyu/workspace/code/fpo-control/manipulation_experiments/thirdparty/robosuite/robosuite/controllers/config/robots/default_panda.json
2026-08-09 04:04:29,900 | INFO | Video key: agentview
2026-08-09 04:04:29,900 | INFO | Using image observation keys: ['robot0_eye_in_hand']
[robosuite INFO] Loading controller configuration from: /mnt/data/users/haoyu/workspace/code/fpo-control/manipulation_experiments/thirdparty/robosuite/robosuite/controllers/config/robots/default_panda.json (composite_controller_factory.py:121)
2026-08-09 04:04:29,900 | INFO | Loading controller configuration from: /mnt/data/users/haoyu/workspace/code/fpo-control/manipulation_experiments/thirdparty/robosuite/robosuite/controllers/config/robots/default_panda.json
2026-08-09 04:04:31,219 | INFO | Video key: agentview
2026-08-09 04:04:31,219 | INFO | Using image observation keys: ['robot0_eye_in_hand']
[robosuite INFO] Loading controller configuration from: /mnt/data/users/haoyu/workspace/code/fpo-control/manipulation_experiments/thirdparty/robosuite/robosuite/controllers/config/robots/default_panda.json (composite_controller_factory.py:121)
2026-08-09 04:04:31,219 | INFO | Loading controller configuration from: /mnt/data/users/haoyu/workspace/code/fpo-control/manipulation_experiments/thirdparty/robosuite/robosuite/controllers/config/robots/default_panda.json
2026-08-09 04:04:31,281 | INFO | Video key: agentview
2026-08-09 04:04:31,281 | INFO | Using image observation keys: ['robot0_eye_in_hand']
[robosuite INFO] Loading controller configuration from: /mnt/data/users/haoyu/workspace/code/fpo-control/manipulation_experiments/thirdparty/robosuite/robosuite/controllers/config/robots/default_panda.json (composite_controller_factory.py:121)
2026-08-09 04:04:31,282 | INFO | Loading controller configuration from: /mnt/data/users/haoyu/workspace/code/fpo-control/manipulation_experiments/thirdparty/robosuite/robosuite/controllers/config/robots/default_panda.json
2026-08-09 04:04:31,294 | INFO | Video key: agentview
2026-08-09 04:04:31,295 | INFO | Using image observation keys: ['robot0_eye_in_hand']
[robosuite INFO] Loading controller configuration from: /mnt/data/users/haoyu/workspace/code/fpo-control/manipulation_experiments/thirdparty/robosuite/robosuite/controllers/config/robots/default_panda.json (composite_controller_factory.py:121)
2026-08-09 04:04:31,295 | INFO | Loading controller configuration from: /mnt/data/users/haoyu/workspace/code/fpo-control/manipulation_experiments/thirdparty/robosuite/robosuite/controllers/config/robots/default_panda.json
2026-08-09 04:04:31,431 | INFO | Successfully created PickPlaceCan environment via robosuite.make() with cameras at 84x84
2026-08-09 04:04:31,432 | INFO | Configured cameras: ['robot0_eye_in_hand']
2026-08-09 04:04:31,679 | INFO | Successfully created PickPlaceCan environment via robosuite.make() with cameras at 84x84
2026-08-09 04:04:31,679 | INFO | Configured cameras: ['robot0_eye_in_hand']
2026-08-09 04:04:32,623 | INFO | Video key: agentview
2026-08-09 04:04:32,624 | INFO | Using image observation keys: ['robot0_eye_in_hand']
[robosuite INFO] Loading controller configuration from: /mnt/data/users/haoyu/workspace/code/fpo-control/manipulation_experiments/thirdparty/robosuite/robosuite/controllers/config/robots/default_panda.json (composite_controller_factory.py:121)
2026-08-09 04:04:32,624 | INFO | Loading controller configuration from: /mnt/data/users/haoyu/workspace/code/fpo-control/manipulation_experiments/thirdparty/robosuite/robosuite/controllers/config/robots/default_panda.json
2026-08-09 04:04:33,022 | INFO | Successfully created PickPlaceCan environment via robosuite.make() with cameras at 84x84
2026-08-09 04:04:33,022 | INFO | Configured cameras: ['robot0_eye_in_hand']
2026-08-09 04:04:33,023 | INFO | Successfully created PickPlaceCan environment via robosuite.make() with cameras at 84x84
2026-08-09 04:04:33,023 | INFO | Configured cameras: ['robot0_eye_in_hand']
2026-08-09 04:04:33,094 | INFO | Successfully created PickPlaceCan environment via robosuite.make() with cameras at 84x84
2026-08-09 04:04:33,094 | INFO | Configured cameras: ['robot0_eye_in_hand']
2026-08-09 04:04:33,102 | INFO | Video key: agentview
2026-08-09 04:04:33,102 | INFO | Using image observation keys: ['robot0_eye_in_hand']
[robosuite INFO] Loading controller configuration from: /mnt/data/users/haoyu/workspace/code/fpo-control/manipulation_experiments/thirdparty/robosuite/robosuite/controllers/config/robots/default_panda.json (composite_controller_factory.py:121)
2026-08-09 04:04:33,102 | INFO | Loading controller configuration from: /mnt/data/users/haoyu/workspace/code/fpo-control/manipulation_experiments/thirdparty/robosuite/robosuite/controllers/config/robots/default_panda.json
2026-08-09 04:04:33,102 | INFO | Video key: agentview
2026-08-09 04:04:33,102 | INFO | Using image observation keys: ['robot0_eye_in_hand']
[robosuite INFO] Loading controller configuration from: /mnt/data/users/haoyu/workspace/code/fpo-control/manipulation_experiments/thirdparty/robosuite/robosuite/controllers/config/robots/default_panda.json (composite_controller_factory.py:121)
2026-08-09 04:04:33,102 | INFO | Loading controller configuration from: /mnt/data/users/haoyu/workspace/code/fpo-control/manipulation_experiments/thirdparty/robosuite/robosuite/controllers/config/robots/default_panda.json
2026-08-09 04:04:33,150 | INFO | Video key: agentview
2026-08-09 04:04:33,150 | INFO | Using image observation keys: ['robot0_eye_in_hand']
[robosuite INFO] Loading controller configuration from: /mnt/data/users/haoyu/workspace/code/fpo-control/manipulation_experiments/thirdparty/robosuite/robosuite/controllers/config/robots/default_panda.json (composite_controller_factory.py:121)
2026-08-09 04:04:33,150 | INFO | Loading controller configuration from: /mnt/data/users/haoyu/workspace/code/fpo-control/manipulation_experiments/thirdparty/robosuite/robosuite/controllers/config/robots/default_panda.json
2026-08-09 04:04:33,158 | INFO | Video key: agentview
2026-08-09 04:04:33,158 | INFO | Using image observation keys: ['robot0_eye_in_hand']
[robosuite INFO] Loading controller configuration from: /mnt/data/users/haoyu/workspace/code/fpo-control/manipulation_experiments/thirdparty/robosuite/robosuite/controllers/config/robots/default_panda.json (composite_controller_factory.py:121)
2026-08-09 04:04:33,159 | INFO | Loading controller configuration from: /mnt/data/users/haoyu/workspace/code/fpo-control/manipulation_experiments/thirdparty/robosuite/robosuite/controllers/config/robots/default_panda.json
2026-08-09 04:04:33,320 | INFO | Video key: agentview
2026-08-09 04:04:33,320 | INFO | Using image observation keys: ['robot0_eye_in_hand']
[robosuite INFO] Loading controller configuration from: /mnt/data/users/haoyu/workspace/code/fpo-control/manipulation_experiments/thirdparty/robosuite/robosuite/controllers/config/robots/default_panda.json (composite_controller_factory.py:121)
2026-08-09 04:04:33,320 | INFO | Loading controller configuration from: /mnt/data/users/haoyu/workspace/code/fpo-control/manipulation_experiments/thirdparty/robosuite/robosuite/controllers/config/robots/default_panda.json
2026-08-09 04:04:33,328 | INFO | Video key: agentview
2026-08-09 04:04:33,328 | INFO | Using image observation keys: ['robot0_eye_in_hand']
[robosuite INFO] Loading controller configuration from: /mnt/data/users/haoyu/workspace/code/fpo-control/manipulation_experiments/thirdparty/robosuite/robosuite/controllers/config/robots/default_panda.json (composite_controller_factory.py:121)
2026-08-09 04:04:33,328 | INFO | Loading controller configuration from: /mnt/data/users/haoyu/workspace/code/fpo-control/manipulation_experiments/thirdparty/robosuite/robosuite/controllers/config/robots/default_panda.json
2026-08-09 04:04:33,332 | INFO | Video key: agentview
2026-08-09 04:04:33,332 | INFO | Using image observation keys: ['robot0_eye_in_hand']
[robosuite INFO] Loading controller configuration from: /mnt/data/users/haoyu/workspace/code/fpo-control/manipulation_experiments/thirdparty/robosuite/robosuite/controllers/config/robots/default_panda.json (composite_controller_factory.py:121)
2026-08-09 04:04:33,332 | INFO | Loading controller configuration from: /mnt/data/users/haoyu/workspace/code/fpo-control/manipulation_experiments/thirdparty/robosuite/robosuite/controllers/config/robots/default_panda.json
2026-08-09 04:04:33,345 | INFO | Video key: agentview
2026-08-09 04:04:33,345 | INFO | Using image observation keys: ['robot0_eye_in_hand']
[robosuite INFO] Loading controller configuration from: /mnt/data/users/haoyu/workspace/code/fpo-control/manipulation_experiments/thirdparty/robosuite/robosuite/controllers/config/robots/default_panda.json (composite_controller_factory.py:121)
2026-08-09 04:04:33,345 | INFO | Loading controller configuration from: /mnt/data/users/haoyu/workspace/code/fpo-control/manipulation_experiments/thirdparty/robosuite/robosuite/controllers/config/robots/default_panda.json
2026-08-09 04:04:33,347 | INFO | Video key: agentview
2026-08-09 04:04:33,347 | INFO | Using image observation keys: ['robot0_eye_in_hand']
[robosuite INFO] Loading controller configuration from: /mnt/data/users/haoyu/workspace/code/fpo-control/manipulation_experiments/thirdparty/robosuite/robosuite/controllers/config/robots/default_panda.json (composite_controller_factory.py:121)
2026-08-09 04:04:33,347 | INFO | Loading controller configuration from: /mnt/data/users/haoyu/workspace/code/fpo-control/manipulation_experiments/thirdparty/robosuite/robosuite/controllers/config/robots/default_panda.json
2026-08-09 04:04:33,364 | INFO | Video key: agentview
2026-08-09 04:04:33,364 | INFO | Using image observation keys: ['robot0_eye_in_hand']
[robosuite INFO] Loading controller configuration from: /mnt/data/users/haoyu/workspace/code/fpo-control/manipulation_experiments/thirdparty/robosuite/robosuite/controllers/config/robots/default_panda.json (composite_controller_factory.py:121)
2026-08-09 04:04:33,365 | INFO | Loading controller configuration from: /mnt/data/users/haoyu/workspace/code/fpo-control/manipulation_experiments/thirdparty/robosuite/robosuite/controllers/config/robots/default_panda.json
2026-08-09 04:04:34,419 | INFO | Successfully created PickPlaceCan environment via robosuite.make() with cameras at 84x84
2026-08-09 04:04:34,419 | INFO | Configured cameras: ['robot0_eye_in_hand']
2026-08-09 04:04:34,860 | INFO | Successfully created PickPlaceCan environment via robosuite.make() with cameras at 84x84
2026-08-09 04:04:34,860 | INFO | Configured cameras: ['robot0_eye_in_hand']
2026-08-09 04:04:34,960 | INFO | Successfully created PickPlaceCan environment via robosuite.make() with cameras at 84x84
2026-08-09 04:04:34,960 | INFO | Configured cameras: ['robot0_eye_in_hand']
2026-08-09 04:04:34,960 | INFO | Successfully created PickPlaceCan environment via robosuite.make() with cameras at 84x84
2026-08-09 04:04:34,960 | INFO | Configured cameras: ['robot0_eye_in_hand']
2026-08-09 04:04:35,042 | INFO | Successfully created PickPlaceCan environment via robosuite.make() with cameras at 84x84
2026-08-09 04:04:35,042 | INFO | Configured cameras: ['robot0_eye_in_hand']
2026-08-09 04:04:35,091 | INFO | Successfully created PickPlaceCan environment via robosuite.make() with cameras at 84x84
2026-08-09 04:04:35,092 | INFO | Configured cameras: ['robot0_eye_in_hand']
2026-08-09 04:04:35,101 | INFO | Successfully created PickPlaceCan environment via robosuite.make() with cameras at 84x84
2026-08-09 04:04:35,101 | INFO | Configured cameras: ['robot0_eye_in_hand']
2026-08-09 04:04:35,101 | INFO | Successfully created PickPlaceCan environment via robosuite.make() with cameras at 84x84
2026-08-09 04:04:35,101 | INFO | Configured cameras: ['robot0_eye_in_hand']
2026-08-09 04:04:35,108 | INFO | Successfully created PickPlaceCan environment via robosuite.make() with cameras at 84x84
2026-08-09 04:04:35,108 | INFO | Configured cameras: ['robot0_eye_in_hand']
2026-08-09 04:04:35,145 | INFO | Successfully created PickPlaceCan environment via robosuite.make() with cameras at 84x84
2026-08-09 04:04:35,145 | INFO | Configured cameras: ['robot0_eye_in_hand']
2026-08-09 04:04:35,165 | INFO | Successfully created PickPlaceCan environment via robosuite.make() with cameras at 84x84
2026-08-09 04:04:35,166 | INFO | Configured cameras: ['robot0_eye_in_hand']
2026-08-09 04:04:36,353 | INFO | Created 16 vectorized Can environments
2026-08-09 04:04:36,354 | INFO | Set video key to 'agentview' for video recording
2026-08-09 04:04:36,357 | INFO | ================================================================================
2026-08-09 04:04:36,357 | INFO | Starting Evaluation
2026-08-09 04:04:36,357 | INFO | ================================================================================
2026-08-09 04:04:36,358 | INFO | Running rollouts with environment: Can
2026-08-09 04:04:36,358 | INFO | Starting evaluation: 20 episodes using 16 parallel environments
2026-08-09 04:04:37,394 | INFO | Created observation keys: ['observation.state', 'observation.images.robot0_eye_in_hand']
2026-08-09 04:04:37,402 | INFO | Created observation keys: ['observation.state', 'observation.images.robot0_eye_in_hand']
2026-08-09 04:04:37,404 | INFO | Created observation keys: ['observation.state', 'observation.images.robot0_eye_in_hand']
2026-08-09 04:04:37,408 | INFO | Created observation keys: ['observation.state', 'observation.images.robot0_eye_in_hand']
2026-08-09 04:04:37,411 | INFO | Created observation keys: ['observation.state', 'observation.images.robot0_eye_in_hand']
2026-08-09 04:04:37,424 | INFO | Created observation keys: ['observation.state', 'observation.images.robot0_eye_in_hand']
2026-08-09 04:04:37,424 | INFO | Created observation keys: ['observation.state', 'observation.images.robot0_eye_in_hand']
2026-08-09 04:04:37,428 | INFO | Created observation keys: ['observation.state', 'observation.images.robot0_eye_in_hand']
2026-08-09 04:04:37,434 | INFO | Created observation keys: ['observation.state', 'observation.images.robot0_eye_in_hand']
2026-08-09 04:04:37,449 | INFO | Created observation keys: ['observation.state', 'observation.images.robot0_eye_in_hand']
2026-08-09 04:04:37,471 | INFO | Created observation keys: ['observation.state', 'observation.images.robot0_eye_in_hand']
2026-08-09 04:04:37,486 | INFO | Created observation keys: ['observation.state', 'observation.images.robot0_eye_in_hand']
2026-08-09 04:04:37,501 | INFO | Created observation keys: ['observation.state', 'observation.images.robot0_eye_in_hand']
2026-08-09 04:04:37,509 | INFO | Created observation keys: ['observation.state', 'observation.images.robot0_eye_in_hand']
2026-08-09 04:04:37,541 | INFO | Created observation keys: ['observation.state', 'observation.images.robot0_eye_in_hand']
2026-08-09 04:04:37,641 | INFO | Created observation keys: ['observation.state', 'observation.images.robot0_eye_in_hand']
/home/haoyu/workspace/code/fpo-control/manipulation_experiments/thirdparty/miniconda3/envs/fpo_manipulation/lib/python3.10/contextlib.py:103: FutureWarning: `torch.backends.cuda.sdp_kernel()` is deprecated. In the future, this context manager will be removed. Please see `torch.nn.attention.sdpa_kernel()` for the new context manager, with updated signature.
  self.gen = func(*args, **kwds)
2026-08-09 04:04:53,142 | INFO | Total steps: 2000, done episodes: 0, successes: 0, FPS: 119.2
2026-08-09 04:05:12,666 | INFO | Total steps: 4000, done episodes: 7, successes: 7, FPS: 110.2
2026-08-09 04:05:28,007 | INFO | Total steps: 6000, done episodes: 17, successes: 9, FPS: 116.2
2026-08-09 04:05:35,002 | INFO | Evaluation completed: 20 episodes, 12 successes (60.0%) for task **Can**
2026-08-09 04:05:35,002 | INFO | Success stats across environments: mean=0.50 +/- 0.50
2026-08-09 04:05:35,002 | INFO | Average return: 0.600 +/- 0.490
2026-08-09 04:05:35,002 | INFO | Average episode length: 230.9 +/- 61.2
2026-08-09 04:05:35,002 | INFO | Performance: 6624 total steps in 58.6s
2026-08-09 04:05:35,002 | INFO | Average FPS: 113.0 frames/sec | Episodes/sec: 0.34
2026-08-09 04:05:35,002 | INFO | ================================================================================
2026-08-09 04:05:35,002 | INFO | Evaluation Summary
2026-08-09 04:05:35,002 | INFO | ================================================================================
2026-08-09 04:05:35,002 | INFO | Environment: Can
2026-08-09 04:05:35,002 | INFO | Checkpoint: latest
2026-08-09 04:05:35,002 | INFO | Episodes: 20
2026-08-09 04:05:35,002 | INFO | Success Rate: 60.00% +/- 50.00%
2026-08-09 04:05:35,002 | INFO | Average Return: 0.600 +/- 0.490
2026-08-09 04:05:35,002 | INFO | FPS: 113.0
2026-08-09 04:05:35,002 | INFO | ================================================================================
2026-08-09 04:05:35,003 | INFO | Summary saved to: /home/haoyu/workspace/outputs/fpo-control/results/can_step6000_wiseft_screen_seed20260823_midpoint_random/eval_summary_Can_latest_zero_sampling_False.txt
render_gpu_device_id: 1
render_gpu_device_id: 1
render_gpu_device_id: 1
render_gpu_device_id: 1
render_gpu_device_id: 1
render_gpu_device_id: 1
render_gpu_device_id: 1
render_gpu_device_id: 1
render_gpu_device_id: 1
render_gpu_device_id: 1
render_gpu_device_id: 1
render_gpu_device_id: 1
render_gpu_device_id: 1
render_gpu_device_id: 1
render_gpu_device_id: 1
render_gpu_device_id: 1
2026-08-09 04:05:38,043 | INFO | Evaluation completed successfully!
