[robosuite WARNING] No private macro file found! (macros.py:57)
[robosuite WARNING] It is recommended to use a private macro file (macros.py:58)
[robosuite WARNING] To setup, run: python /mnt/data/users/haoyu/workspace/code/fpo-control/manipulation_experiments/thirdparty/robosuite/robosuite/scripts/setup_macros.py (macros.py:59)
[robosuite WARNING] Could not import robosuite_models. Some robots may not be available. If you want to use these robots, please install robosuite_models from source (https://github.com/ARISE-Initiative/robosuite_models) or through pip install. (__init__.py:30)
2026-08-09 14:38:30,623 | INFO | Loading policy from downloaded_checkpoints/95j3noe4_step_1000/policy...
2026-08-09 14:38:30,623 | INFO | Loading config from downloaded_checkpoints/95j3noe4_step_1000/policy/config.json...
2026-08-09 14:38:30,624 | INFO | Image features: ['observation.images.robot0_eye_in_hand']
2026-08-09 14:38:30,624 | INFO | State features: ['observation.state']
2026-08-09 14:38:30,624 | INFO | Constructing FlowMatchingPolicy from config...
2026-08-09 14:38:30,768 | INFO | Loading model weights from downloaded_checkpoints/95j3noe4_step_1000/policy/model.safetensors...
2026-08-09 14:38:31,238 | INFO | Loaded and applied EMA weights from checkpoint
2026-08-09 14:38:31,239 | INFO | Policy loaded successfully
2026-08-09 14:38:31,239 | INFO | Policy config: horizon=16, n_action_steps=8, sampling_steps=10
2026-08-09 14:38:31,247 | INFO | phase=8 environments=20
2026-08-09 14:38:31,247 | INFO | Production mode: using gymnasium.vector.AsyncVectorEnv
2026-08-09 14:38:31,247 | INFO | Video key: agentview
2026-08-09 14:38:31,247 | INFO | Using image observation keys: ['robot0_eye_in_hand']
[robosuite INFO] Loading controller configuration from: /mnt/data/users/haoyu/workspace/code/fpo-control/manipulation_experiments/thirdparty/robosuite/robosuite/controllers/config/robots/default_panda.json (composite_controller_factory.py:121)
2026-08-09 14:38:31,247 | INFO | Loading controller configuration from: /mnt/data/users/haoyu/workspace/code/fpo-control/manipulation_experiments/thirdparty/robosuite/robosuite/controllers/config/robots/default_panda.json
2026-08-09 14:38:33,057 | INFO | Successfully created PickPlaceCan environment via robosuite.make() with cameras at 84x84
2026-08-09 14:38:33,057 | INFO | Configured cameras: ['robot0_eye_in_hand']
[ViT Init] Inferred image size from dataset: 84x84
num_visible_gpus: 1 [1] render_override: None
render_gpu_device_id: 1
[robosuite WARNING] No private macro file found! (macros.py:57)
[robosuite WARNING] It is recommended to use a private macro file (macros.py:58)
[robosuite WARNING] To setup, run: python /mnt/data/users/haoyu/workspace/code/fpo-control/manipulation_experiments/thirdparty/robosuite/robosuite/scripts/setup_macros.py (macros.py:59)
[robosuite WARNING] No private macro file found! (macros.py:57)
[robosuite WARNING] It is recommended to use a private macro file (macros.py:58)
[robosuite WARNING] To setup, run: python /mnt/data/users/haoyu/workspace/code/fpo-control/manipulation_experiments/thirdparty/robosuite/robosuite/scripts/setup_macros.py (macros.py:59)
[robosuite WARNING] No private macro file found! (macros.py:57)
[robosuite WARNING] It is recommended to use a private macro file (macros.py:58)
[robosuite WARNING] To setup, run: python /mnt/data/users/haoyu/workspace/code/fpo-control/manipulation_experiments/thirdparty/robosuite/robosuite/scripts/setup_macros.py (macros.py:59)
[robosuite WARNING] No private macro file found! (macros.py:57)
[robosuite WARNING] It is recommended to use a private macro file (macros.py:58)
[robosuite WARNING] To setup, run: python /mnt/data/users/haoyu/workspace/code/fpo-control/manipulation_experiments/thirdparty/robosuite/robosuite/scripts/setup_macros.py (macros.py:59)
[robosuite WARNING] No private macro file found! (macros.py:57)
[robosuite WARNING] It is recommended to use a private macro file (macros.py:58)
[robosuite WARNING] To setup, run: python /mnt/data/users/haoyu/workspace/code/fpo-control/manipulation_experiments/thirdparty/robosuite/robosuite/scripts/setup_macros.py (macros.py:59)
[robosuite WARNING] No private macro file found! (macros.py:57)
[robosuite WARNING] It is recommended to use a private macro file (macros.py:58)
[robosuite WARNING] To setup, run: python /mnt/data/users/haoyu/workspace/code/fpo-control/manipulation_experiments/thirdparty/robosuite/robosuite/scripts/setup_macros.py (macros.py:59)
[robosuite WARNING] No private macro file found! (macros.py:57)
[robosuite WARNING] It is recommended to use a private macro file (macros.py:58)
[robosuite WARNING] To setup, run: python /mnt/data/users/haoyu/workspace/code/fpo-control/manipulation_experiments/thirdparty/robosuite/robosuite/scripts/setup_macros.py (macros.py:59)
[robosuite WARNING] No private macro file found! (macros.py:57)
[robosuite WARNING] It is recommended to use a private macro file (macros.py:58)
[robosuite WARNING] To setup, run: python /mnt/data/users/haoyu/workspace/code/fpo-control/manipulation_experiments/thirdparty/robosuite/robosuite/scripts/setup_macros.py (macros.py:59)
[robosuite WARNING] No private macro file found! (macros.py:57)
[robosuite WARNING] It is recommended to use a private macro file (macros.py:58)
[robosuite WARNING] To setup, run: python /mnt/data/users/haoyu/workspace/code/fpo-control/manipulation_experiments/thirdparty/robosuite/robosuite/scripts/setup_macros.py (macros.py:59)
[robosuite WARNING] No private macro file found! (macros.py:57)
[robosuite WARNING] No private macro file found! (macros.py:57)
[robosuite WARNING] It is recommended to use a private macro file (macros.py:58)
[robosuite WARNING] It is recommended to use a private macro file (macros.py:58)
[robosuite WARNING] To setup, run: python /mnt/data/users/haoyu/workspace/code/fpo-control/manipulation_experiments/thirdparty/robosuite/robosuite/scripts/setup_macros.py (macros.py:59)
[robosuite WARNING] To setup, run: python /mnt/data/users/haoyu/workspace/code/fpo-control/manipulation_experiments/thirdparty/robosuite/robosuite/scripts/setup_macros.py (macros.py:59)
[robosuite WARNING] No private macro file found! (macros.py:57)
[robosuite WARNING] It is recommended to use a private macro file (macros.py:58)
[robosuite WARNING] To setup, run: python /mnt/data/users/haoyu/workspace/code/fpo-control/manipulation_experiments/thirdparty/robosuite/robosuite/scripts/setup_macros.py (macros.py:59)
[robosuite WARNING] No private macro file found! (macros.py:57)
[robosuite WARNING] It is recommended to use a private macro file (macros.py:58)
[robosuite WARNING] To setup, run: python /mnt/data/users/haoyu/workspace/code/fpo-control/manipulation_experiments/thirdparty/robosuite/robosuite/scripts/setup_macros.py (macros.py:59)
[robosuite WARNING] No private macro file found! (macros.py:57)
[robosuite WARNING] It is recommended to use a private macro file (macros.py:58)
[robosuite WARNING] To setup, run: python /mnt/data/users/haoyu/workspace/code/fpo-control/manipulation_experiments/thirdparty/robosuite/robosuite/scripts/setup_macros.py (macros.py:59)
[robosuite WARNING] Could not import robosuite_models. Some robots may not be available. If you want to use these robots, please install robosuite_models from source (https://github.com/ARISE-Initiative/robosuite_models) or through pip install. (__init__.py:30)
[robosuite WARNING] No private macro file found! (macros.py:57)
[robosuite WARNING] It is recommended to use a private macro file (macros.py:58)
[robosuite WARNING] To setup, run: python /mnt/data/users/haoyu/workspace/code/fpo-control/manipulation_experiments/thirdparty/robosuite/robosuite/scripts/setup_macros.py (macros.py:59)
[robosuite WARNING] Could not import robosuite_models. Some robots may not be available. If you want to use these robots, please install robosuite_models from source (https://github.com/ARISE-Initiative/robosuite_models) or through pip install. (__init__.py:30)
[robosuite WARNING] Could not import robosuite_models. Some robots may not be available. If you want to use these robots, please install robosuite_models from source (https://github.com/ARISE-Initiative/robosuite_models) or through pip install. (__init__.py:30)
[robosuite WARNING] No private macro file found! (macros.py:57)
[robosuite WARNING] It is recommended to use a private macro file (macros.py:58)
[robosuite WARNING] To setup, run: python /mnt/data/users/haoyu/workspace/code/fpo-control/manipulation_experiments/thirdparty/robosuite/robosuite/scripts/setup_macros.py (macros.py:59)
[robosuite WARNING] No private macro file found! (macros.py:57)
[robosuite WARNING] It is recommended to use a private macro file (macros.py:58)
[robosuite WARNING] To setup, run: python /mnt/data/users/haoyu/workspace/code/fpo-control/manipulation_experiments/thirdparty/robosuite/robosuite/scripts/setup_macros.py (macros.py:59)
[robosuite WARNING] Could not import robosuite_models. Some robots may not be available. If you want to use these robots, please install robosuite_models from source (https://github.com/ARISE-Initiative/robosuite_models) or through pip install. (__init__.py:30)
[robosuite WARNING] Could not import robosuite_models. Some robots may not be available. If you want to use these robots, please install robosuite_models from source (https://github.com/ARISE-Initiative/robosuite_models) or through pip install. (__init__.py:30)
[robosuite WARNING] Could not import robosuite_models. Some robots may not be available. If you want to use these robots, please install robosuite_models from source (https://github.com/ARISE-Initiative/robosuite_models) or through pip install. (__init__.py:30)
[robosuite WARNING] Could not import robosuite_models. Some robots may not be available. If you want to use these robots, please install robosuite_models from source (https://github.com/ARISE-Initiative/robosuite_models) or through pip install. (__init__.py:30)
[robosuite WARNING] Could not import robosuite_models. Some robots may not be available. If you want to use these robots, please install robosuite_models from source (https://github.com/ARISE-Initiative/robosuite_models) or through pip install. (__init__.py:30)
[robosuite WARNING] Could not import robosuite_models. Some robots may not be available. If you want to use these robots, please install robosuite_models from source (https://github.com/ARISE-Initiative/robosuite_models) or through pip install. (__init__.py:30)
[robosuite WARNING] Could not import robosuite_models. Some robots may not be available. If you want to use these robots, please install robosuite_models from source (https://github.com/ARISE-Initiative/robosuite_models) or through pip install. (__init__.py:30)
[robosuite WARNING] Could not import robosuite_models. Some robots may not be available. If you want to use these robots, please install robosuite_models from source (https://github.com/ARISE-Initiative/robosuite_models) or through pip install. (__init__.py:30)
[robosuite WARNING] Could not import robosuite_models. Some robots may not be available. If you want to use these robots, please install robosuite_models from source (https://github.com/ARISE-Initiative/robosuite_models) or through pip install. (__init__.py:30)
[robosuite WARNING] Could not import robosuite_models. Some robots may not be available. If you want to use these robots, please install robosuite_models from source (https://github.com/ARISE-Initiative/robosuite_models) or through pip install. (__init__.py:30)
[robosuite WARNING] Could not import robosuite_models. Some robots may not be available. If you want to use these robots, please install robosuite_models from source (https://github.com/ARISE-Initiative/robosuite_models) or through pip install. (__init__.py:30)
[robosuite WARNING] Could not import robosuite_models. Some robots may not be available. If you want to use these robots, please install robosuite_models from source (https://github.com/ARISE-Initiative/robosuite_models) or through pip install. (__init__.py:30)
[robosuite WARNING] No private macro file found! (macros.py:57)
[robosuite WARNING] It is recommended to use a private macro file (macros.py:58)
[robosuite WARNING] To setup, run: python /mnt/data/users/haoyu/workspace/code/fpo-control/manipulation_experiments/thirdparty/robosuite/robosuite/scripts/setup_macros.py (macros.py:59)
[robosuite WARNING] Could not import robosuite_models. Some robots may not be available. If you want to use these robots, please install robosuite_models from source (https://github.com/ARISE-Initiative/robosuite_models) or through pip install. (__init__.py:30)
[robosuite WARNING] Could not import robosuite_models. Some robots may not be available. If you want to use these robots, please install robosuite_models from source (https://github.com/ARISE-Initiative/robosuite_models) or through pip install. (__init__.py:30)
[robosuite WARNING] No private macro file found! (macros.py:57)
[robosuite WARNING] It is recommended to use a private macro file (macros.py:58)
[robosuite WARNING] To setup, run: python /mnt/data/users/haoyu/workspace/code/fpo-control/manipulation_experiments/thirdparty/robosuite/robosuite/scripts/setup_macros.py (macros.py:59)
[robosuite WARNING] No private macro file found! (macros.py:57)
[robosuite WARNING] It is recommended to use a private macro file (macros.py:58)
[robosuite WARNING] To setup, run: python /mnt/data/users/haoyu/workspace/code/fpo-control/manipulation_experiments/thirdparty/robosuite/robosuite/scripts/setup_macros.py (macros.py:59)
[robosuite WARNING] Could not import robosuite_models. Some robots may not be available. If you want to use these robots, please install robosuite_models from source (https://github.com/ARISE-Initiative/robosuite_models) or through pip install. (__init__.py:30)
[robosuite WARNING] Could not import robosuite_models. Some robots may not be available. If you want to use these robots, please install robosuite_models from source (https://github.com/ARISE-Initiative/robosuite_models) or through pip install. (__init__.py:30)
[robosuite WARNING] Could not import robosuite_models. Some robots may not be available. If you want to use these robots, please install robosuite_models from source (https://github.com/ARISE-Initiative/robosuite_models) or through pip install. (__init__.py:30)
2026-08-09 14:38:42,449 | INFO | Video key: agentview
2026-08-09 14:38:42,449 | INFO | Using image observation keys: ['robot0_eye_in_hand']
[robosuite INFO] Loading controller configuration from: /mnt/data/users/haoyu/workspace/code/fpo-control/manipulation_experiments/thirdparty/robosuite/robosuite/controllers/config/robots/default_panda.json (composite_controller_factory.py:121)
2026-08-09 14:38:42,450 | INFO | Loading controller configuration from: /mnt/data/users/haoyu/workspace/code/fpo-control/manipulation_experiments/thirdparty/robosuite/robosuite/controllers/config/robots/default_panda.json
2026-08-09 14:38:43,300 | INFO | Video key: agentview
2026-08-09 14:38:43,300 | INFO | Using image observation keys: ['robot0_eye_in_hand']
[robosuite INFO] Loading controller configuration from: /mnt/data/users/haoyu/workspace/code/fpo-control/manipulation_experiments/thirdparty/robosuite/robosuite/controllers/config/robots/default_panda.json (composite_controller_factory.py:121)
2026-08-09 14:38:43,300 | INFO | Loading controller configuration from: /mnt/data/users/haoyu/workspace/code/fpo-control/manipulation_experiments/thirdparty/robosuite/robosuite/controllers/config/robots/default_panda.json
2026-08-09 14:38:43,326 | INFO | Video key: agentview
2026-08-09 14:38:43,326 | INFO | Using image observation keys: ['robot0_eye_in_hand']
[robosuite INFO] Loading controller configuration from: /mnt/data/users/haoyu/workspace/code/fpo-control/manipulation_experiments/thirdparty/robosuite/robosuite/controllers/config/robots/default_panda.json (composite_controller_factory.py:121)
2026-08-09 14:38:43,327 | INFO | Loading controller configuration from: /mnt/data/users/haoyu/workspace/code/fpo-control/manipulation_experiments/thirdparty/robosuite/robosuite/controllers/config/robots/default_panda.json
2026-08-09 14:38:43,362 | INFO | Video key: agentview
2026-08-09 14:38:43,362 | INFO | Using image observation keys: ['robot0_eye_in_hand']
[robosuite INFO] Loading controller configuration from: /mnt/data/users/haoyu/workspace/code/fpo-control/manipulation_experiments/thirdparty/robosuite/robosuite/controllers/config/robots/default_panda.json (composite_controller_factory.py:121)
2026-08-09 14:38:43,362 | INFO | Loading controller configuration from: /mnt/data/users/haoyu/workspace/code/fpo-control/manipulation_experiments/thirdparty/robosuite/robosuite/controllers/config/robots/default_panda.json
2026-08-09 14:38:43,400 | INFO | Video key: agentview
2026-08-09 14:38:43,400 | INFO | Using image observation keys: ['robot0_eye_in_hand']
[robosuite INFO] Loading controller configuration from: /mnt/data/users/haoyu/workspace/code/fpo-control/manipulation_experiments/thirdparty/robosuite/robosuite/controllers/config/robots/default_panda.json (composite_controller_factory.py:121)
2026-08-09 14:38:43,400 | INFO | Loading controller configuration from: /mnt/data/users/haoyu/workspace/code/fpo-control/manipulation_experiments/thirdparty/robosuite/robosuite/controllers/config/robots/default_panda.json
2026-08-09 14:38:43,402 | INFO | Video key: agentview
2026-08-09 14:38:43,402 | INFO | Using image observation keys: ['robot0_eye_in_hand']
[robosuite INFO] Loading controller configuration from: /mnt/data/users/haoyu/workspace/code/fpo-control/manipulation_experiments/thirdparty/robosuite/robosuite/controllers/config/robots/default_panda.json (composite_controller_factory.py:121)
2026-08-09 14:38:43,402 | INFO | Loading controller configuration from: /mnt/data/users/haoyu/workspace/code/fpo-control/manipulation_experiments/thirdparty/robosuite/robosuite/controllers/config/robots/default_panda.json
2026-08-09 14:38:44,261 | INFO | Successfully created PickPlaceCan environment via robosuite.make() with cameras at 84x84
2026-08-09 14:38:44,261 | INFO | Configured cameras: ['robot0_eye_in_hand']
2026-08-09 14:38:44,637 | INFO | Video key: agentview
2026-08-09 14:38:44,637 | INFO | Using image observation keys: ['robot0_eye_in_hand']
[robosuite INFO] Loading controller configuration from: /mnt/data/users/haoyu/workspace/code/fpo-control/manipulation_experiments/thirdparty/robosuite/robosuite/controllers/config/robots/default_panda.json (composite_controller_factory.py:121)
2026-08-09 14:38:44,637 | INFO | Loading controller configuration from: /mnt/data/users/haoyu/workspace/code/fpo-control/manipulation_experiments/thirdparty/robosuite/robosuite/controllers/config/robots/default_panda.json
2026-08-09 14:38:44,719 | INFO | Video key: agentview
2026-08-09 14:38:44,719 | INFO | Using image observation keys: ['robot0_eye_in_hand']
[robosuite INFO] Loading controller configuration from: /mnt/data/users/haoyu/workspace/code/fpo-control/manipulation_experiments/thirdparty/robosuite/robosuite/controllers/config/robots/default_panda.json (composite_controller_factory.py:121)
2026-08-09 14:38:44,720 | INFO | Loading controller configuration from: /mnt/data/users/haoyu/workspace/code/fpo-control/manipulation_experiments/thirdparty/robosuite/robosuite/controllers/config/robots/default_panda.json
2026-08-09 14:38:44,745 | INFO | Video key: agentview
2026-08-09 14:38:44,745 | INFO | Using image observation keys: ['robot0_eye_in_hand']
[robosuite INFO] Loading controller configuration from: /mnt/data/users/haoyu/workspace/code/fpo-control/manipulation_experiments/thirdparty/robosuite/robosuite/controllers/config/robots/default_panda.json (composite_controller_factory.py:121)
2026-08-09 14:38:44,745 | INFO | Loading controller configuration from: /mnt/data/users/haoyu/workspace/code/fpo-control/manipulation_experiments/thirdparty/robosuite/robosuite/controllers/config/robots/default_panda.json
2026-08-09 14:38:44,771 | INFO | Video key: agentview
2026-08-09 14:38:44,771 | INFO | Using image observation keys: ['robot0_eye_in_hand']
[robosuite INFO] Loading controller configuration from: /mnt/data/users/haoyu/workspace/code/fpo-control/manipulation_experiments/thirdparty/robosuite/robosuite/controllers/config/robots/default_panda.json (composite_controller_factory.py:121)
2026-08-09 14:38:44,771 | INFO | Loading controller configuration from: /mnt/data/users/haoyu/workspace/code/fpo-control/manipulation_experiments/thirdparty/robosuite/robosuite/controllers/config/robots/default_panda.json
2026-08-09 14:38:44,811 | INFO | Video key: agentview
2026-08-09 14:38:44,811 | INFO | Using image observation keys: ['robot0_eye_in_hand']
[robosuite INFO] Loading controller configuration from: /mnt/data/users/haoyu/workspace/code/fpo-control/manipulation_experiments/thirdparty/robosuite/robosuite/controllers/config/robots/default_panda.json (composite_controller_factory.py:121)
2026-08-09 14:38:44,811 | INFO | Loading controller configuration from: /mnt/data/users/haoyu/workspace/code/fpo-control/manipulation_experiments/thirdparty/robosuite/robosuite/controllers/config/robots/default_panda.json
2026-08-09 14:38:44,847 | INFO | Video key: agentview
2026-08-09 14:38:44,847 | INFO | Using image observation keys: ['robot0_eye_in_hand']
[robosuite INFO] Loading controller configuration from: /mnt/data/users/haoyu/workspace/code/fpo-control/manipulation_experiments/thirdparty/robosuite/robosuite/controllers/config/robots/default_panda.json (composite_controller_factory.py:121)
2026-08-09 14:38:44,847 | INFO | Loading controller configuration from: /mnt/data/users/haoyu/workspace/code/fpo-control/manipulation_experiments/thirdparty/robosuite/robosuite/controllers/config/robots/default_panda.json
2026-08-09 14:38:44,868 | INFO | Video key: agentview
2026-08-09 14:38:44,868 | INFO | Using image observation keys: ['robot0_eye_in_hand']
[robosuite INFO] Loading controller configuration from: /mnt/data/users/haoyu/workspace/code/fpo-control/manipulation_experiments/thirdparty/robosuite/robosuite/controllers/config/robots/default_panda.json (composite_controller_factory.py:121)
2026-08-09 14:38:44,868 | INFO | Loading controller configuration from: /mnt/data/users/haoyu/workspace/code/fpo-control/manipulation_experiments/thirdparty/robosuite/robosuite/controllers/config/robots/default_panda.json
2026-08-09 14:38:44,893 | INFO | Video key: agentview
2026-08-09 14:38:44,893 | INFO | Using image observation keys: ['robot0_eye_in_hand']
[robosuite INFO] Loading controller configuration from: /mnt/data/users/haoyu/workspace/code/fpo-control/manipulation_experiments/thirdparty/robosuite/robosuite/controllers/config/robots/default_panda.json (composite_controller_factory.py:121)
2026-08-09 14:38:44,893 | INFO | Loading controller configuration from: /mnt/data/users/haoyu/workspace/code/fpo-control/manipulation_experiments/thirdparty/robosuite/robosuite/controllers/config/robots/default_panda.json
2026-08-09 14:38:44,997 | INFO | Video key: agentview
2026-08-09 14:38:44,997 | INFO | Using image observation keys: ['robot0_eye_in_hand']
[robosuite INFO] Loading controller configuration from: /mnt/data/users/haoyu/workspace/code/fpo-control/manipulation_experiments/thirdparty/robosuite/robosuite/controllers/config/robots/default_panda.json (composite_controller_factory.py:121)
2026-08-09 14:38:44,998 | INFO | Loading controller configuration from: /mnt/data/users/haoyu/workspace/code/fpo-control/manipulation_experiments/thirdparty/robosuite/robosuite/controllers/config/robots/default_panda.json
2026-08-09 14:38:45,082 | INFO | Successfully created PickPlaceCan environment via robosuite.make() with cameras at 84x84
2026-08-09 14:38:45,082 | INFO | Configured cameras: ['robot0_eye_in_hand']
2026-08-09 14:38:45,138 | INFO | Successfully created PickPlaceCan environment via robosuite.make() with cameras at 84x84
2026-08-09 14:38:45,138 | INFO | Configured cameras: ['robot0_eye_in_hand']
2026-08-09 14:38:45,144 | INFO | Video key: agentview
2026-08-09 14:38:45,144 | INFO | Using image observation keys: ['robot0_eye_in_hand']
[robosuite INFO] Loading controller configuration from: /mnt/data/users/haoyu/workspace/code/fpo-control/manipulation_experiments/thirdparty/robosuite/robosuite/controllers/config/robots/default_panda.json (composite_controller_factory.py:121)
2026-08-09 14:38:45,145 | INFO | Loading controller configuration from: /mnt/data/users/haoyu/workspace/code/fpo-control/manipulation_experiments/thirdparty/robosuite/robosuite/controllers/config/robots/default_panda.json
2026-08-09 14:38:45,198 | INFO | Successfully created PickPlaceCan environment via robosuite.make() with cameras at 84x84
2026-08-09 14:38:45,198 | INFO | Configured cameras: ['robot0_eye_in_hand']
2026-08-09 14:38:45,233 | INFO | Successfully created PickPlaceCan environment via robosuite.make() with cameras at 84x84
2026-08-09 14:38:45,233 | INFO | Configured cameras: ['robot0_eye_in_hand']
2026-08-09 14:38:45,240 | INFO | Video key: agentview
2026-08-09 14:38:45,240 | INFO | Using image observation keys: ['robot0_eye_in_hand']
[robosuite INFO] Loading controller configuration from: /mnt/data/users/haoyu/workspace/code/fpo-control/manipulation_experiments/thirdparty/robosuite/robosuite/controllers/config/robots/default_panda.json (composite_controller_factory.py:121)
2026-08-09 14:38:45,241 | INFO | Loading controller configuration from: /mnt/data/users/haoyu/workspace/code/fpo-control/manipulation_experiments/thirdparty/robosuite/robosuite/controllers/config/robots/default_panda.json
2026-08-09 14:38:45,245 | INFO | Successfully created PickPlaceCan environment via robosuite.make() with cameras at 84x84
2026-08-09 14:38:45,246 | INFO | Configured cameras: ['robot0_eye_in_hand']
2026-08-09 14:38:45,366 | INFO | Video key: agentview
2026-08-09 14:38:45,367 | INFO | Using image observation keys: ['robot0_eye_in_hand']
[robosuite INFO] Loading controller configuration from: /mnt/data/users/haoyu/workspace/code/fpo-control/manipulation_experiments/thirdparty/robosuite/robosuite/controllers/config/robots/default_panda.json (composite_controller_factory.py:121)
2026-08-09 14:38:45,367 | INFO | Loading controller configuration from: /mnt/data/users/haoyu/workspace/code/fpo-control/manipulation_experiments/thirdparty/robosuite/robosuite/controllers/config/robots/default_panda.json
2026-08-09 14:38:45,466 | INFO | Video key: agentview
2026-08-09 14:38:45,466 | INFO | Using image observation keys: ['robot0_eye_in_hand']
[robosuite INFO] Loading controller configuration from: /mnt/data/users/haoyu/workspace/code/fpo-control/manipulation_experiments/thirdparty/robosuite/robosuite/controllers/config/robots/default_panda.json (composite_controller_factory.py:121)
2026-08-09 14:38:45,466 | INFO | Loading controller configuration from: /mnt/data/users/haoyu/workspace/code/fpo-control/manipulation_experiments/thirdparty/robosuite/robosuite/controllers/config/robots/default_panda.json
2026-08-09 14:38:45,481 | INFO | Video key: agentview
2026-08-09 14:38:45,481 | INFO | Using image observation keys: ['robot0_eye_in_hand']
[robosuite INFO] Loading controller configuration from: /mnt/data/users/haoyu/workspace/code/fpo-control/manipulation_experiments/thirdparty/robosuite/robosuite/controllers/config/robots/default_panda.json (composite_controller_factory.py:121)
2026-08-09 14:38:45,486 | INFO | Loading controller configuration from: /mnt/data/users/haoyu/workspace/code/fpo-control/manipulation_experiments/thirdparty/robosuite/robosuite/controllers/config/robots/default_panda.json
2026-08-09 14:38:46,426 | INFO | Successfully created PickPlaceCan environment via robosuite.make() with cameras at 84x84
2026-08-09 14:38:46,426 | INFO | Configured cameras: ['robot0_eye_in_hand']
2026-08-09 14:38:46,498 | INFO | Successfully created PickPlaceCan environment via robosuite.make() with cameras at 84x84
2026-08-09 14:38:46,498 | INFO | Configured cameras: ['robot0_eye_in_hand']
2026-08-09 14:38:46,515 | INFO | Successfully created PickPlaceCan environment via robosuite.make() with cameras at 84x84
2026-08-09 14:38:46,516 | INFO | Configured cameras: ['robot0_eye_in_hand']
2026-08-09 14:38:46,549 | INFO | Successfully created PickPlaceCan environment via robosuite.make() with cameras at 84x84
2026-08-09 14:38:46,550 | INFO | Configured cameras: ['robot0_eye_in_hand']
2026-08-09 14:38:46,638 | INFO | Successfully created PickPlaceCan environment via robosuite.make() with cameras at 84x84
2026-08-09 14:38:46,638 | INFO | Configured cameras: ['robot0_eye_in_hand']
2026-08-09 14:38:46,663 | INFO | Successfully created PickPlaceCan environment via robosuite.make() with cameras at 84x84
2026-08-09 14:38:46,663 | INFO | Configured cameras: ['robot0_eye_in_hand']
2026-08-09 14:38:46,687 | INFO | Successfully created PickPlaceCan environment via robosuite.make() with cameras at 84x84
2026-08-09 14:38:46,687 | INFO | Configured cameras: ['robot0_eye_in_hand']
2026-08-09 14:38:46,725 | INFO | Successfully created PickPlaceCan environment via robosuite.make() with cameras at 84x84
2026-08-09 14:38:46,725 | INFO | Configured cameras: ['robot0_eye_in_hand']
2026-08-09 14:38:46,894 | INFO | Successfully created PickPlaceCan environment via robosuite.make() with cameras at 84x84
2026-08-09 14:38:46,894 | INFO | Configured cameras: ['robot0_eye_in_hand']
2026-08-09 14:38:46,971 | INFO | Successfully created PickPlaceCan environment via robosuite.make() with cameras at 84x84
2026-08-09 14:38:46,971 | INFO | Configured cameras: ['robot0_eye_in_hand']
2026-08-09 14:38:47,027 | INFO | Successfully created PickPlaceCan environment via robosuite.make() with cameras at 84x84
2026-08-09 14:38:47,027 | INFO | Configured cameras: ['robot0_eye_in_hand']
2026-08-09 14:38:47,184 | INFO | Successfully created PickPlaceCan environment via robosuite.make() with cameras at 84x84
2026-08-09 14:38:47,184 | INFO | Configured cameras: ['robot0_eye_in_hand']
2026-08-09 14:38:47,277 | INFO | Successfully created PickPlaceCan environment via robosuite.make() with cameras at 84x84
2026-08-09 14:38:47,278 | INFO | Configured cameras: ['robot0_eye_in_hand']
2026-08-09 14:38:47,286 | INFO | Successfully created PickPlaceCan environment via robosuite.make() with cameras at 84x84
2026-08-09 14:38:47,286 | INFO | Configured cameras: ['robot0_eye_in_hand']
2026-08-09 14:38:48,419 | INFO | Created 20 vectorized Can environments
2026-08-09 14:38:48,419 | INFO | Set video key to 'agentview' for video recording
2026-08-09 14:38:49,468 | INFO | Created observation keys: ['observation.state', 'observation.images.robot0_eye_in_hand']
2026-08-09 14:38:49,485 | INFO | Created observation keys: ['observation.state', 'observation.images.robot0_eye_in_hand']
2026-08-09 14:38:49,494 | INFO | Created observation keys: ['observation.state', 'observation.images.robot0_eye_in_hand']
2026-08-09 14:38:49,508 | INFO | Created observation keys: ['observation.state', 'observation.images.robot0_eye_in_hand']
2026-08-09 14:38:49,511 | INFO | Created observation keys: ['observation.state', 'observation.images.robot0_eye_in_hand']
2026-08-09 14:38:49,517 | INFO | Created observation keys: ['observation.state', 'observation.images.robot0_eye_in_hand']
2026-08-09 14:38:49,518 | INFO | Created observation keys: ['observation.state', 'observation.images.robot0_eye_in_hand']
2026-08-09 14:38:49,518 | INFO | Created observation keys: ['observation.state', 'observation.images.robot0_eye_in_hand']
2026-08-09 14:38:49,530 | INFO | Created observation keys: ['observation.state', 'observation.images.robot0_eye_in_hand']
2026-08-09 14:38:49,531 | INFO | Created observation keys: ['observation.state', 'observation.images.robot0_eye_in_hand']
2026-08-09 14:38:49,537 | INFO | Created observation keys: ['observation.state', 'observation.images.robot0_eye_in_hand']
2026-08-09 14:38:49,538 | INFO | Created observation keys: ['observation.state', 'observation.images.robot0_eye_in_hand']
2026-08-09 14:38:49,542 | INFO | Created observation keys: ['observation.state', 'observation.images.robot0_eye_in_hand']
2026-08-09 14:38:49,557 | INFO | Created observation keys: ['observation.state', 'observation.images.robot0_eye_in_hand']
2026-08-09 14:38:49,561 | INFO | Created observation keys: ['observation.state', 'observation.images.robot0_eye_in_hand']
2026-08-09 14:38:49,562 | INFO | Created observation keys: ['observation.state', 'observation.images.robot0_eye_in_hand']
2026-08-09 14:38:49,573 | INFO | Created observation keys: ['observation.state', 'observation.images.robot0_eye_in_hand']
2026-08-09 14:38:49,580 | INFO | Created observation keys: ['observation.state', 'observation.images.robot0_eye_in_hand']
2026-08-09 14:38:49,590 | INFO | Created observation keys: ['observation.state', 'observation.images.robot0_eye_in_hand']
2026-08-09 14:38:49,613 | INFO | Created observation keys: ['observation.state', 'observation.images.robot0_eye_in_hand']
/home/haoyu/workspace/code/fpo-control/manipulation_experiments/thirdparty/miniconda3/envs/fpo_manipulation/lib/python3.10/contextlib.py:103: FutureWarning: `torch.backends.cuda.sdp_kernel()` is deprecated. In the future, this context manager will be removed. Please see `torch.nn.attention.sdpa_kernel()` for the new context manager, with updated signature.
  self.gen = func(*args, **kwds)
render_gpu_device_id: 1
render_gpu_device_id: 1
render_gpu_device_id: 1
render_gpu_device_id: 1
render_gpu_device_id: 1
render_gpu_device_id: 1
render_gpu_device_id: 1
render_gpu_device_id: 1
render_gpu_device_id: 1
render_gpu_device_id: 1
render_gpu_device_id: 1
render_gpu_device_id: 1
render_gpu_device_id: 1
render_gpu_device_id: 1
render_gpu_device_id: 1
render_gpu_device_id: 1
render_gpu_device_id: 1
render_gpu_device_id: 1
render_gpu_device_id: 1
render_gpu_device_id: 1
2026-08-09 14:39:44,663 | INFO | phase=1 environments=20
2026-08-09 14:39:44,663 | INFO | Production mode: using gymnasium.vector.AsyncVectorEnv
2026-08-09 14:39:44,663 | INFO | Video key: agentview
2026-08-09 14:39:44,663 | INFO | Using image observation keys: ['robot0_eye_in_hand']
[robosuite INFO] Loading controller configuration from: /mnt/data/users/haoyu/workspace/code/fpo-control/manipulation_experiments/thirdparty/robosuite/robosuite/controllers/config/robots/default_panda.json (composite_controller_factory.py:121)
2026-08-09 14:39:44,663 | INFO | Loading controller configuration from: /mnt/data/users/haoyu/workspace/code/fpo-control/manipulation_experiments/thirdparty/robosuite/robosuite/controllers/config/robots/default_panda.json
2026-08-09 14:39:45,449 | INFO | Successfully created PickPlaceCan environment via robosuite.make() with cameras at 84x84
2026-08-09 14:39:45,450 | INFO | Configured cameras: ['robot0_eye_in_hand']
num_visible_gpus: 1 [1] render_override: None
render_gpu_device_id: 1
[robosuite WARNING] No private macro file found! (macros.py:57)
[robosuite WARNING] It is recommended to use a private macro file (macros.py:58)
[robosuite WARNING] To setup, run: python /mnt/data/users/haoyu/workspace/code/fpo-control/manipulation_experiments/thirdparty/robosuite/robosuite/scripts/setup_macros.py (macros.py:59)
[robosuite WARNING] No private macro file found! (macros.py:57)
[robosuite WARNING] It is recommended to use a private macro file (macros.py:58)
[robosuite WARNING] To setup, run: python /mnt/data/users/haoyu/workspace/code/fpo-control/manipulation_experiments/thirdparty/robosuite/robosuite/scripts/setup_macros.py (macros.py:59)
[robosuite WARNING] No private macro file found! (macros.py:57)
[robosuite WARNING] It is recommended to use a private macro file (macros.py:58)
[robosuite WARNING] To setup, run: python /mnt/data/users/haoyu/workspace/code/fpo-control/manipulation_experiments/thirdparty/robosuite/robosuite/scripts/setup_macros.py (macros.py:59)
[robosuite WARNING] No private macro file found! (macros.py:57)
[robosuite WARNING] It is recommended to use a private macro file (macros.py:58)
[robosuite WARNING] To setup, run: python /mnt/data/users/haoyu/workspace/code/fpo-control/manipulation_experiments/thirdparty/robosuite/robosuite/scripts/setup_macros.py (macros.py:59)
[robosuite WARNING] No private macro file found! (macros.py:57)
[robosuite WARNING] No private macro file found! (macros.py:57)
[robosuite WARNING] It is recommended to use a private macro file (macros.py:58)
[robosuite WARNING] It is recommended to use a private macro file (macros.py:58)
[robosuite WARNING] To setup, run: python /mnt/data/users/haoyu/workspace/code/fpo-control/manipulation_experiments/thirdparty/robosuite/robosuite/scripts/setup_macros.py (macros.py:59)
[robosuite WARNING] To setup, run: python /mnt/data/users/haoyu/workspace/code/fpo-control/manipulation_experiments/thirdparty/robosuite/robosuite/scripts/setup_macros.py (macros.py:59)
[robosuite WARNING] No private macro file found! (macros.py:57)
[robosuite WARNING] It is recommended to use a private macro file (macros.py:58)
[robosuite WARNING] To setup, run: python /mnt/data/users/haoyu/workspace/code/fpo-control/manipulation_experiments/thirdparty/robosuite/robosuite/scripts/setup_macros.py (macros.py:59)
[robosuite WARNING] No private macro file found! (macros.py:57)
[robosuite WARNING] It is recommended to use a private macro file (macros.py:58)
[robosuite WARNING] To setup, run: python /mnt/data/users/haoyu/workspace/code/fpo-control/manipulation_experiments/thirdparty/robosuite/robosuite/scripts/setup_macros.py (macros.py:59)
[robosuite WARNING] No private macro file found! (macros.py:57)
[robosuite WARNING] It is recommended to use a private macro file (macros.py:58)
[robosuite WARNING] To setup, run: python /mnt/data/users/haoyu/workspace/code/fpo-control/manipulation_experiments/thirdparty/robosuite/robosuite/scripts/setup_macros.py (macros.py:59)
[robosuite WARNING] No private macro file found! (macros.py:57)
[robosuite WARNING] It is recommended to use a private macro file (macros.py:58)
[robosuite WARNING] To setup, run: python /mnt/data/users/haoyu/workspace/code/fpo-control/manipulation_experiments/thirdparty/robosuite/robosuite/scripts/setup_macros.py (macros.py:59)
[robosuite WARNING] No private macro file found! (macros.py:57)
[robosuite WARNING] It is recommended to use a private macro file (macros.py:58)
[robosuite WARNING] To setup, run: python /mnt/data/users/haoyu/workspace/code/fpo-control/manipulation_experiments/thirdparty/robosuite/robosuite/scripts/setup_macros.py (macros.py:59)
[robosuite WARNING] No private macro file found! (macros.py:57)
[robosuite WARNING] It is recommended to use a private macro file (macros.py:58)
[robosuite WARNING] To setup, run: python /mnt/data/users/haoyu/workspace/code/fpo-control/manipulation_experiments/thirdparty/robosuite/robosuite/scripts/setup_macros.py (macros.py:59)
[robosuite WARNING] No private macro file found! (macros.py:57)
[robosuite WARNING] It is recommended to use a private macro file (macros.py:58)
[robosuite WARNING] To setup, run: python /mnt/data/users/haoyu/workspace/code/fpo-control/manipulation_experiments/thirdparty/robosuite/robosuite/scripts/setup_macros.py (macros.py:59)
[robosuite WARNING] No private macro file found! (macros.py:57)
[robosuite WARNING] It is recommended to use a private macro file (macros.py:58)
[robosuite WARNING] To setup, run: python /mnt/data/users/haoyu/workspace/code/fpo-control/manipulation_experiments/thirdparty/robosuite/robosuite/scripts/setup_macros.py (macros.py:59)
[robosuite WARNING] No private macro file found! (macros.py:57)
[robosuite WARNING] It is recommended to use a private macro file (macros.py:58)
[robosuite WARNING] To setup, run: python /mnt/data/users/haoyu/workspace/code/fpo-control/manipulation_experiments/thirdparty/robosuite/robosuite/scripts/setup_macros.py (macros.py:59)
[robosuite WARNING] No private macro file found! (macros.py:57)
[robosuite WARNING] It is recommended to use a private macro file (macros.py:58)
[robosuite WARNING] To setup, run: python /mnt/data/users/haoyu/workspace/code/fpo-control/manipulation_experiments/thirdparty/robosuite/robosuite/scripts/setup_macros.py (macros.py:59)
[robosuite WARNING] No private macro file found! (macros.py:57)
[robosuite WARNING] It is recommended to use a private macro file (macros.py:58)
[robosuite WARNING] To setup, run: python /mnt/data/users/haoyu/workspace/code/fpo-control/manipulation_experiments/thirdparty/robosuite/robosuite/scripts/setup_macros.py (macros.py:59)
[robosuite WARNING] No private macro file found! (macros.py:57)
[robosuite WARNING] It is recommended to use a private macro file (macros.py:58)
[robosuite WARNING] To setup, run: python /mnt/data/users/haoyu/workspace/code/fpo-control/manipulation_experiments/thirdparty/robosuite/robosuite/scripts/setup_macros.py (macros.py:59)
[robosuite WARNING] No private macro file found! (macros.py:57)
[robosuite WARNING] It is recommended to use a private macro file (macros.py:58)
[robosuite WARNING] To setup, run: python /mnt/data/users/haoyu/workspace/code/fpo-control/manipulation_experiments/thirdparty/robosuite/robosuite/scripts/setup_macros.py (macros.py:59)
[robosuite WARNING] No private macro file found! (macros.py:57)
[robosuite WARNING] It is recommended to use a private macro file (macros.py:58)
[robosuite WARNING] To setup, run: python /mnt/data/users/haoyu/workspace/code/fpo-control/manipulation_experiments/thirdparty/robosuite/robosuite/scripts/setup_macros.py (macros.py:59)
[robosuite WARNING] Could not import robosuite_models. Some robots may not be available. If you want to use these robots, please install robosuite_models from source (https://github.com/ARISE-Initiative/robosuite_models) or through pip install. (__init__.py:30)
[robosuite WARNING] Could not import robosuite_models. Some robots may not be available. If you want to use these robots, please install robosuite_models from source (https://github.com/ARISE-Initiative/robosuite_models) or through pip install. (__init__.py:30)
[robosuite WARNING] Could not import robosuite_models. Some robots may not be available. If you want to use these robots, please install robosuite_models from source (https://github.com/ARISE-Initiative/robosuite_models) or through pip install. (__init__.py:30)
[robosuite WARNING] Could not import robosuite_models. Some robots may not be available. If you want to use these robots, please install robosuite_models from source (https://github.com/ARISE-Initiative/robosuite_models) or through pip install. (__init__.py:30)
[robosuite WARNING] Could not import robosuite_models. Some robots may not be available. If you want to use these robots, please install robosuite_models from source (https://github.com/ARISE-Initiative/robosuite_models) or through pip install. (__init__.py:30)
[robosuite WARNING] Could not import robosuite_models. Some robots may not be available. If you want to use these robots, please install robosuite_models from source (https://github.com/ARISE-Initiative/robosuite_models) or through pip install. (__init__.py:30)
[robosuite WARNING] Could not import robosuite_models. Some robots may not be available. If you want to use these robots, please install robosuite_models from source (https://github.com/ARISE-Initiative/robosuite_models) or through pip install. (__init__.py:30)
[robosuite WARNING] Could not import robosuite_models. Some robots may not be available. If you want to use these robots, please install robosuite_models from source (https://github.com/ARISE-Initiative/robosuite_models) or through pip install. (__init__.py:30)
[robosuite WARNING] Could not import robosuite_models. Some robots may not be available. If you want to use these robots, please install robosuite_models from source (https://github.com/ARISE-Initiative/robosuite_models) or through pip install. (__init__.py:30)
[robosuite WARNING] Could not import robosuite_models. Some robots may not be available. If you want to use these robots, please install robosuite_models from source (https://github.com/ARISE-Initiative/robosuite_models) or through pip install. (__init__.py:30)
[robosuite WARNING] Could not import robosuite_models. Some robots may not be available. If you want to use these robots, please install robosuite_models from source (https://github.com/ARISE-Initiative/robosuite_models) or through pip install. (__init__.py:30)
[robosuite WARNING] Could not import robosuite_models. Some robots may not be available. If you want to use these robots, please install robosuite_models from source (https://github.com/ARISE-Initiative/robosuite_models) or through pip install. (__init__.py:30)
[robosuite WARNING] Could not import robosuite_models. Some robots may not be available. If you want to use these robots, please install robosuite_models from source (https://github.com/ARISE-Initiative/robosuite_models) or through pip install. (__init__.py:30)
[robosuite WARNING] Could not import robosuite_models. Some robots may not be available. If you want to use these robots, please install robosuite_models from source (https://github.com/ARISE-Initiative/robosuite_models) or through pip install. (__init__.py:30)
[robosuite WARNING] Could not import robosuite_models. Some robots may not be available. If you want to use these robots, please install robosuite_models from source (https://github.com/ARISE-Initiative/robosuite_models) or through pip install. (__init__.py:30)
[robosuite WARNING] Could not import robosuite_models. Some robots may not be available. If you want to use these robots, please install robosuite_models from source (https://github.com/ARISE-Initiative/robosuite_models) or through pip install. (__init__.py:30)
[robosuite WARNING] Could not import robosuite_models. Some robots may not be available. If you want to use these robots, please install robosuite_models from source (https://github.com/ARISE-Initiative/robosuite_models) or through pip install. (__init__.py:30)
[robosuite WARNING] Could not import robosuite_models. Some robots may not be available. If you want to use these robots, please install robosuite_models from source (https://github.com/ARISE-Initiative/robosuite_models) or through pip install. (__init__.py:30)
[robosuite WARNING] Could not import robosuite_models. Some robots may not be available. If you want to use these robots, please install robosuite_models from source (https://github.com/ARISE-Initiative/robosuite_models) or through pip install. (__init__.py:30)
[robosuite WARNING] Could not import robosuite_models. Some robots may not be available. If you want to use these robots, please install robosuite_models from source (https://github.com/ARISE-Initiative/robosuite_models) or through pip install. (__init__.py:30)
2026-08-09 14:39:54,657 | INFO | Video key: agentview
2026-08-09 14:39:54,657 | INFO | Using image observation keys: ['robot0_eye_in_hand']
[robosuite INFO] Loading controller configuration from: /mnt/data/users/haoyu/workspace/code/fpo-control/manipulation_experiments/thirdparty/robosuite/robosuite/controllers/config/robots/default_panda.json (composite_controller_factory.py:121)
2026-08-09 14:39:54,657 | INFO | Loading controller configuration from: /mnt/data/users/haoyu/workspace/code/fpo-control/manipulation_experiments/thirdparty/robosuite/robosuite/controllers/config/robots/default_panda.json
2026-08-09 14:39:54,761 | INFO | Video key: agentview
2026-08-09 14:39:54,761 | INFO | Using image observation keys: ['robot0_eye_in_hand']
[robosuite INFO] Loading controller configuration from: /mnt/data/users/haoyu/workspace/code/fpo-control/manipulation_experiments/thirdparty/robosuite/robosuite/controllers/config/robots/default_panda.json (composite_controller_factory.py:121)
2026-08-09 14:39:54,761 | INFO | Loading controller configuration from: /mnt/data/users/haoyu/workspace/code/fpo-control/manipulation_experiments/thirdparty/robosuite/robosuite/controllers/config/robots/default_panda.json
2026-08-09 14:39:55,032 | INFO | Video key: agentview
2026-08-09 14:39:55,032 | INFO | Using image observation keys: ['robot0_eye_in_hand']
[robosuite INFO] Loading controller configuration from: /mnt/data/users/haoyu/workspace/code/fpo-control/manipulation_experiments/thirdparty/robosuite/robosuite/controllers/config/robots/default_panda.json (composite_controller_factory.py:121)
2026-08-09 14:39:55,032 | INFO | Loading controller configuration from: /mnt/data/users/haoyu/workspace/code/fpo-control/manipulation_experiments/thirdparty/robosuite/robosuite/controllers/config/robots/default_panda.json
2026-08-09 14:39:55,176 | INFO | Video key: agentview
2026-08-09 14:39:55,176 | INFO | Using image observation keys: ['robot0_eye_in_hand']
[robosuite INFO] Loading controller configuration from: /mnt/data/users/haoyu/workspace/code/fpo-control/manipulation_experiments/thirdparty/robosuite/robosuite/controllers/config/robots/default_panda.json (composite_controller_factory.py:121)
2026-08-09 14:39:55,176 | INFO | Loading controller configuration from: /mnt/data/users/haoyu/workspace/code/fpo-control/manipulation_experiments/thirdparty/robosuite/robosuite/controllers/config/robots/default_panda.json
2026-08-09 14:39:55,673 | INFO | Video key: agentview
2026-08-09 14:39:55,673 | INFO | Using image observation keys: ['robot0_eye_in_hand']
[robosuite INFO] Loading controller configuration from: /mnt/data/users/haoyu/workspace/code/fpo-control/manipulation_experiments/thirdparty/robosuite/robosuite/controllers/config/robots/default_panda.json (composite_controller_factory.py:121)
2026-08-09 14:39:55,673 | INFO | Loading controller configuration from: /mnt/data/users/haoyu/workspace/code/fpo-control/manipulation_experiments/thirdparty/robosuite/robosuite/controllers/config/robots/default_panda.json
2026-08-09 14:39:55,994 | INFO | Video key: agentview
2026-08-09 14:39:55,994 | INFO | Using image observation keys: ['robot0_eye_in_hand']
[robosuite INFO] Loading controller configuration from: /mnt/data/users/haoyu/workspace/code/fpo-control/manipulation_experiments/thirdparty/robosuite/robosuite/controllers/config/robots/default_panda.json (composite_controller_factory.py:121)
2026-08-09 14:39:55,994 | INFO | Loading controller configuration from: /mnt/data/users/haoyu/workspace/code/fpo-control/manipulation_experiments/thirdparty/robosuite/robosuite/controllers/config/robots/default_panda.json
2026-08-09 14:39:56,271 | INFO | Video key: agentview
2026-08-09 14:39:56,271 | INFO | Using image observation keys: ['robot0_eye_in_hand']
[robosuite INFO] Loading controller configuration from: /mnt/data/users/haoyu/workspace/code/fpo-control/manipulation_experiments/thirdparty/robosuite/robosuite/controllers/config/robots/default_panda.json (composite_controller_factory.py:121)
2026-08-09 14:39:56,272 | INFO | Loading controller configuration from: /mnt/data/users/haoyu/workspace/code/fpo-control/manipulation_experiments/thirdparty/robosuite/robosuite/controllers/config/robots/default_panda.json
2026-08-09 14:39:56,380 | INFO | Video key: agentview
2026-08-09 14:39:56,380 | INFO | Using image observation keys: ['robot0_eye_in_hand']
[robosuite INFO] Loading controller configuration from: /mnt/data/users/haoyu/workspace/code/fpo-control/manipulation_experiments/thirdparty/robosuite/robosuite/controllers/config/robots/default_panda.json (composite_controller_factory.py:121)
2026-08-09 14:39:56,380 | INFO | Loading controller configuration from: /mnt/data/users/haoyu/workspace/code/fpo-control/manipulation_experiments/thirdparty/robosuite/robosuite/controllers/config/robots/default_panda.json
2026-08-09 14:39:56,454 | INFO | Successfully created PickPlaceCan environment via robosuite.make() with cameras at 84x84
2026-08-09 14:39:56,454 | INFO | Configured cameras: ['robot0_eye_in_hand']
2026-08-09 14:39:56,571 | INFO | Successfully created PickPlaceCan environment via robosuite.make() with cameras at 84x84
2026-08-09 14:39:56,571 | INFO | Configured cameras: ['robot0_eye_in_hand']
2026-08-09 14:39:56,856 | INFO | Successfully created PickPlaceCan environment via robosuite.make() with cameras at 84x84
2026-08-09 14:39:56,857 | INFO | Configured cameras: ['robot0_eye_in_hand']
2026-08-09 14:39:56,887 | INFO | Video key: agentview
2026-08-09 14:39:56,887 | INFO | Using image observation keys: ['robot0_eye_in_hand']
[robosuite INFO] Loading controller configuration from: /mnt/data/users/haoyu/workspace/code/fpo-control/manipulation_experiments/thirdparty/robosuite/robosuite/controllers/config/robots/default_panda.json (composite_controller_factory.py:121)
2026-08-09 14:39:56,888 | INFO | Loading controller configuration from: /mnt/data/users/haoyu/workspace/code/fpo-control/manipulation_experiments/thirdparty/robosuite/robosuite/controllers/config/robots/default_panda.json
2026-08-09 14:39:56,923 | INFO | Video key: agentview
2026-08-09 14:39:56,923 | INFO | Using image observation keys: ['robot0_eye_in_hand']
[robosuite INFO] Loading controller configuration from: /mnt/data/users/haoyu/workspace/code/fpo-control/manipulation_experiments/thirdparty/robosuite/robosuite/controllers/config/robots/default_panda.json (composite_controller_factory.py:121)
2026-08-09 14:39:56,923 | INFO | Loading controller configuration from: /mnt/data/users/haoyu/workspace/code/fpo-control/manipulation_experiments/thirdparty/robosuite/robosuite/controllers/config/robots/default_panda.json
2026-08-09 14:39:56,971 | INFO | Successfully created PickPlaceCan environment via robosuite.make() with cameras at 84x84
2026-08-09 14:39:56,971 | INFO | Configured cameras: ['robot0_eye_in_hand']
2026-08-09 14:39:56,987 | INFO | Video key: agentview
2026-08-09 14:39:56,987 | INFO | Using image observation keys: ['robot0_eye_in_hand']
[robosuite INFO] Loading controller configuration from: /mnt/data/users/haoyu/workspace/code/fpo-control/manipulation_experiments/thirdparty/robosuite/robosuite/controllers/config/robots/default_panda.json (composite_controller_factory.py:121)
2026-08-09 14:39:56,987 | INFO | Loading controller configuration from: /mnt/data/users/haoyu/workspace/code/fpo-control/manipulation_experiments/thirdparty/robosuite/robosuite/controllers/config/robots/default_panda.json
2026-08-09 14:39:57,019 | INFO | Video key: agentview
2026-08-09 14:39:57,019 | INFO | Using image observation keys: ['robot0_eye_in_hand']
[robosuite INFO] Loading controller configuration from: /mnt/data/users/haoyu/workspace/code/fpo-control/manipulation_experiments/thirdparty/robosuite/robosuite/controllers/config/robots/default_panda.json (composite_controller_factory.py:121)
2026-08-09 14:39:57,019 | INFO | Loading controller configuration from: /mnt/data/users/haoyu/workspace/code/fpo-control/manipulation_experiments/thirdparty/robosuite/robosuite/controllers/config/robots/default_panda.json
2026-08-09 14:39:57,093 | INFO | Video key: agentview
2026-08-09 14:39:57,093 | INFO | Using image observation keys: ['robot0_eye_in_hand']
[robosuite INFO] Loading controller configuration from: /mnt/data/users/haoyu/workspace/code/fpo-control/manipulation_experiments/thirdparty/robosuite/robosuite/controllers/config/robots/default_panda.json (composite_controller_factory.py:121)
2026-08-09 14:39:57,093 | INFO | Loading controller configuration from: /mnt/data/users/haoyu/workspace/code/fpo-control/manipulation_experiments/thirdparty/robosuite/robosuite/controllers/config/robots/default_panda.json
2026-08-09 14:39:57,111 | INFO | Video key: agentview
2026-08-09 14:39:57,111 | INFO | Using image observation keys: ['robot0_eye_in_hand']
[robosuite INFO] Loading controller configuration from: /mnt/data/users/haoyu/workspace/code/fpo-control/manipulation_experiments/thirdparty/robosuite/robosuite/controllers/config/robots/default_panda.json (composite_controller_factory.py:121)
2026-08-09 14:39:57,111 | INFO | Loading controller configuration from: /mnt/data/users/haoyu/workspace/code/fpo-control/manipulation_experiments/thirdparty/robosuite/robosuite/controllers/config/robots/default_panda.json
2026-08-09 14:39:57,130 | INFO | Video key: agentview
2026-08-09 14:39:57,130 | INFO | Using image observation keys: ['robot0_eye_in_hand']
[robosuite INFO] Loading controller configuration from: /mnt/data/users/haoyu/workspace/code/fpo-control/manipulation_experiments/thirdparty/robosuite/robosuite/controllers/config/robots/default_panda.json (composite_controller_factory.py:121)
2026-08-09 14:39:57,133 | INFO | Loading controller configuration from: /mnt/data/users/haoyu/workspace/code/fpo-control/manipulation_experiments/thirdparty/robosuite/robosuite/controllers/config/robots/default_panda.json
2026-08-09 14:39:57,266 | INFO | Video key: agentview
2026-08-09 14:39:57,266 | INFO | Using image observation keys: ['robot0_eye_in_hand']
[robosuite INFO] Loading controller configuration from: /mnt/data/users/haoyu/workspace/code/fpo-control/manipulation_experiments/thirdparty/robosuite/robosuite/controllers/config/robots/default_panda.json (composite_controller_factory.py:121)
2026-08-09 14:39:57,266 | INFO | Loading controller configuration from: /mnt/data/users/haoyu/workspace/code/fpo-control/manipulation_experiments/thirdparty/robosuite/robosuite/controllers/config/robots/default_panda.json
2026-08-09 14:39:57,428 | INFO | Video key: agentview
2026-08-09 14:39:57,429 | INFO | Using image observation keys: ['robot0_eye_in_hand']
[robosuite INFO] Loading controller configuration from: /mnt/data/users/haoyu/workspace/code/fpo-control/manipulation_experiments/thirdparty/robosuite/robosuite/controllers/config/robots/default_panda.json (composite_controller_factory.py:121)
2026-08-09 14:39:57,429 | INFO | Loading controller configuration from: /mnt/data/users/haoyu/workspace/code/fpo-control/manipulation_experiments/thirdparty/robosuite/robosuite/controllers/config/robots/default_panda.json
2026-08-09 14:39:57,438 | INFO | Video key: agentview
2026-08-09 14:39:57,439 | INFO | Using image observation keys: ['robot0_eye_in_hand']
[robosuite INFO] Loading controller configuration from: /mnt/data/users/haoyu/workspace/code/fpo-control/manipulation_experiments/thirdparty/robosuite/robosuite/controllers/config/robots/default_panda.json (composite_controller_factory.py:121)
2026-08-09 14:39:57,439 | INFO | Loading controller configuration from: /mnt/data/users/haoyu/workspace/code/fpo-control/manipulation_experiments/thirdparty/robosuite/robosuite/controllers/config/robots/default_panda.json
2026-08-09 14:39:57,440 | INFO | Video key: agentview
2026-08-09 14:39:57,441 | INFO | Using image observation keys: ['robot0_eye_in_hand']
[robosuite INFO] Loading controller configuration from: /mnt/data/users/haoyu/workspace/code/fpo-control/manipulation_experiments/thirdparty/robosuite/robosuite/controllers/config/robots/default_panda.json (composite_controller_factory.py:121)
2026-08-09 14:39:57,441 | INFO | Loading controller configuration from: /mnt/data/users/haoyu/workspace/code/fpo-control/manipulation_experiments/thirdparty/robosuite/robosuite/controllers/config/robots/default_panda.json
2026-08-09 14:39:57,445 | INFO | Video key: agentview
2026-08-09 14:39:57,445 | INFO | Using image observation keys: ['robot0_eye_in_hand']
[robosuite INFO] Loading controller configuration from: /mnt/data/users/haoyu/workspace/code/fpo-control/manipulation_experiments/thirdparty/robosuite/robosuite/controllers/config/robots/default_panda.json (composite_controller_factory.py:121)
2026-08-09 14:39:57,445 | INFO | Loading controller configuration from: /mnt/data/users/haoyu/workspace/code/fpo-control/manipulation_experiments/thirdparty/robosuite/robosuite/controllers/config/robots/default_panda.json
2026-08-09 14:39:57,547 | INFO | Successfully created PickPlaceCan environment via robosuite.make() with cameras at 84x84
2026-08-09 14:39:57,547 | INFO | Configured cameras: ['robot0_eye_in_hand']
2026-08-09 14:39:57,807 | INFO | Successfully created PickPlaceCan environment via robosuite.make() with cameras at 84x84
2026-08-09 14:39:57,807 | INFO | Configured cameras: ['robot0_eye_in_hand']
2026-08-09 14:39:58,160 | INFO | Successfully created PickPlaceCan environment via robosuite.make() with cameras at 84x84
2026-08-09 14:39:58,160 | INFO | Configured cameras: ['robot0_eye_in_hand']
2026-08-09 14:39:58,229 | INFO | Successfully created PickPlaceCan environment via robosuite.make() with cameras at 84x84
2026-08-09 14:39:58,230 | INFO | Configured cameras: ['robot0_eye_in_hand']
2026-08-09 14:39:58,700 | INFO | Successfully created PickPlaceCan environment via robosuite.make() with cameras at 84x84
2026-08-09 14:39:58,700 | INFO | Configured cameras: ['robot0_eye_in_hand']
2026-08-09 14:39:58,769 | INFO | Successfully created PickPlaceCan environment via robosuite.make() with cameras at 84x84
2026-08-09 14:39:58,769 | INFO | Configured cameras: ['robot0_eye_in_hand']
2026-08-09 14:39:58,814 | INFO | Successfully created PickPlaceCan environment via robosuite.make() with cameras at 84x84
2026-08-09 14:39:58,814 | INFO | Configured cameras: ['robot0_eye_in_hand']
2026-08-09 14:39:58,855 | INFO | Successfully created PickPlaceCan environment via robosuite.make() with cameras at 84x84
2026-08-09 14:39:58,855 | INFO | Configured cameras: ['robot0_eye_in_hand']
2026-08-09 14:39:58,923 | INFO | Successfully created PickPlaceCan environment via robosuite.make() with cameras at 84x84
2026-08-09 14:39:58,923 | INFO | Configured cameras: ['robot0_eye_in_hand']
2026-08-09 14:39:58,925 | INFO | Successfully created PickPlaceCan environment via robosuite.make() with cameras at 84x84
2026-08-09 14:39:58,925 | INFO | Configured cameras: ['robot0_eye_in_hand']
2026-08-09 14:39:59,013 | INFO | Successfully created PickPlaceCan environment via robosuite.make() with cameras at 84x84
2026-08-09 14:39:59,013 | INFO | Configured cameras: ['robot0_eye_in_hand']
2026-08-09 14:39:59,087 | INFO | Successfully created PickPlaceCan environment via robosuite.make() with cameras at 84x84
2026-08-09 14:39:59,087 | INFO | Configured cameras: ['robot0_eye_in_hand']
2026-08-09 14:39:59,214 | INFO | Successfully created PickPlaceCan environment via robosuite.make() with cameras at 84x84
2026-08-09 14:39:59,214 | INFO | Configured cameras: ['robot0_eye_in_hand']
2026-08-09 14:39:59,219 | INFO | Successfully created PickPlaceCan environment via robosuite.make() with cameras at 84x84
2026-08-09 14:39:59,219 | INFO | Configured cameras: ['robot0_eye_in_hand']
2026-08-09 14:39:59,221 | INFO | Successfully created PickPlaceCan environment via robosuite.make() with cameras at 84x84
2026-08-09 14:39:59,221 | INFO | Configured cameras: ['robot0_eye_in_hand']
2026-08-09 14:39:59,245 | INFO | Successfully created PickPlaceCan environment via robosuite.make() with cameras at 84x84
2026-08-09 14:39:59,246 | INFO | Configured cameras: ['robot0_eye_in_hand']
2026-08-09 14:40:00,417 | INFO | Created 20 vectorized Can environments
2026-08-09 14:40:00,417 | INFO | Set video key to 'agentview' for video recording
2026-08-09 14:40:01,470 | INFO | Created observation keys: ['observation.state', 'observation.images.robot0_eye_in_hand']
2026-08-09 14:40:01,473 | INFO | Created observation keys: ['observation.state', 'observation.images.robot0_eye_in_hand']
2026-08-09 14:40:01,498 | INFO | Created observation keys: ['observation.state', 'observation.images.robot0_eye_in_hand']
2026-08-09 14:40:01,504 | INFO | Created observation keys: ['observation.state', 'observation.images.robot0_eye_in_hand']
2026-08-09 14:40:01,508 | INFO | Created observation keys: ['observation.state', 'observation.images.robot0_eye_in_hand']
2026-08-09 14:40:01,512 | INFO | Created observation keys: ['observation.state', 'observation.images.robot0_eye_in_hand']
2026-08-09 14:40:01,512 | INFO | Created observation keys: ['observation.state', 'observation.images.robot0_eye_in_hand']
2026-08-09 14:40:01,513 | INFO | Created observation keys: ['observation.state', 'observation.images.robot0_eye_in_hand']
2026-08-09 14:40:01,534 | INFO | Created observation keys: ['observation.state', 'observation.images.robot0_eye_in_hand']
2026-08-09 14:40:01,534 | INFO | Created observation keys: ['observation.state', 'observation.images.robot0_eye_in_hand']
2026-08-09 14:40:01,538 | INFO | Created observation keys: ['observation.state', 'observation.images.robot0_eye_in_hand']
2026-08-09 14:40:01,541 | INFO | Created observation keys: ['observation.state', 'observation.images.robot0_eye_in_hand']
2026-08-09 14:40:01,548 | INFO | Created observation keys: ['observation.state', 'observation.images.robot0_eye_in_hand']
2026-08-09 14:40:01,564 | INFO | Created observation keys: ['observation.state', 'observation.images.robot0_eye_in_hand']
2026-08-09 14:40:01,570 | INFO | Created observation keys: ['observation.state', 'observation.images.robot0_eye_in_hand']
2026-08-09 14:40:01,579 | INFO | Created observation keys: ['observation.state', 'observation.images.robot0_eye_in_hand']
2026-08-09 14:40:01,584 | INFO | Created observation keys: ['observation.state', 'observation.images.robot0_eye_in_hand']
2026-08-09 14:40:01,586 | INFO | Created observation keys: ['observation.state', 'observation.images.robot0_eye_in_hand']
2026-08-09 14:40:01,598 | INFO | Created observation keys: ['observation.state', 'observation.images.robot0_eye_in_hand']
2026-08-09 14:40:01,624 | INFO | Created observation keys: ['observation.state', 'observation.images.robot0_eye_in_hand']
render_gpu_device_id: 1
render_gpu_device_id: 1
render_gpu_device_id: 1
render_gpu_device_id: 1
render_gpu_device_id: 1
render_gpu_device_id: 1
render_gpu_device_id: 1
render_gpu_device_id: 1
render_gpu_device_id: 1
render_gpu_device_id: 1
render_gpu_device_id: 1
render_gpu_device_id: 1
render_gpu_device_id: 1
render_gpu_device_id: 1
render_gpu_device_id: 1
render_gpu_device_id: 1
render_gpu_device_id: 1
render_gpu_device_id: 1
render_gpu_device_id: 1
render_gpu_device_id: 1
2026-08-09 14:41:03,426 | INFO | phase=2 environments=20
2026-08-09 14:41:03,426 | INFO | Production mode: using gymnasium.vector.AsyncVectorEnv
2026-08-09 14:41:03,426 | INFO | Video key: agentview
2026-08-09 14:41:03,427 | INFO | Using image observation keys: ['robot0_eye_in_hand']
[robosuite INFO] Loading controller configuration from: /mnt/data/users/haoyu/workspace/code/fpo-control/manipulation_experiments/thirdparty/robosuite/robosuite/controllers/config/robots/default_panda.json (composite_controller_factory.py:121)
2026-08-09 14:41:03,427 | INFO | Loading controller configuration from: /mnt/data/users/haoyu/workspace/code/fpo-control/manipulation_experiments/thirdparty/robosuite/robosuite/controllers/config/robots/default_panda.json
2026-08-09 14:41:04,242 | INFO | Successfully created PickPlaceCan environment via robosuite.make() with cameras at 84x84
2026-08-09 14:41:04,242 | INFO | Configured cameras: ['robot0_eye_in_hand']
num_visible_gpus: 1 [1] render_override: None
render_gpu_device_id: 1
[robosuite WARNING] No private macro file found! (macros.py:57)
[robosuite WARNING] No private macro file found! (macros.py:57)
[robosuite WARNING] No private macro file found! (macros.py:57)
[robosuite WARNING] It is recommended to use a private macro file (macros.py:58)
[robosuite WARNING] It is recommended to use a private macro file (macros.py:58)
[robosuite WARNING] It is recommended to use a private macro file (macros.py:58)
[robosuite WARNING] To setup, run: python /mnt/data/users/haoyu/workspace/code/fpo-control/manipulation_experiments/thirdparty/robosuite/robosuite/scripts/setup_macros.py (macros.py:59)
[robosuite WARNING] To setup, run: python /mnt/data/users/haoyu/workspace/code/fpo-control/manipulation_experiments/thirdparty/robosuite/robosuite/scripts/setup_macros.py (macros.py:59)
[robosuite WARNING] To setup, run: python /mnt/data/users/haoyu/workspace/code/fpo-control/manipulation_experiments/thirdparty/robosuite/robosuite/scripts/setup_macros.py (macros.py:59)
[robosuite WARNING] No private macro file found! (macros.py:57)
[robosuite WARNING] It is recommended to use a private macro file (macros.py:58)
[robosuite WARNING] To setup, run: python /mnt/data/users/haoyu/workspace/code/fpo-control/manipulation_experiments/thirdparty/robosuite/robosuite/scripts/setup_macros.py (macros.py:59)
[robosuite WARNING] No private macro file found! (macros.py:57)
[robosuite WARNING] It is recommended to use a private macro file (macros.py:58)
[robosuite WARNING] To setup, run: python /mnt/data/users/haoyu/workspace/code/fpo-control/manipulation_experiments/thirdparty/robosuite/robosuite/scripts/setup_macros.py (macros.py:59)
[robosuite WARNING] No private macro file found! (macros.py:57)
[robosuite WARNING] It is recommended to use a private macro file (macros.py:58)
[robosuite WARNING] To setup, run: python /mnt/data/users/haoyu/workspace/code/fpo-control/manipulation_experiments/thirdparty/robosuite/robosuite/scripts/setup_macros.py (macros.py:59)
[robosuite WARNING] No private macro file found! (macros.py:57)
[robosuite WARNING] It is recommended to use a private macro file (macros.py:58)
[robosuite WARNING] To setup, run: python /mnt/data/users/haoyu/workspace/code/fpo-control/manipulation_experiments/thirdparty/robosuite/robosuite/scripts/setup_macros.py (macros.py:59)
[robosuite WARNING] No private macro file found! (macros.py:57)
[robosuite WARNING] It is recommended to use a private macro file (macros.py:58)
[robosuite WARNING] To setup, run: python /mnt/data/users/haoyu/workspace/code/fpo-control/manipulation_experiments/thirdparty/robosuite/robosuite/scripts/setup_macros.py (macros.py:59)
[robosuite WARNING] No private macro file found! (macros.py:57)
[robosuite WARNING] It is recommended to use a private macro file (macros.py:58)
[robosuite WARNING] To setup, run: python /mnt/data/users/haoyu/workspace/code/fpo-control/manipulation_experiments/thirdparty/robosuite/robosuite/scripts/setup_macros.py (macros.py:59)
[robosuite WARNING] No private macro file found! (macros.py:57)
[robosuite WARNING] It is recommended to use a private macro file (macros.py:58)
[robosuite WARNING] To setup, run: python /mnt/data/users/haoyu/workspace/code/fpo-control/manipulation_experiments/thirdparty/robosuite/robosuite/scripts/setup_macros.py (macros.py:59)
[robosuite WARNING] No private macro file found! (macros.py:57)
[robosuite WARNING] It is recommended to use a private macro file (macros.py:58)
[robosuite WARNING] To setup, run: python /mnt/data/users/haoyu/workspace/code/fpo-control/manipulation_experiments/thirdparty/robosuite/robosuite/scripts/setup_macros.py (macros.py:59)
[robosuite WARNING] No private macro file found! (macros.py:57)
[robosuite WARNING] It is recommended to use a private macro file (macros.py:58)
[robosuite WARNING] To setup, run: python /mnt/data/users/haoyu/workspace/code/fpo-control/manipulation_experiments/thirdparty/robosuite/robosuite/scripts/setup_macros.py (macros.py:59)
[robosuite WARNING] No private macro file found! (macros.py:57)
[robosuite WARNING] It is recommended to use a private macro file (macros.py:58)
[robosuite WARNING] To setup, run: python /mnt/data/users/haoyu/workspace/code/fpo-control/manipulation_experiments/thirdparty/robosuite/robosuite/scripts/setup_macros.py (macros.py:59)
[robosuite WARNING] No private macro file found! (macros.py:57)
[robosuite WARNING] It is recommended to use a private macro file (macros.py:58)
[robosuite WARNING] To setup, run: python /mnt/data/users/haoyu/workspace/code/fpo-control/manipulation_experiments/thirdparty/robosuite/robosuite/scripts/setup_macros.py (macros.py:59)
[robosuite WARNING] No private macro file found! (macros.py:57)
[robosuite WARNING] It is recommended to use a private macro file (macros.py:58)
[robosuite WARNING] To setup, run: python /mnt/data/users/haoyu/workspace/code/fpo-control/manipulation_experiments/thirdparty/robosuite/robosuite/scripts/setup_macros.py (macros.py:59)
[robosuite WARNING] No private macro file found! (macros.py:57)
[robosuite WARNING] It is recommended to use a private macro file (macros.py:58)
[robosuite WARNING] To setup, run: python /mnt/data/users/haoyu/workspace/code/fpo-control/manipulation_experiments/thirdparty/robosuite/robosuite/scripts/setup_macros.py (macros.py:59)
[robosuite WARNING] No private macro file found! (macros.py:57)
[robosuite WARNING] It is recommended to use a private macro file (macros.py:58)
[robosuite WARNING] To setup, run: python /mnt/data/users/haoyu/workspace/code/fpo-control/manipulation_experiments/thirdparty/robosuite/robosuite/scripts/setup_macros.py (macros.py:59)
[robosuite WARNING] No private macro file found! (macros.py:57)
[robosuite WARNING] It is recommended to use a private macro file (macros.py:58)
[robosuite WARNING] To setup, run: python /mnt/data/users/haoyu/workspace/code/fpo-control/manipulation_experiments/thirdparty/robosuite/robosuite/scripts/setup_macros.py (macros.py:59)
[robosuite WARNING] No private macro file found! (macros.py:57)
[robosuite WARNING] It is recommended to use a private macro file (macros.py:58)
[robosuite WARNING] To setup, run: python /mnt/data/users/haoyu/workspace/code/fpo-control/manipulation_experiments/thirdparty/robosuite/robosuite/scripts/setup_macros.py (macros.py:59)
[robosuite WARNING] No private macro file found! (macros.py:57)
[robosuite WARNING] It is recommended to use a private macro file (macros.py:58)
[robosuite WARNING] To setup, run: python /mnt/data/users/haoyu/workspace/code/fpo-control/manipulation_experiments/thirdparty/robosuite/robosuite/scripts/setup_macros.py (macros.py:59)
[robosuite WARNING] Could not import robosuite_models. Some robots may not be available. If you want to use these robots, please install robosuite_models from source (https://github.com/ARISE-Initiative/robosuite_models) or through pip install. (__init__.py:30)
[robosuite WARNING] Could not import robosuite_models. Some robots may not be available. If you want to use these robots, please install robosuite_models from source (https://github.com/ARISE-Initiative/robosuite_models) or through pip install. (__init__.py:30)
[robosuite WARNING] Could not import robosuite_models. Some robots may not be available. If you want to use these robots, please install robosuite_models from source (https://github.com/ARISE-Initiative/robosuite_models) or through pip install. (__init__.py:30)
[robosuite WARNING] Could not import robosuite_models. Some robots may not be available. If you want to use these robots, please install robosuite_models from source (https://github.com/ARISE-Initiative/robosuite_models) or through pip install. (__init__.py:30)
[robosuite WARNING] Could not import robosuite_models. Some robots may not be available. If you want to use these robots, please install robosuite_models from source (https://github.com/ARISE-Initiative/robosuite_models) or through pip install. (__init__.py:30)
[robosuite WARNING] Could not import robosuite_models. Some robots may not be available. If you want to use these robots, please install robosuite_models from source (https://github.com/ARISE-Initiative/robosuite_models) or through pip install. (__init__.py:30)
[robosuite WARNING] Could not import robosuite_models. Some robots may not be available. If you want to use these robots, please install robosuite_models from source (https://github.com/ARISE-Initiative/robosuite_models) or through pip install. (__init__.py:30)
[robosuite WARNING] Could not import robosuite_models. Some robots may not be available. If you want to use these robots, please install robosuite_models from source (https://github.com/ARISE-Initiative/robosuite_models) or through pip install. (__init__.py:30)
[robosuite WARNING] Could not import robosuite_models. Some robots may not be available. If you want to use these robots, please install robosuite_models from source (https://github.com/ARISE-Initiative/robosuite_models) or through pip install. (__init__.py:30)
[robosuite WARNING] Could not import robosuite_models. Some robots may not be available. If you want to use these robots, please install robosuite_models from source (https://github.com/ARISE-Initiative/robosuite_models) or through pip install. (__init__.py:30)
[robosuite WARNING] Could not import robosuite_models. Some robots may not be available. If you want to use these robots, please install robosuite_models from source (https://github.com/ARISE-Initiative/robosuite_models) or through pip install. (__init__.py:30)
[robosuite WARNING] Could not import robosuite_models. Some robots may not be available. If you want to use these robots, please install robosuite_models from source (https://github.com/ARISE-Initiative/robosuite_models) or through pip install. (__init__.py:30)
[robosuite WARNING] Could not import robosuite_models. Some robots may not be available. If you want to use these robots, please install robosuite_models from source (https://github.com/ARISE-Initiative/robosuite_models) or through pip install. (__init__.py:30)
[robosuite WARNING] Could not import robosuite_models. Some robots may not be available. If you want to use these robots, please install robosuite_models from source (https://github.com/ARISE-Initiative/robosuite_models) or through pip install. (__init__.py:30)
[robosuite WARNING] Could not import robosuite_models. Some robots may not be available. If you want to use these robots, please install robosuite_models from source (https://github.com/ARISE-Initiative/robosuite_models) or through pip install. (__init__.py:30)
[robosuite WARNING] Could not import robosuite_models. Some robots may not be available. If you want to use these robots, please install robosuite_models from source (https://github.com/ARISE-Initiative/robosuite_models) or through pip install. (__init__.py:30)
[robosuite WARNING] Could not import robosuite_models. Some robots may not be available. If you want to use these robots, please install robosuite_models from source (https://github.com/ARISE-Initiative/robosuite_models) or through pip install. (__init__.py:30)
[robosuite WARNING] Could not import robosuite_models. Some robots may not be available. If you want to use these robots, please install robosuite_models from source (https://github.com/ARISE-Initiative/robosuite_models) or through pip install. (__init__.py:30)
[robosuite WARNING] Could not import robosuite_models. Some robots may not be available. If you want to use these robots, please install robosuite_models from source (https://github.com/ARISE-Initiative/robosuite_models) or through pip install. (__init__.py:30)
[robosuite WARNING] Could not import robosuite_models. Some robots may not be available. If you want to use these robots, please install robosuite_models from source (https://github.com/ARISE-Initiative/robosuite_models) or through pip install. (__init__.py:30)
2026-08-09 14:41:14,456 | INFO | Video key: agentview
2026-08-09 14:41:14,456 | INFO | Using image observation keys: ['robot0_eye_in_hand']
[robosuite INFO] Loading controller configuration from: /mnt/data/users/haoyu/workspace/code/fpo-control/manipulation_experiments/thirdparty/robosuite/robosuite/controllers/config/robots/default_panda.json (composite_controller_factory.py:121)
2026-08-09 14:41:14,456 | INFO | Loading controller configuration from: /mnt/data/users/haoyu/workspace/code/fpo-control/manipulation_experiments/thirdparty/robosuite/robosuite/controllers/config/robots/default_panda.json
2026-08-09 14:41:16,275 | INFO | Successfully created PickPlaceCan environment via robosuite.make() with cameras at 84x84
2026-08-09 14:41:16,275 | INFO | Configured cameras: ['robot0_eye_in_hand']
2026-08-09 14:41:16,591 | INFO | Video key: agentview
2026-08-09 14:41:16,592 | INFO | Using image observation keys: ['robot0_eye_in_hand']
[robosuite INFO] Loading controller configuration from: /mnt/data/users/haoyu/workspace/code/fpo-control/manipulation_experiments/thirdparty/robosuite/robosuite/controllers/config/robots/default_panda.json (composite_controller_factory.py:121)
2026-08-09 14:41:16,592 | INFO | Loading controller configuration from: /mnt/data/users/haoyu/workspace/code/fpo-control/manipulation_experiments/thirdparty/robosuite/robosuite/controllers/config/robots/default_panda.json
2026-08-09 14:41:16,641 | INFO | Video key: agentview
2026-08-09 14:41:16,641 | INFO | Using image observation keys: ['robot0_eye_in_hand']
[robosuite INFO] Loading controller configuration from: /mnt/data/users/haoyu/workspace/code/fpo-control/manipulation_experiments/thirdparty/robosuite/robosuite/controllers/config/robots/default_panda.json (composite_controller_factory.py:121)
2026-08-09 14:41:16,641 | INFO | Loading controller configuration from: /mnt/data/users/haoyu/workspace/code/fpo-control/manipulation_experiments/thirdparty/robosuite/robosuite/controllers/config/robots/default_panda.json
2026-08-09 14:41:16,664 | INFO | Video key: agentview
2026-08-09 14:41:16,664 | INFO | Using image observation keys: ['robot0_eye_in_hand']
[robosuite INFO] Loading controller configuration from: /mnt/data/users/haoyu/workspace/code/fpo-control/manipulation_experiments/thirdparty/robosuite/robosuite/controllers/config/robots/default_panda.json (composite_controller_factory.py:121)
2026-08-09 14:41:16,665 | INFO | Loading controller configuration from: /mnt/data/users/haoyu/workspace/code/fpo-control/manipulation_experiments/thirdparty/robosuite/robosuite/controllers/config/robots/default_panda.json
2026-08-09 14:41:16,768 | INFO | Video key: agentview
2026-08-09 14:41:16,768 | INFO | Using image observation keys: ['robot0_eye_in_hand']
[robosuite INFO] Loading controller configuration from: /mnt/data/users/haoyu/workspace/code/fpo-control/manipulation_experiments/thirdparty/robosuite/robosuite/controllers/config/robots/default_panda.json (composite_controller_factory.py:121)
2026-08-09 14:41:16,768 | INFO | Loading controller configuration from: /mnt/data/users/haoyu/workspace/code/fpo-control/manipulation_experiments/thirdparty/robosuite/robosuite/controllers/config/robots/default_panda.json
2026-08-09 14:41:16,811 | INFO | Video key: agentview
2026-08-09 14:41:16,811 | INFO | Using image observation keys: ['robot0_eye_in_hand']
[robosuite INFO] Loading controller configuration from: /mnt/data/users/haoyu/workspace/code/fpo-control/manipulation_experiments/thirdparty/robosuite/robosuite/controllers/config/robots/default_panda.json (composite_controller_factory.py:121)
2026-08-09 14:41:16,811 | INFO | Loading controller configuration from: /mnt/data/users/haoyu/workspace/code/fpo-control/manipulation_experiments/thirdparty/robosuite/robosuite/controllers/config/robots/default_panda.json
2026-08-09 14:41:16,828 | INFO | Video key: agentview
2026-08-09 14:41:16,828 | INFO | Using image observation keys: ['robot0_eye_in_hand']
[robosuite INFO] Loading controller configuration from: /mnt/data/users/haoyu/workspace/code/fpo-control/manipulation_experiments/thirdparty/robosuite/robosuite/controllers/config/robots/default_panda.json (composite_controller_factory.py:121)
2026-08-09 14:41:16,828 | INFO | Loading controller configuration from: /mnt/data/users/haoyu/workspace/code/fpo-control/manipulation_experiments/thirdparty/robosuite/robosuite/controllers/config/robots/default_panda.json
2026-08-09 14:41:16,830 | INFO | Video key: agentview
2026-08-09 14:41:16,831 | INFO | Using image observation keys: ['robot0_eye_in_hand']
[robosuite INFO] Loading controller configuration from: /mnt/data/users/haoyu/workspace/code/fpo-control/manipulation_experiments/thirdparty/robosuite/robosuite/controllers/config/robots/default_panda.json (composite_controller_factory.py:121)
2026-08-09 14:41:16,831 | INFO | Loading controller configuration from: /mnt/data/users/haoyu/workspace/code/fpo-control/manipulation_experiments/thirdparty/robosuite/robosuite/controllers/config/robots/default_panda.json
2026-08-09 14:41:16,844 | INFO | Video key: agentview
2026-08-09 14:41:16,844 | INFO | Using image observation keys: ['robot0_eye_in_hand']
[robosuite INFO] Loading controller configuration from: /mnt/data/users/haoyu/workspace/code/fpo-control/manipulation_experiments/thirdparty/robosuite/robosuite/controllers/config/robots/default_panda.json (composite_controller_factory.py:121)
2026-08-09 14:41:16,844 | INFO | Loading controller configuration from: /mnt/data/users/haoyu/workspace/code/fpo-control/manipulation_experiments/thirdparty/robosuite/robosuite/controllers/config/robots/default_panda.json
2026-08-09 14:41:16,873 | INFO | Video key: agentview
2026-08-09 14:41:16,873 | INFO | Using image observation keys: ['robot0_eye_in_hand']
[robosuite INFO] Loading controller configuration from: /mnt/data/users/haoyu/workspace/code/fpo-control/manipulation_experiments/thirdparty/robosuite/robosuite/controllers/config/robots/default_panda.json (composite_controller_factory.py:121)
2026-08-09 14:41:16,873 | INFO | Loading controller configuration from: /mnt/data/users/haoyu/workspace/code/fpo-control/manipulation_experiments/thirdparty/robosuite/robosuite/controllers/config/robots/default_panda.json
2026-08-09 14:41:16,878 | INFO | Video key: agentview
2026-08-09 14:41:16,878 | INFO | Using image observation keys: ['robot0_eye_in_hand']
[robosuite INFO] Loading controller configuration from: /mnt/data/users/haoyu/workspace/code/fpo-control/manipulation_experiments/thirdparty/robosuite/robosuite/controllers/config/robots/default_panda.json (composite_controller_factory.py:121)
2026-08-09 14:41:16,878 | INFO | Loading controller configuration from: /mnt/data/users/haoyu/workspace/code/fpo-control/manipulation_experiments/thirdparty/robosuite/robosuite/controllers/config/robots/default_panda.json
2026-08-09 14:41:16,891 | INFO | Video key: agentview
2026-08-09 14:41:16,891 | INFO | Using image observation keys: ['robot0_eye_in_hand']
[robosuite INFO] Loading controller configuration from: /mnt/data/users/haoyu/workspace/code/fpo-control/manipulation_experiments/thirdparty/robosuite/robosuite/controllers/config/robots/default_panda.json (composite_controller_factory.py:121)
2026-08-09 14:41:16,891 | INFO | Loading controller configuration from: /mnt/data/users/haoyu/workspace/code/fpo-control/manipulation_experiments/thirdparty/robosuite/robosuite/controllers/config/robots/default_panda.json
2026-08-09 14:41:16,895 | INFO | Video key: agentview
2026-08-09 14:41:16,895 | INFO | Using image observation keys: ['robot0_eye_in_hand']
[robosuite INFO] Loading controller configuration from: /mnt/data/users/haoyu/workspace/code/fpo-control/manipulation_experiments/thirdparty/robosuite/robosuite/controllers/config/robots/default_panda.json (composite_controller_factory.py:121)
2026-08-09 14:41:16,896 | INFO | Loading controller configuration from: /mnt/data/users/haoyu/workspace/code/fpo-control/manipulation_experiments/thirdparty/robosuite/robosuite/controllers/config/robots/default_panda.json
2026-08-09 14:41:16,901 | INFO | Video key: agentview
2026-08-09 14:41:16,901 | INFO | Using image observation keys: ['robot0_eye_in_hand']
[robosuite INFO] Loading controller configuration from: /mnt/data/users/haoyu/workspace/code/fpo-control/manipulation_experiments/thirdparty/robosuite/robosuite/controllers/config/robots/default_panda.json (composite_controller_factory.py:121)
2026-08-09 14:41:16,901 | INFO | Loading controller configuration from: /mnt/data/users/haoyu/workspace/code/fpo-control/manipulation_experiments/thirdparty/robosuite/robosuite/controllers/config/robots/default_panda.json
2026-08-09 14:41:16,920 | INFO | Video key: agentview
2026-08-09 14:41:16,920 | INFO | Using image observation keys: ['robot0_eye_in_hand']
[robosuite INFO] Loading controller configuration from: /mnt/data/users/haoyu/workspace/code/fpo-control/manipulation_experiments/thirdparty/robosuite/robosuite/controllers/config/robots/default_panda.json (composite_controller_factory.py:121)
2026-08-09 14:41:16,920 | INFO | Loading controller configuration from: /mnt/data/users/haoyu/workspace/code/fpo-control/manipulation_experiments/thirdparty/robosuite/robosuite/controllers/config/robots/default_panda.json
2026-08-09 14:41:16,920 | INFO | Video key: agentview
2026-08-09 14:41:16,921 | INFO | Using image observation keys: ['robot0_eye_in_hand']
[robosuite INFO] Loading controller configuration from: /mnt/data/users/haoyu/workspace/code/fpo-control/manipulation_experiments/thirdparty/robosuite/robosuite/controllers/config/robots/default_panda.json (composite_controller_factory.py:121)
2026-08-09 14:41:16,921 | INFO | Loading controller configuration from: /mnt/data/users/haoyu/workspace/code/fpo-control/manipulation_experiments/thirdparty/robosuite/robosuite/controllers/config/robots/default_panda.json
2026-08-09 14:41:16,934 | INFO | Video key: agentview
2026-08-09 14:41:16,934 | INFO | Using image observation keys: ['robot0_eye_in_hand']
[robosuite INFO] Loading controller configuration from: /mnt/data/users/haoyu/workspace/code/fpo-control/manipulation_experiments/thirdparty/robosuite/robosuite/controllers/config/robots/default_panda.json (composite_controller_factory.py:121)
2026-08-09 14:41:16,935 | INFO | Loading controller configuration from: /mnt/data/users/haoyu/workspace/code/fpo-control/manipulation_experiments/thirdparty/robosuite/robosuite/controllers/config/robots/default_panda.json
2026-08-09 14:41:16,937 | INFO | Video key: agentview
2026-08-09 14:41:16,937 | INFO | Using image observation keys: ['robot0_eye_in_hand']
[robosuite INFO] Loading controller configuration from: /mnt/data/users/haoyu/workspace/code/fpo-control/manipulation_experiments/thirdparty/robosuite/robosuite/controllers/config/robots/default_panda.json (composite_controller_factory.py:121)
2026-08-09 14:41:16,938 | INFO | Loading controller configuration from: /mnt/data/users/haoyu/workspace/code/fpo-control/manipulation_experiments/thirdparty/robosuite/robosuite/controllers/config/robots/default_panda.json
2026-08-09 14:41:17,165 | INFO | Video key: agentview
2026-08-09 14:41:17,165 | INFO | Using image observation keys: ['robot0_eye_in_hand']
[robosuite INFO] Loading controller configuration from: /mnt/data/users/haoyu/workspace/code/fpo-control/manipulation_experiments/thirdparty/robosuite/robosuite/controllers/config/robots/default_panda.json (composite_controller_factory.py:121)
2026-08-09 14:41:17,165 | INFO | Loading controller configuration from: /mnt/data/users/haoyu/workspace/code/fpo-control/manipulation_experiments/thirdparty/robosuite/robosuite/controllers/config/robots/default_panda.json
2026-08-09 14:41:17,166 | INFO | Video key: agentview
2026-08-09 14:41:17,166 | INFO | Using image observation keys: ['robot0_eye_in_hand']
[robosuite INFO] Loading controller configuration from: /mnt/data/users/haoyu/workspace/code/fpo-control/manipulation_experiments/thirdparty/robosuite/robosuite/controllers/config/robots/default_panda.json (composite_controller_factory.py:121)
2026-08-09 14:41:17,166 | INFO | Loading controller configuration from: /mnt/data/users/haoyu/workspace/code/fpo-control/manipulation_experiments/thirdparty/robosuite/robosuite/controllers/config/robots/default_panda.json
2026-08-09 14:41:18,496 | INFO | Successfully created PickPlaceCan environment via robosuite.make() with cameras at 84x84
2026-08-09 14:41:18,496 | INFO | Configured cameras: ['robot0_eye_in_hand']
2026-08-09 14:41:18,502 | INFO | Successfully created PickPlaceCan environment via robosuite.make() with cameras at 84x84
2026-08-09 14:41:18,502 | INFO | Configured cameras: ['robot0_eye_in_hand']
2026-08-09 14:41:18,506 | INFO | Successfully created PickPlaceCan environment via robosuite.make() with cameras at 84x84
2026-08-09 14:41:18,506 | INFO | Configured cameras: ['robot0_eye_in_hand']
2026-08-09 14:41:18,611 | INFO | Successfully created PickPlaceCan environment via robosuite.make() with cameras at 84x84
2026-08-09 14:41:18,612 | INFO | Configured cameras: ['robot0_eye_in_hand']
2026-08-09 14:41:18,643 | INFO | Successfully created PickPlaceCan environment via robosuite.make() with cameras at 84x84
2026-08-09 14:41:18,643 | INFO | Configured cameras: ['robot0_eye_in_hand']
2026-08-09 14:41:18,643 | INFO | Successfully created PickPlaceCan environment via robosuite.make() with cameras at 84x84
2026-08-09 14:41:18,643 | INFO | Configured cameras: ['robot0_eye_in_hand']
2026-08-09 14:41:18,662 | INFO | Successfully created PickPlaceCan environment via robosuite.make() with cameras at 84x84
2026-08-09 14:41:18,663 | INFO | Configured cameras: ['robot0_eye_in_hand']
2026-08-09 14:41:18,674 | INFO | Successfully created PickPlaceCan environment via robosuite.make() with cameras at 84x84
2026-08-09 14:41:18,674 | INFO | Configured cameras: ['robot0_eye_in_hand']
2026-08-09 14:41:18,687 | INFO | Successfully created PickPlaceCan environment via robosuite.make() with cameras at 84x84
2026-08-09 14:41:18,688 | INFO | Configured cameras: ['robot0_eye_in_hand']
2026-08-09 14:41:18,707 | INFO | Successfully created PickPlaceCan environment via robosuite.make() with cameras at 84x84
2026-08-09 14:41:18,708 | INFO | Configured cameras: ['robot0_eye_in_hand']
2026-08-09 14:41:18,711 | INFO | Successfully created PickPlaceCan environment via robosuite.make() with cameras at 84x84
2026-08-09 14:41:18,712 | INFO | Configured cameras: ['robot0_eye_in_hand']
2026-08-09 14:41:18,742 | INFO | Successfully created PickPlaceCan environment via robosuite.make() with cameras at 84x84
2026-08-09 14:41:18,742 | INFO | Configured cameras: ['robot0_eye_in_hand']
2026-08-09 14:41:18,760 | INFO | Successfully created PickPlaceCan environment via robosuite.make() with cameras at 84x84
2026-08-09 14:41:18,760 | INFO | Configured cameras: ['robot0_eye_in_hand']
2026-08-09 14:41:18,789 | INFO | Successfully created PickPlaceCan environment via robosuite.make() with cameras at 84x84
2026-08-09 14:41:18,790 | INFO | Configured cameras: ['robot0_eye_in_hand']
2026-08-09 14:41:18,813 | INFO | Successfully created PickPlaceCan environment via robosuite.make() with cameras at 84x84
2026-08-09 14:41:18,813 | INFO | Configured cameras: ['robot0_eye_in_hand']
2026-08-09 14:41:18,813 | INFO | Successfully created PickPlaceCan environment via robosuite.make() with cameras at 84x84
2026-08-09 14:41:18,813 | INFO | Configured cameras: ['robot0_eye_in_hand']
2026-08-09 14:41:18,900 | INFO | Successfully created PickPlaceCan environment via robosuite.make() with cameras at 84x84
2026-08-09 14:41:18,901 | INFO | Configured cameras: ['robot0_eye_in_hand']
2026-08-09 14:41:18,983 | INFO | Successfully created PickPlaceCan environment via robosuite.make() with cameras at 84x84
2026-08-09 14:41:18,984 | INFO | Configured cameras: ['robot0_eye_in_hand']
2026-08-09 14:41:19,101 | INFO | Successfully created PickPlaceCan environment via robosuite.make() with cameras at 84x84
2026-08-09 14:41:19,101 | INFO | Configured cameras: ['robot0_eye_in_hand']
2026-08-09 14:41:20,344 | INFO | Created 20 vectorized Can environments
2026-08-09 14:41:20,344 | INFO | Set video key to 'agentview' for video recording
2026-08-09 14:41:21,434 | INFO | Created observation keys: ['observation.state', 'observation.images.robot0_eye_in_hand']
2026-08-09 14:41:21,441 | INFO | Created observation keys: ['observation.state', 'observation.images.robot0_eye_in_hand']
2026-08-09 14:41:21,444 | INFO | Created observation keys: ['observation.state', 'observation.images.robot0_eye_in_hand']
2026-08-09 14:41:21,452 | INFO | Created observation keys: ['observation.state', 'observation.images.robot0_eye_in_hand']
2026-08-09 14:41:21,458 | INFO | Created observation keys: ['observation.state', 'observation.images.robot0_eye_in_hand']
2026-08-09 14:41:21,461 | INFO | Created observation keys: ['observation.state', 'observation.images.robot0_eye_in_hand']
2026-08-09 14:41:21,464 | INFO | Created observation keys: ['observation.state', 'observation.images.robot0_eye_in_hand']
2026-08-09 14:41:21,466 | INFO | Created observation keys: ['observation.state', 'observation.images.robot0_eye_in_hand']
2026-08-09 14:41:21,468 | INFO | Created observation keys: ['observation.state', 'observation.images.robot0_eye_in_hand']
2026-08-09 14:41:21,471 | INFO | Created observation keys: ['observation.state', 'observation.images.robot0_eye_in_hand']
2026-08-09 14:41:21,474 | INFO | Created observation keys: ['observation.state', 'observation.images.robot0_eye_in_hand']
2026-08-09 14:41:21,494 | INFO | Created observation keys: ['observation.state', 'observation.images.robot0_eye_in_hand']
2026-08-09 14:41:21,505 | INFO | Created observation keys: ['observation.state', 'observation.images.robot0_eye_in_hand']
2026-08-09 14:41:21,526 | INFO | Created observation keys: ['observation.state', 'observation.images.robot0_eye_in_hand']
2026-08-09 14:41:21,527 | INFO | Created observation keys: ['observation.state', 'observation.images.robot0_eye_in_hand']
2026-08-09 14:41:21,583 | INFO | Created observation keys: ['observation.state', 'observation.images.robot0_eye_in_hand']
2026-08-09 14:41:21,584 | INFO | Created observation keys: ['observation.state', 'observation.images.robot0_eye_in_hand']
2026-08-09 14:41:21,588 | INFO | Created observation keys: ['observation.state', 'observation.images.robot0_eye_in_hand']
2026-08-09 14:41:21,626 | INFO | Created observation keys: ['observation.state', 'observation.images.robot0_eye_in_hand']
2026-08-09 14:41:21,665 | INFO | Created observation keys: ['observation.state', 'observation.images.robot0_eye_in_hand']
render_gpu_device_id: 1
render_gpu_device_id: 1
render_gpu_device_id: 1
render_gpu_device_id: 1
render_gpu_device_id: 1
render_gpu_device_id: 1
render_gpu_device_id: 1
render_gpu_device_id: 1
render_gpu_device_id: 1
render_gpu_device_id: 1
render_gpu_device_id: 1
render_gpu_device_id: 1
render_gpu_device_id: 1
render_gpu_device_id: 1
render_gpu_device_id: 1
render_gpu_device_id: 1
render_gpu_device_id: 1
render_gpu_device_id: 1
render_gpu_device_id: 1
render_gpu_device_id: 1
2026-08-09 14:42:20,372 | INFO | phase=3 environments=20
2026-08-09 14:42:20,373 | INFO | Production mode: using gymnasium.vector.AsyncVectorEnv
2026-08-09 14:42:20,373 | INFO | Video key: agentview
2026-08-09 14:42:20,373 | INFO | Using image observation keys: ['robot0_eye_in_hand']
[robosuite INFO] Loading controller configuration from: /mnt/data/users/haoyu/workspace/code/fpo-control/manipulation_experiments/thirdparty/robosuite/robosuite/controllers/config/robots/default_panda.json (composite_controller_factory.py:121)
2026-08-09 14:42:20,373 | INFO | Loading controller configuration from: /mnt/data/users/haoyu/workspace/code/fpo-control/manipulation_experiments/thirdparty/robosuite/robosuite/controllers/config/robots/default_panda.json
2026-08-09 14:42:21,196 | INFO | Successfully created PickPlaceCan environment via robosuite.make() with cameras at 84x84
2026-08-09 14:42:21,196 | INFO | Configured cameras: ['robot0_eye_in_hand']
num_visible_gpus: 1 [1] render_override: None
render_gpu_device_id: 1
[robosuite WARNING] No private macro file found! (macros.py:57)
[robosuite WARNING] It is recommended to use a private macro file (macros.py:58)
[robosuite WARNING] To setup, run: python /mnt/data/users/haoyu/workspace/code/fpo-control/manipulation_experiments/thirdparty/robosuite/robosuite/scripts/setup_macros.py (macros.py:59)
[robosuite WARNING] No private macro file found! (macros.py:57)
[robosuite WARNING] It is recommended to use a private macro file (macros.py:58)
[robosuite WARNING] To setup, run: python /mnt/data/users/haoyu/workspace/code/fpo-control/manipulation_experiments/thirdparty/robosuite/robosuite/scripts/setup_macros.py (macros.py:59)
[robosuite WARNING] No private macro file found! (macros.py:57)
[robosuite WARNING] It is recommended to use a private macro file (macros.py:58)
[robosuite WARNING] To setup, run: python /mnt/data/users/haoyu/workspace/code/fpo-control/manipulation_experiments/thirdparty/robosuite/robosuite/scripts/setup_macros.py (macros.py:59)
[robosuite WARNING] No private macro file found! (macros.py:57)
[robosuite WARNING] It is recommended to use a private macro file (macros.py:58)
[robosuite WARNING] To setup, run: python /mnt/data/users/haoyu/workspace/code/fpo-control/manipulation_experiments/thirdparty/robosuite/robosuite/scripts/setup_macros.py (macros.py:59)
[robosuite WARNING] No private macro file found! (macros.py:57)
[robosuite WARNING] It is recommended to use a private macro file (macros.py:58)
[robosuite WARNING] To setup, run: python /mnt/data/users/haoyu/workspace/code/fpo-control/manipulation_experiments/thirdparty/robosuite/robosuite/scripts/setup_macros.py (macros.py:59)
[robosuite WARNING] No private macro file found! (macros.py:57)
[robosuite WARNING] It is recommended to use a private macro file (macros.py:58)
[robosuite WARNING] To setup, run: python /mnt/data/users/haoyu/workspace/code/fpo-control/manipulation_experiments/thirdparty/robosuite/robosuite/scripts/setup_macros.py (macros.py:59)
[robosuite WARNING] No private macro file found! (macros.py:57)
[robosuite WARNING] It is recommended to use a private macro file (macros.py:58)
[robosuite WARNING] To setup, run: python /mnt/data/users/haoyu/workspace/code/fpo-control/manipulation_experiments/thirdparty/robosuite/robosuite/scripts/setup_macros.py (macros.py:59)
[robosuite WARNING] No private macro file found! (macros.py:57)
[robosuite WARNING] It is recommended to use a private macro file (macros.py:58)
[robosuite WARNING] To setup, run: python /mnt/data/users/haoyu/workspace/code/fpo-control/manipulation_experiments/thirdparty/robosuite/robosuite/scripts/setup_macros.py (macros.py:59)
[robosuite WARNING] No private macro file found! (macros.py:57)
[robosuite WARNING] It is recommended to use a private macro file (macros.py:58)
[robosuite WARNING] To setup, run: python /mnt/data/users/haoyu/workspace/code/fpo-control/manipulation_experiments/thirdparty/robosuite/robosuite/scripts/setup_macros.py (macros.py:59)
[robosuite WARNING] No private macro file found! (macros.py:57)
[robosuite WARNING] It is recommended to use a private macro file (macros.py:58)
[robosuite WARNING] To setup, run: python /mnt/data/users/haoyu/workspace/code/fpo-control/manipulation_experiments/thirdparty/robosuite/robosuite/scripts/setup_macros.py (macros.py:59)
[robosuite WARNING] No private macro file found! (macros.py:57)
[robosuite WARNING] It is recommended to use a private macro file (macros.py:58)
[robosuite WARNING] To setup, run: python /mnt/data/users/haoyu/workspace/code/fpo-control/manipulation_experiments/thirdparty/robosuite/robosuite/scripts/setup_macros.py (macros.py:59)
[robosuite WARNING] No private macro file found! (macros.py:57)
[robosuite WARNING] It is recommended to use a private macro file (macros.py:58)
[robosuite WARNING] To setup, run: python /mnt/data/users/haoyu/workspace/code/fpo-control/manipulation_experiments/thirdparty/robosuite/robosuite/scripts/setup_macros.py (macros.py:59)
[robosuite WARNING] No private macro file found! (macros.py:57)
[robosuite WARNING] It is recommended to use a private macro file (macros.py:58)
[robosuite WARNING] To setup, run: python /mnt/data/users/haoyu/workspace/code/fpo-control/manipulation_experiments/thirdparty/robosuite/robosuite/scripts/setup_macros.py (macros.py:59)
[robosuite WARNING] No private macro file found! (macros.py:57)
[robosuite WARNING] It is recommended to use a private macro file (macros.py:58)
[robosuite WARNING] To setup, run: python /mnt/data/users/haoyu/workspace/code/fpo-control/manipulation_experiments/thirdparty/robosuite/robosuite/scripts/setup_macros.py (macros.py:59)
[robosuite WARNING] No private macro file found! (macros.py:57)
[robosuite WARNING] It is recommended to use a private macro file (macros.py:58)
[robosuite WARNING] To setup, run: python /mnt/data/users/haoyu/workspace/code/fpo-control/manipulation_experiments/thirdparty/robosuite/robosuite/scripts/setup_macros.py (macros.py:59)
[robosuite WARNING] No private macro file found! (macros.py:57)
[robosuite WARNING] No private macro file found! (macros.py:57)
[robosuite WARNING] It is recommended to use a private macro file (macros.py:58)
[robosuite WARNING] It is recommended to use a private macro file (macros.py:58)
[robosuite WARNING] To setup, run: python /mnt/data/users/haoyu/workspace/code/fpo-control/manipulation_experiments/thirdparty/robosuite/robosuite/scripts/setup_macros.py (macros.py:59)
[robosuite WARNING] To setup, run: python /mnt/data/users/haoyu/workspace/code/fpo-control/manipulation_experiments/thirdparty/robosuite/robosuite/scripts/setup_macros.py (macros.py:59)
[robosuite WARNING] No private macro file found! (macros.py:57)
[robosuite WARNING] It is recommended to use a private macro file (macros.py:58)
[robosuite WARNING] To setup, run: python /mnt/data/users/haoyu/workspace/code/fpo-control/manipulation_experiments/thirdparty/robosuite/robosuite/scripts/setup_macros.py (macros.py:59)
[robosuite WARNING] No private macro file found! (macros.py:57)
[robosuite WARNING] It is recommended to use a private macro file (macros.py:58)
[robosuite WARNING] To setup, run: python /mnt/data/users/haoyu/workspace/code/fpo-control/manipulation_experiments/thirdparty/robosuite/robosuite/scripts/setup_macros.py (macros.py:59)
[robosuite WARNING] No private macro file found! (macros.py:57)
[robosuite WARNING] It is recommended to use a private macro file (macros.py:58)
[robosuite WARNING] To setup, run: python /mnt/data/users/haoyu/workspace/code/fpo-control/manipulation_experiments/thirdparty/robosuite/robosuite/scripts/setup_macros.py (macros.py:59)
[robosuite WARNING] Could not import robosuite_models. Some robots may not be available. If you want to use these robots, please install robosuite_models from source (https://github.com/ARISE-Initiative/robosuite_models) or through pip install. (__init__.py:30)
[robosuite WARNING] Could not import robosuite_models. Some robots may not be available. If you want to use these robots, please install robosuite_models from source (https://github.com/ARISE-Initiative/robosuite_models) or through pip install. (__init__.py:30)
[robosuite WARNING] Could not import robosuite_models. Some robots may not be available. If you want to use these robots, please install robosuite_models from source (https://github.com/ARISE-Initiative/robosuite_models) or through pip install. (__init__.py:30)
[robosuite WARNING] Could not import robosuite_models. Some robots may not be available. If you want to use these robots, please install robosuite_models from source (https://github.com/ARISE-Initiative/robosuite_models) or through pip install. (__init__.py:30)
[robosuite WARNING] Could not import robosuite_models. Some robots may not be available. If you want to use these robots, please install robosuite_models from source (https://github.com/ARISE-Initiative/robosuite_models) or through pip install. (__init__.py:30)
[robosuite WARNING] Could not import robosuite_models. Some robots may not be available. If you want to use these robots, please install robosuite_models from source (https://github.com/ARISE-Initiative/robosuite_models) or through pip install. (__init__.py:30)
[robosuite WARNING] Could not import robosuite_models. Some robots may not be available. If you want to use these robots, please install robosuite_models from source (https://github.com/ARISE-Initiative/robosuite_models) or through pip install. (__init__.py:30)
[robosuite WARNING] Could not import robosuite_models. Some robots may not be available. If you want to use these robots, please install robosuite_models from source (https://github.com/ARISE-Initiative/robosuite_models) or through pip install. (__init__.py:30)
[robosuite WARNING] Could not import robosuite_models. Some robots may not be available. If you want to use these robots, please install robosuite_models from source (https://github.com/ARISE-Initiative/robosuite_models) or through pip install. (__init__.py:30)
[robosuite WARNING] Could not import robosuite_models. Some robots may not be available. If you want to use these robots, please install robosuite_models from source (https://github.com/ARISE-Initiative/robosuite_models) or through pip install. (__init__.py:30)
[robosuite WARNING] Could not import robosuite_models. Some robots may not be available. If you want to use these robots, please install robosuite_models from source (https://github.com/ARISE-Initiative/robosuite_models) or through pip install. (__init__.py:30)
[robosuite WARNING] Could not import robosuite_models. Some robots may not be available. If you want to use these robots, please install robosuite_models from source (https://github.com/ARISE-Initiative/robosuite_models) or through pip install. (__init__.py:30)
[robosuite WARNING] Could not import robosuite_models. Some robots may not be available. If you want to use these robots, please install robosuite_models from source (https://github.com/ARISE-Initiative/robosuite_models) or through pip install. (__init__.py:30)
[robosuite WARNING] Could not import robosuite_models. Some robots may not be available. If you want to use these robots, please install robosuite_models from source (https://github.com/ARISE-Initiative/robosuite_models) or through pip install. (__init__.py:30)
[robosuite WARNING] Could not import robosuite_models. Some robots may not be available. If you want to use these robots, please install robosuite_models from source (https://github.com/ARISE-Initiative/robosuite_models) or through pip install. (__init__.py:30)
[robosuite WARNING] Could not import robosuite_models. Some robots may not be available. If you want to use these robots, please install robosuite_models from source (https://github.com/ARISE-Initiative/robosuite_models) or through pip install. (__init__.py:30)
[robosuite WARNING] Could not import robosuite_models. Some robots may not be available. If you want to use these robots, please install robosuite_models from source (https://github.com/ARISE-Initiative/robosuite_models) or through pip install. (__init__.py:30)
[robosuite WARNING] Could not import robosuite_models. Some robots may not be available. If you want to use these robots, please install robosuite_models from source (https://github.com/ARISE-Initiative/robosuite_models) or through pip install. (__init__.py:30)
[robosuite WARNING] Could not import robosuite_models. Some robots may not be available. If you want to use these robots, please install robosuite_models from source (https://github.com/ARISE-Initiative/robosuite_models) or through pip install. (__init__.py:30)
[robosuite WARNING] Could not import robosuite_models. Some robots may not be available. If you want to use these robots, please install robosuite_models from source (https://github.com/ARISE-Initiative/robosuite_models) or through pip install. (__init__.py:30)
2026-08-09 14:42:32,709 | INFO | Video key: agentview
2026-08-09 14:42:32,710 | INFO | Using image observation keys: ['robot0_eye_in_hand']
[robosuite INFO] Loading controller configuration from: /mnt/data/users/haoyu/workspace/code/fpo-control/manipulation_experiments/thirdparty/robosuite/robosuite/controllers/config/robots/default_panda.json (composite_controller_factory.py:121)
2026-08-09 14:42:32,710 | INFO | Loading controller configuration from: /mnt/data/users/haoyu/workspace/code/fpo-control/manipulation_experiments/thirdparty/robosuite/robosuite/controllers/config/robots/default_panda.json
2026-08-09 14:42:32,843 | INFO | Video key: agentview
2026-08-09 14:42:32,843 | INFO | Using image observation keys: ['robot0_eye_in_hand']
[robosuite INFO] Loading controller configuration from: /mnt/data/users/haoyu/workspace/code/fpo-control/manipulation_experiments/thirdparty/robosuite/robosuite/controllers/config/robots/default_panda.json (composite_controller_factory.py:121)
2026-08-09 14:42:32,843 | INFO | Loading controller configuration from: /mnt/data/users/haoyu/workspace/code/fpo-control/manipulation_experiments/thirdparty/robosuite/robosuite/controllers/config/robots/default_panda.json
2026-08-09 14:42:32,982 | INFO | Video key: agentview
2026-08-09 14:42:32,982 | INFO | Using image observation keys: ['robot0_eye_in_hand']
[robosuite INFO] Loading controller configuration from: /mnt/data/users/haoyu/workspace/code/fpo-control/manipulation_experiments/thirdparty/robosuite/robosuite/controllers/config/robots/default_panda.json (composite_controller_factory.py:121)
2026-08-09 14:42:32,982 | INFO | Loading controller configuration from: /mnt/data/users/haoyu/workspace/code/fpo-control/manipulation_experiments/thirdparty/robosuite/robosuite/controllers/config/robots/default_panda.json
2026-08-09 14:42:33,154 | INFO | Video key: agentview
2026-08-09 14:42:33,154 | INFO | Using image observation keys: ['robot0_eye_in_hand']
[robosuite INFO] Loading controller configuration from: /mnt/data/users/haoyu/workspace/code/fpo-control/manipulation_experiments/thirdparty/robosuite/robosuite/controllers/config/robots/default_panda.json (composite_controller_factory.py:121)
2026-08-09 14:42:33,154 | INFO | Loading controller configuration from: /mnt/data/users/haoyu/workspace/code/fpo-control/manipulation_experiments/thirdparty/robosuite/robosuite/controllers/config/robots/default_panda.json
2026-08-09 14:42:33,313 | INFO | Video key: agentview
2026-08-09 14:42:33,313 | INFO | Using image observation keys: ['robot0_eye_in_hand']
[robosuite INFO] Loading controller configuration from: /mnt/data/users/haoyu/workspace/code/fpo-control/manipulation_experiments/thirdparty/robosuite/robosuite/controllers/config/robots/default_panda.json (composite_controller_factory.py:121)
2026-08-09 14:42:33,313 | INFO | Loading controller configuration from: /mnt/data/users/haoyu/workspace/code/fpo-control/manipulation_experiments/thirdparty/robosuite/robosuite/controllers/config/robots/default_panda.json
2026-08-09 14:42:34,077 | INFO | Video key: agentview
2026-08-09 14:42:34,077 | INFO | Using image observation keys: ['robot0_eye_in_hand']
[robosuite INFO] Loading controller configuration from: /mnt/data/users/haoyu/workspace/code/fpo-control/manipulation_experiments/thirdparty/robosuite/robosuite/controllers/config/robots/default_panda.json (composite_controller_factory.py:121)
2026-08-09 14:42:34,077 | INFO | Loading controller configuration from: /mnt/data/users/haoyu/workspace/code/fpo-control/manipulation_experiments/thirdparty/robosuite/robosuite/controllers/config/robots/default_panda.json
2026-08-09 14:42:34,417 | INFO | Video key: agentview
2026-08-09 14:42:34,418 | INFO | Using image observation keys: ['robot0_eye_in_hand']
[robosuite INFO] Loading controller configuration from: /mnt/data/users/haoyu/workspace/code/fpo-control/manipulation_experiments/thirdparty/robosuite/robosuite/controllers/config/robots/default_panda.json (composite_controller_factory.py:121)
2026-08-09 14:42:34,418 | INFO | Loading controller configuration from: /mnt/data/users/haoyu/workspace/code/fpo-control/manipulation_experiments/thirdparty/robosuite/robosuite/controllers/config/robots/default_panda.json
2026-08-09 14:42:34,533 | INFO | Successfully created PickPlaceCan environment via robosuite.make() with cameras at 84x84
2026-08-09 14:42:34,533 | INFO | Configured cameras: ['robot0_eye_in_hand']
2026-08-09 14:42:34,628 | INFO | Successfully created PickPlaceCan environment via robosuite.make() with cameras at 84x84
2026-08-09 14:42:34,628 | INFO | Configured cameras: ['robot0_eye_in_hand']
2026-08-09 14:42:34,781 | INFO | Successfully created PickPlaceCan environment via robosuite.make() with cameras at 84x84
2026-08-09 14:42:34,781 | INFO | Configured cameras: ['robot0_eye_in_hand']
2026-08-09 14:42:34,966 | INFO | Video key: agentview
2026-08-09 14:42:34,966 | INFO | Using image observation keys: ['robot0_eye_in_hand']
[robosuite INFO] Loading controller configuration from: /mnt/data/users/haoyu/workspace/code/fpo-control/manipulation_experiments/thirdparty/robosuite/robosuite/controllers/config/robots/default_panda.json (composite_controller_factory.py:121)
2026-08-09 14:42:34,966 | INFO | Loading controller configuration from: /mnt/data/users/haoyu/workspace/code/fpo-control/manipulation_experiments/thirdparty/robosuite/robosuite/controllers/config/robots/default_panda.json
2026-08-09 14:42:34,971 | INFO | Successfully created PickPlaceCan environment via robosuite.make() with cameras at 84x84
2026-08-09 14:42:34,971 | INFO | Configured cameras: ['robot0_eye_in_hand']
2026-08-09 14:42:35,113 | INFO | Successfully created PickPlaceCan environment via robosuite.make() with cameras at 84x84
2026-08-09 14:42:35,113 | INFO | Configured cameras: ['robot0_eye_in_hand']
2026-08-09 14:42:35,197 | INFO | Video key: agentview
2026-08-09 14:42:35,197 | INFO | Using image observation keys: ['robot0_eye_in_hand']
[robosuite INFO] Loading controller configuration from: /mnt/data/users/haoyu/workspace/code/fpo-control/manipulation_experiments/thirdparty/robosuite/robosuite/controllers/config/robots/default_panda.json (composite_controller_factory.py:121)
2026-08-09 14:42:35,197 | INFO | Loading controller configuration from: /mnt/data/users/haoyu/workspace/code/fpo-control/manipulation_experiments/thirdparty/robosuite/robosuite/controllers/config/robots/default_panda.json
2026-08-09 14:42:35,333 | INFO | Video key: agentview
2026-08-09 14:42:35,334 | INFO | Using image observation keys: ['robot0_eye_in_hand']
[robosuite INFO] Loading controller configuration from: /mnt/data/users/haoyu/workspace/code/fpo-control/manipulation_experiments/thirdparty/robosuite/robosuite/controllers/config/robots/default_panda.json (composite_controller_factory.py:121)
2026-08-09 14:42:35,334 | INFO | Loading controller configuration from: /mnt/data/users/haoyu/workspace/code/fpo-control/manipulation_experiments/thirdparty/robosuite/robosuite/controllers/config/robots/default_panda.json
2026-08-09 14:42:35,343 | INFO | Video key: agentview
2026-08-09 14:42:35,343 | INFO | Using image observation keys: ['robot0_eye_in_hand']
[robosuite INFO] Loading controller configuration from: /mnt/data/users/haoyu/workspace/code/fpo-control/manipulation_experiments/thirdparty/robosuite/robosuite/controllers/config/robots/default_panda.json (composite_controller_factory.py:121)
2026-08-09 14:42:35,343 | INFO | Loading controller configuration from: /mnt/data/users/haoyu/workspace/code/fpo-control/manipulation_experiments/thirdparty/robosuite/robosuite/controllers/config/robots/default_panda.json
2026-08-09 14:42:35,487 | INFO | Video key: agentview
2026-08-09 14:42:35,487 | INFO | Using image observation keys: ['robot0_eye_in_hand']
[robosuite INFO] Loading controller configuration from: /mnt/data/users/haoyu/workspace/code/fpo-control/manipulation_experiments/thirdparty/robosuite/robosuite/controllers/config/robots/default_panda.json (composite_controller_factory.py:121)
2026-08-09 14:42:35,487 | INFO | Loading controller configuration from: /mnt/data/users/haoyu/workspace/code/fpo-control/manipulation_experiments/thirdparty/robosuite/robosuite/controllers/config/robots/default_panda.json
2026-08-09 14:42:35,594 | INFO | Video key: agentview
2026-08-09 14:42:35,594 | INFO | Using image observation keys: ['robot0_eye_in_hand']
[robosuite INFO] Loading controller configuration from: /mnt/data/users/haoyu/workspace/code/fpo-control/manipulation_experiments/thirdparty/robosuite/robosuite/controllers/config/robots/default_panda.json (composite_controller_factory.py:121)
2026-08-09 14:42:35,595 | INFO | Loading controller configuration from: /mnt/data/users/haoyu/workspace/code/fpo-control/manipulation_experiments/thirdparty/robosuite/robosuite/controllers/config/robots/default_panda.json
2026-08-09 14:42:35,749 | INFO | Video key: agentview
2026-08-09 14:42:35,749 | INFO | Using image observation keys: ['robot0_eye_in_hand']
[robosuite INFO] Loading controller configuration from: /mnt/data/users/haoyu/workspace/code/fpo-control/manipulation_experiments/thirdparty/robosuite/robosuite/controllers/config/robots/default_panda.json (composite_controller_factory.py:121)
2026-08-09 14:42:35,750 | INFO | Loading controller configuration from: /mnt/data/users/haoyu/workspace/code/fpo-control/manipulation_experiments/thirdparty/robosuite/robosuite/controllers/config/robots/default_panda.json
2026-08-09 14:42:35,777 | INFO | Video key: agentview
2026-08-09 14:42:35,777 | INFO | Using image observation keys: ['robot0_eye_in_hand']
[robosuite INFO] Loading controller configuration from: /mnt/data/users/haoyu/workspace/code/fpo-control/manipulation_experiments/thirdparty/robosuite/robosuite/controllers/config/robots/default_panda.json (composite_controller_factory.py:121)
2026-08-09 14:42:35,778 | INFO | Loading controller configuration from: /mnt/data/users/haoyu/workspace/code/fpo-control/manipulation_experiments/thirdparty/robosuite/robosuite/controllers/config/robots/default_panda.json
2026-08-09 14:42:35,785 | INFO | Video key: agentview
2026-08-09 14:42:35,785 | INFO | Using image observation keys: ['robot0_eye_in_hand']
[robosuite INFO] Loading controller configuration from: /mnt/data/users/haoyu/workspace/code/fpo-control/manipulation_experiments/thirdparty/robosuite/robosuite/controllers/config/robots/default_panda.json (composite_controller_factory.py:121)
2026-08-09 14:42:35,785 | INFO | Loading controller configuration from: /mnt/data/users/haoyu/workspace/code/fpo-control/manipulation_experiments/thirdparty/robosuite/robosuite/controllers/config/robots/default_panda.json
2026-08-09 14:42:35,805 | INFO | Video key: agentview
2026-08-09 14:42:35,805 | INFO | Using image observation keys: ['robot0_eye_in_hand']
[robosuite INFO] Loading controller configuration from: /mnt/data/users/haoyu/workspace/code/fpo-control/manipulation_experiments/thirdparty/robosuite/robosuite/controllers/config/robots/default_panda.json (composite_controller_factory.py:121)
2026-08-09 14:42:35,805 | INFO | Loading controller configuration from: /mnt/data/users/haoyu/workspace/code/fpo-control/manipulation_experiments/thirdparty/robosuite/robosuite/controllers/config/robots/default_panda.json
2026-08-09 14:42:35,812 | INFO | Video key: agentview
2026-08-09 14:42:35,812 | INFO | Using image observation keys: ['robot0_eye_in_hand']
[robosuite INFO] Loading controller configuration from: /mnt/data/users/haoyu/workspace/code/fpo-control/manipulation_experiments/thirdparty/robosuite/robosuite/controllers/config/robots/default_panda.json (composite_controller_factory.py:121)
2026-08-09 14:42:35,813 | INFO | Loading controller configuration from: /mnt/data/users/haoyu/workspace/code/fpo-control/manipulation_experiments/thirdparty/robosuite/robosuite/controllers/config/robots/default_panda.json
2026-08-09 14:42:35,819 | INFO | Video key: agentview
2026-08-09 14:42:35,819 | INFO | Using image observation keys: ['robot0_eye_in_hand']
[robosuite INFO] Loading controller configuration from: /mnt/data/users/haoyu/workspace/code/fpo-control/manipulation_experiments/thirdparty/robosuite/robosuite/controllers/config/robots/default_panda.json (composite_controller_factory.py:121)
2026-08-09 14:42:35,819 | INFO | Loading controller configuration from: /mnt/data/users/haoyu/workspace/code/fpo-control/manipulation_experiments/thirdparty/robosuite/robosuite/controllers/config/robots/default_panda.json
2026-08-09 14:42:35,822 | INFO | Video key: agentview
2026-08-09 14:42:35,822 | INFO | Using image observation keys: ['robot0_eye_in_hand']
[robosuite INFO] Loading controller configuration from: /mnt/data/users/haoyu/workspace/code/fpo-control/manipulation_experiments/thirdparty/robosuite/robosuite/controllers/config/robots/default_panda.json (composite_controller_factory.py:121)
2026-08-09 14:42:35,822 | INFO | Loading controller configuration from: /mnt/data/users/haoyu/workspace/code/fpo-control/manipulation_experiments/thirdparty/robosuite/robosuite/controllers/config/robots/default_panda.json
2026-08-09 14:42:35,879 | INFO | Successfully created PickPlaceCan environment via robosuite.make() with cameras at 84x84
2026-08-09 14:42:35,879 | INFO | Configured cameras: ['robot0_eye_in_hand']
2026-08-09 14:42:36,292 | INFO | Successfully created PickPlaceCan environment via robosuite.make() with cameras at 84x84
2026-08-09 14:42:36,292 | INFO | Configured cameras: ['robot0_eye_in_hand']
2026-08-09 14:42:36,771 | INFO | Successfully created PickPlaceCan environment via robosuite.make() with cameras at 84x84
2026-08-09 14:42:36,771 | INFO | Configured cameras: ['robot0_eye_in_hand']
2026-08-09 14:42:37,015 | INFO | Successfully created PickPlaceCan environment via robosuite.make() with cameras at 84x84
2026-08-09 14:42:37,015 | INFO | Configured cameras: ['robot0_eye_in_hand']
2026-08-09 14:42:37,132 | INFO | Successfully created PickPlaceCan environment via robosuite.make() with cameras at 84x84
2026-08-09 14:42:37,133 | INFO | Configured cameras: ['robot0_eye_in_hand']
2026-08-09 14:42:37,178 | INFO | Successfully created PickPlaceCan environment via robosuite.make() with cameras at 84x84
2026-08-09 14:42:37,179 | INFO | Configured cameras: ['robot0_eye_in_hand']
2026-08-09 14:42:37,311 | INFO | Successfully created PickPlaceCan environment via robosuite.make() with cameras at 84x84
2026-08-09 14:42:37,311 | INFO | Configured cameras: ['robot0_eye_in_hand']
2026-08-09 14:42:37,468 | INFO | Successfully created PickPlaceCan environment via robosuite.make() with cameras at 84x84
2026-08-09 14:42:37,469 | INFO | Configured cameras: ['robot0_eye_in_hand']
2026-08-09 14:42:37,632 | INFO | Successfully created PickPlaceCan environment via robosuite.make() with cameras at 84x84
2026-08-09 14:42:37,632 | INFO | Configured cameras: ['robot0_eye_in_hand']
2026-08-09 14:42:37,657 | INFO | Successfully created PickPlaceCan environment via robosuite.make() with cameras at 84x84
2026-08-09 14:42:37,657 | INFO | Configured cameras: ['robot0_eye_in_hand']
2026-08-09 14:42:37,685 | INFO | Successfully created PickPlaceCan environment via robosuite.make() with cameras at 84x84
2026-08-09 14:42:37,685 | INFO | Configured cameras: ['robot0_eye_in_hand']
2026-08-09 14:42:37,687 | INFO | Successfully created PickPlaceCan environment via robosuite.make() with cameras at 84x84
2026-08-09 14:42:37,687 | INFO | Configured cameras: ['robot0_eye_in_hand']
2026-08-09 14:42:37,721 | INFO | Successfully created PickPlaceCan environment via robosuite.make() with cameras at 84x84
2026-08-09 14:42:37,721 | INFO | Configured cameras: ['robot0_eye_in_hand']
2026-08-09 14:42:37,726 | INFO | Successfully created PickPlaceCan environment via robosuite.make() with cameras at 84x84
2026-08-09 14:42:37,726 | INFO | Configured cameras: ['robot0_eye_in_hand']
2026-08-09 14:42:37,771 | INFO | Successfully created PickPlaceCan environment via robosuite.make() with cameras at 84x84
2026-08-09 14:42:37,772 | INFO | Configured cameras: ['robot0_eye_in_hand']
2026-08-09 14:42:39,255 | INFO | Created 20 vectorized Can environments
2026-08-09 14:42:39,256 | INFO | Set video key to 'agentview' for video recording
2026-08-09 14:42:40,266 | INFO | Created observation keys: ['observation.state', 'observation.images.robot0_eye_in_hand']
2026-08-09 14:42:40,305 | INFO | Created observation keys: ['observation.state', 'observation.images.robot0_eye_in_hand']
2026-08-09 14:42:40,332 | INFO | Created observation keys: ['observation.state', 'observation.images.robot0_eye_in_hand']
2026-08-09 14:42:40,334 | INFO | Created observation keys: ['observation.state', 'observation.images.robot0_eye_in_hand']
2026-08-09 14:42:40,344 | INFO | Created observation keys: ['observation.state', 'observation.images.robot0_eye_in_hand']
2026-08-09 14:42:40,346 | INFO | Created observation keys: ['observation.state', 'observation.images.robot0_eye_in_hand']
2026-08-09 14:42:40,359 | INFO | Created observation keys: ['observation.state', 'observation.images.robot0_eye_in_hand']
2026-08-09 14:42:40,368 | INFO | Created observation keys: ['observation.state', 'observation.images.robot0_eye_in_hand']
2026-08-09 14:42:40,369 | INFO | Created observation keys: ['observation.state', 'observation.images.robot0_eye_in_hand']
2026-08-09 14:42:40,376 | INFO | Created observation keys: ['observation.state', 'observation.images.robot0_eye_in_hand']
2026-08-09 14:42:40,383 | INFO | Created observation keys: ['observation.state', 'observation.images.robot0_eye_in_hand']
2026-08-09 14:42:40,389 | INFO | Created observation keys: ['observation.state', 'observation.images.robot0_eye_in_hand']
2026-08-09 14:42:40,405 | INFO | Created observation keys: ['observation.state', 'observation.images.robot0_eye_in_hand']
2026-08-09 14:42:40,409 | INFO | Created observation keys: ['observation.state', 'observation.images.robot0_eye_in_hand']
2026-08-09 14:42:40,434 | INFO | Created observation keys: ['observation.state', 'observation.images.robot0_eye_in_hand']
2026-08-09 14:42:40,438 | INFO | Created observation keys: ['observation.state', 'observation.images.robot0_eye_in_hand']
2026-08-09 14:42:40,443 | INFO | Created observation keys: ['observation.state', 'observation.images.robot0_eye_in_hand']
2026-08-09 14:42:40,477 | INFO | Created observation keys: ['observation.state', 'observation.images.robot0_eye_in_hand']
2026-08-09 14:42:40,478 | INFO | Created observation keys: ['observation.state', 'observation.images.robot0_eye_in_hand']
2026-08-09 14:42:40,530 | INFO | Created observation keys: ['observation.state', 'observation.images.robot0_eye_in_hand']
render_gpu_device_id: 1
render_gpu_device_id: 1
render_gpu_device_id: 1
render_gpu_device_id: 1
render_gpu_device_id: 1
render_gpu_device_id: 1
render_gpu_device_id: 1
render_gpu_device_id: 1
render_gpu_device_id: 1
render_gpu_device_id: 1
render_gpu_device_id: 1
render_gpu_device_id: 1
render_gpu_device_id: 1
render_gpu_device_id: 1
render_gpu_device_id: 1
render_gpu_device_id: 1
render_gpu_device_id: 1
render_gpu_device_id: 1
render_gpu_device_id: 1
render_gpu_device_id: 1
2026-08-09 14:43:44,085 | INFO | phase=4 environments=20
2026-08-09 14:43:44,085 | INFO | Production mode: using gymnasium.vector.AsyncVectorEnv
2026-08-09 14:43:44,085 | INFO | Video key: agentview
2026-08-09 14:43:44,085 | INFO | Using image observation keys: ['robot0_eye_in_hand']
[robosuite INFO] Loading controller configuration from: /mnt/data/users/haoyu/workspace/code/fpo-control/manipulation_experiments/thirdparty/robosuite/robosuite/controllers/config/robots/default_panda.json (composite_controller_factory.py:121)
2026-08-09 14:43:44,086 | INFO | Loading controller configuration from: /mnt/data/users/haoyu/workspace/code/fpo-control/manipulation_experiments/thirdparty/robosuite/robosuite/controllers/config/robots/default_panda.json
2026-08-09 14:43:44,899 | INFO | Successfully created PickPlaceCan environment via robosuite.make() with cameras at 84x84
2026-08-09 14:43:44,900 | INFO | Configured cameras: ['robot0_eye_in_hand']
num_visible_gpus: 1 [1] render_override: None
render_gpu_device_id: 1
[robosuite WARNING] No private macro file found! (macros.py:57)
[robosuite WARNING] No private macro file found! (macros.py:57)
[robosuite WARNING] It is recommended to use a private macro file (macros.py:58)
[robosuite WARNING] It is recommended to use a private macro file (macros.py:58)
[robosuite WARNING] To setup, run: python /mnt/data/users/haoyu/workspace/code/fpo-control/manipulation_experiments/thirdparty/robosuite/robosuite/scripts/setup_macros.py (macros.py:59)
[robosuite WARNING] To setup, run: python /mnt/data/users/haoyu/workspace/code/fpo-control/manipulation_experiments/thirdparty/robosuite/robosuite/scripts/setup_macros.py (macros.py:59)
[robosuite WARNING] No private macro file found! (macros.py:57)
[robosuite WARNING] It is recommended to use a private macro file (macros.py:58)
[robosuite WARNING] To setup, run: python /mnt/data/users/haoyu/workspace/code/fpo-control/manipulation_experiments/thirdparty/robosuite/robosuite/scripts/setup_macros.py (macros.py:59)
[robosuite WARNING] No private macro file found! (macros.py:57)
[robosuite WARNING] No private macro file found! (macros.py:57)
[robosuite WARNING] No private macro file found! (macros.py:57)
[robosuite WARNING] It is recommended to use a private macro file (macros.py:58)
[robosuite WARNING] It is recommended to use a private macro file (macros.py:58)
[robosuite WARNING] It is recommended to use a private macro file (macros.py:58)
[robosuite WARNING] To setup, run: python /mnt/data/users/haoyu/workspace/code/fpo-control/manipulation_experiments/thirdparty/robosuite/robosuite/scripts/setup_macros.py (macros.py:59)
[robosuite WARNING] To setup, run: python /mnt/data/users/haoyu/workspace/code/fpo-control/manipulation_experiments/thirdparty/robosuite/robosuite/scripts/setup_macros.py (macros.py:59)
[robosuite WARNING] To setup, run: python /mnt/data/users/haoyu/workspace/code/fpo-control/manipulation_experiments/thirdparty/robosuite/robosuite/scripts/setup_macros.py (macros.py:59)
[robosuite WARNING] No private macro file found! (macros.py:57)
[robosuite WARNING] It is recommended to use a private macro file (macros.py:58)
[robosuite WARNING] To setup, run: python /mnt/data/users/haoyu/workspace/code/fpo-control/manipulation_experiments/thirdparty/robosuite/robosuite/scripts/setup_macros.py (macros.py:59)
[robosuite WARNING] No private macro file found! (macros.py:57)
[robosuite WARNING] It is recommended to use a private macro file (macros.py:58)
[robosuite WARNING] To setup, run: python /mnt/data/users/haoyu/workspace/code/fpo-control/manipulation_experiments/thirdparty/robosuite/robosuite/scripts/setup_macros.py (macros.py:59)
[robosuite WARNING] No private macro file found! (macros.py:57)
[robosuite WARNING] It is recommended to use a private macro file (macros.py:58)
[robosuite WARNING] To setup, run: python /mnt/data/users/haoyu/workspace/code/fpo-control/manipulation_experiments/thirdparty/robosuite/robosuite/scripts/setup_macros.py (macros.py:59)
[robosuite WARNING] No private macro file found! (macros.py:57)
[robosuite WARNING] It is recommended to use a private macro file (macros.py:58)
[robosuite WARNING] To setup, run: python /mnt/data/users/haoyu/workspace/code/fpo-control/manipulation_experiments/thirdparty/robosuite/robosuite/scripts/setup_macros.py (macros.py:59)
[robosuite WARNING] No private macro file found! (macros.py:57)
[robosuite WARNING] It is recommended to use a private macro file (macros.py:58)
[robosuite WARNING] To setup, run: python /mnt/data/users/haoyu/workspace/code/fpo-control/manipulation_experiments/thirdparty/robosuite/robosuite/scripts/setup_macros.py (macros.py:59)
[robosuite WARNING] No private macro file found! (macros.py:57)
[robosuite WARNING] It is recommended to use a private macro file (macros.py:58)
[robosuite WARNING] To setup, run: python /mnt/data/users/haoyu/workspace/code/fpo-control/manipulation_experiments/thirdparty/robosuite/robosuite/scripts/setup_macros.py (macros.py:59)
[robosuite WARNING] No private macro file found! (macros.py:57)
[robosuite WARNING] It is recommended to use a private macro file (macros.py:58)
[robosuite WARNING] To setup, run: python /mnt/data/users/haoyu/workspace/code/fpo-control/manipulation_experiments/thirdparty/robosuite/robosuite/scripts/setup_macros.py (macros.py:59)
[robosuite WARNING] No private macro file found! (macros.py:57)
[robosuite WARNING] It is recommended to use a private macro file (macros.py:58)
[robosuite WARNING] To setup, run: python /mnt/data/users/haoyu/workspace/code/fpo-control/manipulation_experiments/thirdparty/robosuite/robosuite/scripts/setup_macros.py (macros.py:59)
[robosuite WARNING] No private macro file found! (macros.py:57)
[robosuite WARNING] It is recommended to use a private macro file (macros.py:58)
[robosuite WARNING] To setup, run: python /mnt/data/users/haoyu/workspace/code/fpo-control/manipulation_experiments/thirdparty/robosuite/robosuite/scripts/setup_macros.py (macros.py:59)
[robosuite WARNING] No private macro file found! (macros.py:57)
[robosuite WARNING] It is recommended to use a private macro file (macros.py:58)
[robosuite WARNING] To setup, run: python /mnt/data/users/haoyu/workspace/code/fpo-control/manipulation_experiments/thirdparty/robosuite/robosuite/scripts/setup_macros.py (macros.py:59)
[robosuite WARNING] No private macro file found! (macros.py:57)
[robosuite WARNING] It is recommended to use a private macro file (macros.py:58)
[robosuite WARNING] To setup, run: python /mnt/data/users/haoyu/workspace/code/fpo-control/manipulation_experiments/thirdparty/robosuite/robosuite/scripts/setup_macros.py (macros.py:59)
[robosuite WARNING] No private macro file found! (macros.py:57)
[robosuite WARNING] It is recommended to use a private macro file (macros.py:58)
[robosuite WARNING] To setup, run: python /mnt/data/users/haoyu/workspace/code/fpo-control/manipulation_experiments/thirdparty/robosuite/robosuite/scripts/setup_macros.py (macros.py:59)
[robosuite WARNING] No private macro file found! (macros.py:57)
[robosuite WARNING] It is recommended to use a private macro file (macros.py:58)
[robosuite WARNING] To setup, run: python /mnt/data/users/haoyu/workspace/code/fpo-control/manipulation_experiments/thirdparty/robosuite/robosuite/scripts/setup_macros.py (macros.py:59)
[robosuite WARNING] No private macro file found! (macros.py:57)
[robosuite WARNING] It is recommended to use a private macro file (macros.py:58)
[robosuite WARNING] To setup, run: python /mnt/data/users/haoyu/workspace/code/fpo-control/manipulation_experiments/thirdparty/robosuite/robosuite/scripts/setup_macros.py (macros.py:59)
[robosuite WARNING] Could not import robosuite_models. Some robots may not be available. If you want to use these robots, please install robosuite_models from source (https://github.com/ARISE-Initiative/robosuite_models) or through pip install. (__init__.py:30)
[robosuite WARNING] Could not import robosuite_models. Some robots may not be available. If you want to use these robots, please install robosuite_models from source (https://github.com/ARISE-Initiative/robosuite_models) or through pip install. (__init__.py:30)
[robosuite WARNING] Could not import robosuite_models. Some robots may not be available. If you want to use these robots, please install robosuite_models from source (https://github.com/ARISE-Initiative/robosuite_models) or through pip install. (__init__.py:30)
[robosuite WARNING] Could not import robosuite_models. Some robots may not be available. If you want to use these robots, please install robosuite_models from source (https://github.com/ARISE-Initiative/robosuite_models) or through pip install. (__init__.py:30)
[robosuite WARNING] Could not import robosuite_models. Some robots may not be available. If you want to use these robots, please install robosuite_models from source (https://github.com/ARISE-Initiative/robosuite_models) or through pip install. (__init__.py:30)
[robosuite WARNING] Could not import robosuite_models. Some robots may not be available. If you want to use these robots, please install robosuite_models from source (https://github.com/ARISE-Initiative/robosuite_models) or through pip install. (__init__.py:30)
[robosuite WARNING] Could not import robosuite_models. Some robots may not be available. If you want to use these robots, please install robosuite_models from source (https://github.com/ARISE-Initiative/robosuite_models) or through pip install. (__init__.py:30)
[robosuite WARNING] Could not import robosuite_models. Some robots may not be available. If you want to use these robots, please install robosuite_models from source (https://github.com/ARISE-Initiative/robosuite_models) or through pip install. (__init__.py:30)
[robosuite WARNING] Could not import robosuite_models. Some robots may not be available. If you want to use these robots, please install robosuite_models from source (https://github.com/ARISE-Initiative/robosuite_models) or through pip install. (__init__.py:30)
[robosuite WARNING] Could not import robosuite_models. Some robots may not be available. If you want to use these robots, please install robosuite_models from source (https://github.com/ARISE-Initiative/robosuite_models) or through pip install. (__init__.py:30)
[robosuite WARNING] Could not import robosuite_models. Some robots may not be available. If you want to use these robots, please install robosuite_models from source (https://github.com/ARISE-Initiative/robosuite_models) or through pip install. (__init__.py:30)
[robosuite WARNING] Could not import robosuite_models. Some robots may not be available. If you want to use these robots, please install robosuite_models from source (https://github.com/ARISE-Initiative/robosuite_models) or through pip install. (__init__.py:30)
[robosuite WARNING] Could not import robosuite_models. Some robots may not be available. If you want to use these robots, please install robosuite_models from source (https://github.com/ARISE-Initiative/robosuite_models) or through pip install. (__init__.py:30)
[robosuite WARNING] Could not import robosuite_models. Some robots may not be available. If you want to use these robots, please install robosuite_models from source (https://github.com/ARISE-Initiative/robosuite_models) or through pip install. (__init__.py:30)
[robosuite WARNING] Could not import robosuite_models. Some robots may not be available. If you want to use these robots, please install robosuite_models from source (https://github.com/ARISE-Initiative/robosuite_models) or through pip install. (__init__.py:30)
[robosuite WARNING] Could not import robosuite_models. Some robots may not be available. If you want to use these robots, please install robosuite_models from source (https://github.com/ARISE-Initiative/robosuite_models) or through pip install. (__init__.py:30)
[robosuite WARNING] Could not import robosuite_models. Some robots may not be available. If you want to use these robots, please install robosuite_models from source (https://github.com/ARISE-Initiative/robosuite_models) or through pip install. (__init__.py:30)
[robosuite WARNING] Could not import robosuite_models. Some robots may not be available. If you want to use these robots, please install robosuite_models from source (https://github.com/ARISE-Initiative/robosuite_models) or through pip install. (__init__.py:30)
[robosuite WARNING] Could not import robosuite_models. Some robots may not be available. If you want to use these robots, please install robosuite_models from source (https://github.com/ARISE-Initiative/robosuite_models) or through pip install. (__init__.py:30)
[robosuite WARNING] Could not import robosuite_models. Some robots may not be available. If you want to use these robots, please install robosuite_models from source (https://github.com/ARISE-Initiative/robosuite_models) or through pip install. (__init__.py:30)
2026-08-09 14:43:54,692 | INFO | Video key: agentview
2026-08-09 14:43:54,693 | INFO | Using image observation keys: ['robot0_eye_in_hand']
[robosuite INFO] Loading controller configuration from: /mnt/data/users/haoyu/workspace/code/fpo-control/manipulation_experiments/thirdparty/robosuite/robosuite/controllers/config/robots/default_panda.json (composite_controller_factory.py:121)
2026-08-09 14:43:54,693 | INFO | Loading controller configuration from: /mnt/data/users/haoyu/workspace/code/fpo-control/manipulation_experiments/thirdparty/robosuite/robosuite/controllers/config/robots/default_panda.json
2026-08-09 14:43:55,518 | INFO | Video key: agentview
2026-08-09 14:43:55,518 | INFO | Using image observation keys: ['robot0_eye_in_hand']
[robosuite INFO] Loading controller configuration from: /mnt/data/users/haoyu/workspace/code/fpo-control/manipulation_experiments/thirdparty/robosuite/robosuite/controllers/config/robots/default_panda.json (composite_controller_factory.py:121)
2026-08-09 14:43:55,518 | INFO | Loading controller configuration from: /mnt/data/users/haoyu/workspace/code/fpo-control/manipulation_experiments/thirdparty/robosuite/robosuite/controllers/config/robots/default_panda.json
2026-08-09 14:43:55,701 | INFO | Video key: agentview
2026-08-09 14:43:55,701 | INFO | Using image observation keys: ['robot0_eye_in_hand']
[robosuite INFO] Loading controller configuration from: /mnt/data/users/haoyu/workspace/code/fpo-control/manipulation_experiments/thirdparty/robosuite/robosuite/controllers/config/robots/default_panda.json (composite_controller_factory.py:121)
2026-08-09 14:43:55,702 | INFO | Loading controller configuration from: /mnt/data/users/haoyu/workspace/code/fpo-control/manipulation_experiments/thirdparty/robosuite/robosuite/controllers/config/robots/default_panda.json
2026-08-09 14:43:56,004 | INFO | Video key: agentview
2026-08-09 14:43:56,004 | INFO | Using image observation keys: ['robot0_eye_in_hand']
[robosuite INFO] Loading controller configuration from: /mnt/data/users/haoyu/workspace/code/fpo-control/manipulation_experiments/thirdparty/robosuite/robosuite/controllers/config/robots/default_panda.json (composite_controller_factory.py:121)
2026-08-09 14:43:56,004 | INFO | Loading controller configuration from: /mnt/data/users/haoyu/workspace/code/fpo-control/manipulation_experiments/thirdparty/robosuite/robosuite/controllers/config/robots/default_panda.json
2026-08-09 14:43:56,324 | INFO | Video key: agentview
2026-08-09 14:43:56,324 | INFO | Using image observation keys: ['robot0_eye_in_hand']
[robosuite INFO] Loading controller configuration from: /mnt/data/users/haoyu/workspace/code/fpo-control/manipulation_experiments/thirdparty/robosuite/robosuite/controllers/config/robots/default_panda.json (composite_controller_factory.py:121)
2026-08-09 14:43:56,324 | INFO | Loading controller configuration from: /mnt/data/users/haoyu/workspace/code/fpo-control/manipulation_experiments/thirdparty/robosuite/robosuite/controllers/config/robots/default_panda.json
2026-08-09 14:43:56,527 | INFO | Successfully created PickPlaceCan environment via robosuite.make() with cameras at 84x84
2026-08-09 14:43:56,528 | INFO | Configured cameras: ['robot0_eye_in_hand']
2026-08-09 14:43:57,002 | INFO | Video key: agentview
2026-08-09 14:43:57,002 | INFO | Using image observation keys: ['robot0_eye_in_hand']
[robosuite INFO] Loading controller configuration from: /mnt/data/users/haoyu/workspace/code/fpo-control/manipulation_experiments/thirdparty/robosuite/robosuite/controllers/config/robots/default_panda.json (composite_controller_factory.py:121)
2026-08-09 14:43:57,002 | INFO | Loading controller configuration from: /mnt/data/users/haoyu/workspace/code/fpo-control/manipulation_experiments/thirdparty/robosuite/robosuite/controllers/config/robots/default_panda.json
2026-08-09 14:43:57,272 | INFO | Video key: agentview
2026-08-09 14:43:57,273 | INFO | Using image observation keys: ['robot0_eye_in_hand']
[robosuite INFO] Loading controller configuration from: /mnt/data/users/haoyu/workspace/code/fpo-control/manipulation_experiments/thirdparty/robosuite/robosuite/controllers/config/robots/default_panda.json (composite_controller_factory.py:121)
2026-08-09 14:43:57,273 | INFO | Loading controller configuration from: /mnt/data/users/haoyu/workspace/code/fpo-control/manipulation_experiments/thirdparty/robosuite/robosuite/controllers/config/robots/default_panda.json
2026-08-09 14:43:57,318 | INFO | Successfully created PickPlaceCan environment via robosuite.make() with cameras at 84x84
2026-08-09 14:43:57,318 | INFO | Configured cameras: ['robot0_eye_in_hand']
2026-08-09 14:43:57,546 | INFO | Successfully created PickPlaceCan environment via robosuite.make() with cameras at 84x84
2026-08-09 14:43:57,546 | INFO | Configured cameras: ['robot0_eye_in_hand']
2026-08-09 14:43:57,570 | INFO | Video key: agentview
2026-08-09 14:43:57,571 | INFO | Using image observation keys: ['robot0_eye_in_hand']
[robosuite INFO] Loading controller configuration from: /mnt/data/users/haoyu/workspace/code/fpo-control/manipulation_experiments/thirdparty/robosuite/robosuite/controllers/config/robots/default_panda.json (composite_controller_factory.py:121)
2026-08-09 14:43:57,571 | INFO | Loading controller configuration from: /mnt/data/users/haoyu/workspace/code/fpo-control/manipulation_experiments/thirdparty/robosuite/robosuite/controllers/config/robots/default_panda.json
2026-08-09 14:43:57,607 | INFO | Video key: agentview
2026-08-09 14:43:57,607 | INFO | Using image observation keys: ['robot0_eye_in_hand']
[robosuite INFO] Loading controller configuration from: /mnt/data/users/haoyu/workspace/code/fpo-control/manipulation_experiments/thirdparty/robosuite/robosuite/controllers/config/robots/default_panda.json (composite_controller_factory.py:121)
2026-08-09 14:43:57,607 | INFO | Loading controller configuration from: /mnt/data/users/haoyu/workspace/code/fpo-control/manipulation_experiments/thirdparty/robosuite/robosuite/controllers/config/robots/default_panda.json
2026-08-09 14:43:57,618 | INFO | Video key: agentview
2026-08-09 14:43:57,618 | INFO | Using image observation keys: ['robot0_eye_in_hand']
[robosuite INFO] Loading controller configuration from: /mnt/data/users/haoyu/workspace/code/fpo-control/manipulation_experiments/thirdparty/robosuite/robosuite/controllers/config/robots/default_panda.json (composite_controller_factory.py:121)
2026-08-09 14:43:57,618 | INFO | Loading controller configuration from: /mnt/data/users/haoyu/workspace/code/fpo-control/manipulation_experiments/thirdparty/robosuite/robosuite/controllers/config/robots/default_panda.json
2026-08-09 14:43:57,631 | INFO | Video key: agentview
2026-08-09 14:43:57,631 | INFO | Using image observation keys: ['robot0_eye_in_hand']
[robosuite INFO] Loading controller configuration from: /mnt/data/users/haoyu/workspace/code/fpo-control/manipulation_experiments/thirdparty/robosuite/robosuite/controllers/config/robots/default_panda.json (composite_controller_factory.py:121)
2026-08-09 14:43:57,631 | INFO | Loading controller configuration from: /mnt/data/users/haoyu/workspace/code/fpo-control/manipulation_experiments/thirdparty/robosuite/robosuite/controllers/config/robots/default_panda.json
2026-08-09 14:43:57,650 | INFO | Video key: agentview
2026-08-09 14:43:57,650 | INFO | Using image observation keys: ['robot0_eye_in_hand']
[robosuite INFO] Loading controller configuration from: /mnt/data/users/haoyu/workspace/code/fpo-control/manipulation_experiments/thirdparty/robosuite/robosuite/controllers/config/robots/default_panda.json (composite_controller_factory.py:121)
2026-08-09 14:43:57,650 | INFO | Loading controller configuration from: /mnt/data/users/haoyu/workspace/code/fpo-control/manipulation_experiments/thirdparty/robosuite/robosuite/controllers/config/robots/default_panda.json
2026-08-09 14:43:57,665 | INFO | Video key: agentview
2026-08-09 14:43:57,665 | INFO | Using image observation keys: ['robot0_eye_in_hand']
[robosuite INFO] Loading controller configuration from: /mnt/data/users/haoyu/workspace/code/fpo-control/manipulation_experiments/thirdparty/robosuite/robosuite/controllers/config/robots/default_panda.json (composite_controller_factory.py:121)
2026-08-09 14:43:57,665 | INFO | Loading controller configuration from: /mnt/data/users/haoyu/workspace/code/fpo-control/manipulation_experiments/thirdparty/robosuite/robosuite/controllers/config/robots/default_panda.json
2026-08-09 14:43:57,675 | INFO | Video key: agentview
2026-08-09 14:43:57,675 | INFO | Using image observation keys: ['robot0_eye_in_hand']
[robosuite INFO] Loading controller configuration from: /mnt/data/users/haoyu/workspace/code/fpo-control/manipulation_experiments/thirdparty/robosuite/robosuite/controllers/config/robots/default_panda.json (composite_controller_factory.py:121)
2026-08-09 14:43:57,675 | INFO | Loading controller configuration from: /mnt/data/users/haoyu/workspace/code/fpo-control/manipulation_experiments/thirdparty/robosuite/robosuite/controllers/config/robots/default_panda.json
2026-08-09 14:43:57,697 | INFO | Video key: agentview
2026-08-09 14:43:57,697 | INFO | Using image observation keys: ['robot0_eye_in_hand']
[robosuite INFO] Loading controller configuration from: /mnt/data/users/haoyu/workspace/code/fpo-control/manipulation_experiments/thirdparty/robosuite/robosuite/controllers/config/robots/default_panda.json (composite_controller_factory.py:121)
2026-08-09 14:43:57,697 | INFO | Loading controller configuration from: /mnt/data/users/haoyu/workspace/code/fpo-control/manipulation_experiments/thirdparty/robosuite/robosuite/controllers/config/robots/default_panda.json
2026-08-09 14:43:57,698 | INFO | Video key: agentview
2026-08-09 14:43:57,698 | INFO | Using image observation keys: ['robot0_eye_in_hand']
[robosuite INFO] Loading controller configuration from: /mnt/data/users/haoyu/workspace/code/fpo-control/manipulation_experiments/thirdparty/robosuite/robosuite/controllers/config/robots/default_panda.json (composite_controller_factory.py:121)
2026-08-09 14:43:57,698 | INFO | Loading controller configuration from: /mnt/data/users/haoyu/workspace/code/fpo-control/manipulation_experiments/thirdparty/robosuite/robosuite/controllers/config/robots/default_panda.json
2026-08-09 14:43:57,703 | INFO | Video key: agentview
2026-08-09 14:43:57,703 | INFO | Using image observation keys: ['robot0_eye_in_hand']
[robosuite INFO] Loading controller configuration from: /mnt/data/users/haoyu/workspace/code/fpo-control/manipulation_experiments/thirdparty/robosuite/robosuite/controllers/config/robots/default_panda.json (composite_controller_factory.py:121)
2026-08-09 14:43:57,703 | INFO | Loading controller configuration from: /mnt/data/users/haoyu/workspace/code/fpo-control/manipulation_experiments/thirdparty/robosuite/robosuite/controllers/config/robots/default_panda.json
2026-08-09 14:43:57,709 | INFO | Video key: agentview
2026-08-09 14:43:57,709 | INFO | Using image observation keys: ['robot0_eye_in_hand']
[robosuite INFO] Loading controller configuration from: /mnt/data/users/haoyu/workspace/code/fpo-control/manipulation_experiments/thirdparty/robosuite/robosuite/controllers/config/robots/default_panda.json (composite_controller_factory.py:121)
2026-08-09 14:43:57,710 | INFO | Loading controller configuration from: /mnt/data/users/haoyu/workspace/code/fpo-control/manipulation_experiments/thirdparty/robosuite/robosuite/controllers/config/robots/default_panda.json
2026-08-09 14:43:57,712 | INFO | Video key: agentview
2026-08-09 14:43:57,712 | INFO | Using image observation keys: ['robot0_eye_in_hand']
[robosuite INFO] Loading controller configuration from: /mnt/data/users/haoyu/workspace/code/fpo-control/manipulation_experiments/thirdparty/robosuite/robosuite/controllers/config/robots/default_panda.json (composite_controller_factory.py:121)
2026-08-09 14:43:57,713 | INFO | Loading controller configuration from: /mnt/data/users/haoyu/workspace/code/fpo-control/manipulation_experiments/thirdparty/robosuite/robosuite/controllers/config/robots/default_panda.json
2026-08-09 14:43:57,715 | INFO | Video key: agentview
2026-08-09 14:43:57,715 | INFO | Using image observation keys: ['robot0_eye_in_hand']
[robosuite INFO] Loading controller configuration from: /mnt/data/users/haoyu/workspace/code/fpo-control/manipulation_experiments/thirdparty/robosuite/robosuite/controllers/config/robots/default_panda.json (composite_controller_factory.py:121)
2026-08-09 14:43:57,715 | INFO | Loading controller configuration from: /mnt/data/users/haoyu/workspace/code/fpo-control/manipulation_experiments/thirdparty/robosuite/robosuite/controllers/config/robots/default_panda.json
2026-08-09 14:43:57,828 | INFO | Successfully created PickPlaceCan environment via robosuite.make() with cameras at 84x84
2026-08-09 14:43:57,828 | INFO | Configured cameras: ['robot0_eye_in_hand']
2026-08-09 14:43:58,200 | INFO | Successfully created PickPlaceCan environment via robosuite.make() with cameras at 84x84
2026-08-09 14:43:58,200 | INFO | Configured cameras: ['robot0_eye_in_hand']
2026-08-09 14:43:58,795 | INFO | Successfully created PickPlaceCan environment via robosuite.make() with cameras at 84x84
2026-08-09 14:43:58,795 | INFO | Configured cameras: ['robot0_eye_in_hand']
2026-08-09 14:43:59,130 | INFO | Successfully created PickPlaceCan environment via robosuite.make() with cameras at 84x84
2026-08-09 14:43:59,130 | INFO | Configured cameras: ['robot0_eye_in_hand']
2026-08-09 14:43:59,355 | INFO | Successfully created PickPlaceCan environment via robosuite.make() with cameras at 84x84
2026-08-09 14:43:59,355 | INFO | Configured cameras: ['robot0_eye_in_hand']
2026-08-09 14:43:59,388 | INFO | Successfully created PickPlaceCan environment via robosuite.make() with cameras at 84x84
2026-08-09 14:43:59,388 | INFO | Configured cameras: ['robot0_eye_in_hand']
2026-08-09 14:43:59,461 | INFO | Successfully created PickPlaceCan environment via robosuite.make() with cameras at 84x84
2026-08-09 14:43:59,461 | INFO | Configured cameras: ['robot0_eye_in_hand']
2026-08-09 14:43:59,495 | INFO | Successfully created PickPlaceCan environment via robosuite.make() with cameras at 84x84
2026-08-09 14:43:59,496 | INFO | Configured cameras: ['robot0_eye_in_hand']
2026-08-09 14:43:59,500 | INFO | Successfully created PickPlaceCan environment via robosuite.make() with cameras at 84x84
2026-08-09 14:43:59,500 | INFO | Configured cameras: ['robot0_eye_in_hand']
2026-08-09 14:43:59,502 | INFO | Successfully created PickPlaceCan environment via robosuite.make() with cameras at 84x84
2026-08-09 14:43:59,502 | INFO | Configured cameras: ['robot0_eye_in_hand']
2026-08-09 14:43:59,502 | INFO | Successfully created PickPlaceCan environment via robosuite.make() with cameras at 84x84
2026-08-09 14:43:59,502 | INFO | Configured cameras: ['robot0_eye_in_hand']
2026-08-09 14:43:59,504 | INFO | Successfully created PickPlaceCan environment via robosuite.make() with cameras at 84x84
2026-08-09 14:43:59,504 | INFO | Configured cameras: ['robot0_eye_in_hand']
2026-08-09 14:43:59,533 | INFO | Successfully created PickPlaceCan environment via robosuite.make() with cameras at 84x84
2026-08-09 14:43:59,533 | INFO | Configured cameras: ['robot0_eye_in_hand']
2026-08-09 14:43:59,548 | INFO | Successfully created PickPlaceCan environment via robosuite.make() with cameras at 84x84
2026-08-09 14:43:59,548 | INFO | Configured cameras: ['robot0_eye_in_hand']
2026-08-09 14:43:59,561 | INFO | Successfully created PickPlaceCan environment via robosuite.make() with cameras at 84x84
2026-08-09 14:43:59,562 | INFO | Configured cameras: ['robot0_eye_in_hand']
2026-08-09 14:43:59,575 | INFO | Successfully created PickPlaceCan environment via robosuite.make() with cameras at 84x84
2026-08-09 14:43:59,576 | INFO | Configured cameras: ['robot0_eye_in_hand']
2026-08-09 14:43:59,639 | INFO | Successfully created PickPlaceCan environment via robosuite.make() with cameras at 84x84
2026-08-09 14:43:59,639 | INFO | Configured cameras: ['robot0_eye_in_hand']
2026-08-09 14:44:00,782 | INFO | Created 20 vectorized Can environments
2026-08-09 14:44:00,782 | INFO | Set video key to 'agentview' for video recording
2026-08-09 14:44:01,835 | INFO | Created observation keys: ['observation.state', 'observation.images.robot0_eye_in_hand']
2026-08-09 14:44:01,840 | INFO | Created observation keys: ['observation.state', 'observation.images.robot0_eye_in_hand']
2026-08-09 14:44:01,882 | INFO | Created observation keys: ['observation.state', 'observation.images.robot0_eye_in_hand']
2026-08-09 14:44:01,891 | INFO | Created observation keys: ['observation.state', 'observation.images.robot0_eye_in_hand']
2026-08-09 14:44:01,891 | INFO | Created observation keys: ['observation.state', 'observation.images.robot0_eye_in_hand']
2026-08-09 14:44:01,906 | INFO | Created observation keys: ['observation.state', 'observation.images.robot0_eye_in_hand']
2026-08-09 14:44:01,908 | INFO | Created observation keys: ['observation.state', 'observation.images.robot0_eye_in_hand']
2026-08-09 14:44:01,911 | INFO | Created observation keys: ['observation.state', 'observation.images.robot0_eye_in_hand']
2026-08-09 14:44:01,914 | INFO | Created observation keys: ['observation.state', 'observation.images.robot0_eye_in_hand']
2026-08-09 14:44:01,915 | INFO | Created observation keys: ['observation.state', 'observation.images.robot0_eye_in_hand']
2026-08-09 14:44:01,917 | INFO | Created observation keys: ['observation.state', 'observation.images.robot0_eye_in_hand']
2026-08-09 14:44:01,928 | INFO | Created observation keys: ['observation.state', 'observation.images.robot0_eye_in_hand']
2026-08-09 14:44:01,932 | INFO | Created observation keys: ['observation.state', 'observation.images.robot0_eye_in_hand']
2026-08-09 14:44:01,932 | INFO | Created observation keys: ['observation.state', 'observation.images.robot0_eye_in_hand']
2026-08-09 14:44:01,935 | INFO | Created observation keys: ['observation.state', 'observation.images.robot0_eye_in_hand']
2026-08-09 14:44:01,947 | INFO | Created observation keys: ['observation.state', 'observation.images.robot0_eye_in_hand']
2026-08-09 14:44:01,969 | INFO | Created observation keys: ['observation.state', 'observation.images.robot0_eye_in_hand']
2026-08-09 14:44:02,005 | INFO | Created observation keys: ['observation.state', 'observation.images.robot0_eye_in_hand']
2026-08-09 14:44:02,022 | INFO | Created observation keys: ['observation.state', 'observation.images.robot0_eye_in_hand']
2026-08-09 14:44:02,044 | INFO | Created observation keys: ['observation.state', 'observation.images.robot0_eye_in_hand']
render_gpu_device_id: 1
render_gpu_device_id: 1
render_gpu_device_id: 1
render_gpu_device_id: 1
render_gpu_device_id: 1
render_gpu_device_id: 1
render_gpu_device_id: 1
render_gpu_device_id: 1
render_gpu_device_id: 1
render_gpu_device_id: 1
render_gpu_device_id: 1
render_gpu_device_id: 1
render_gpu_device_id: 1
render_gpu_device_id: 1
render_gpu_device_id: 1
render_gpu_device_id: 1
render_gpu_device_id: 1
render_gpu_device_id: 1
render_gpu_device_id: 1
render_gpu_device_id: 1
2026-08-09 14:44:59,391 | INFO | phase=5 environments=20
2026-08-09 14:44:59,392 | INFO | Production mode: using gymnasium.vector.AsyncVectorEnv
2026-08-09 14:44:59,392 | INFO | Video key: agentview
2026-08-09 14:44:59,392 | INFO | Using image observation keys: ['robot0_eye_in_hand']
[robosuite INFO] Loading controller configuration from: /mnt/data/users/haoyu/workspace/code/fpo-control/manipulation_experiments/thirdparty/robosuite/robosuite/controllers/config/robots/default_panda.json (composite_controller_factory.py:121)
2026-08-09 14:44:59,393 | INFO | Loading controller configuration from: /mnt/data/users/haoyu/workspace/code/fpo-control/manipulation_experiments/thirdparty/robosuite/robosuite/controllers/config/robots/default_panda.json
2026-08-09 14:45:00,208 | INFO | Successfully created PickPlaceCan environment via robosuite.make() with cameras at 84x84
2026-08-09 14:45:00,208 | INFO | Configured cameras: ['robot0_eye_in_hand']
num_visible_gpus: 1 [1] render_override: None
render_gpu_device_id: 1
[robosuite WARNING] No private macro file found! (macros.py:57)
[robosuite WARNING] It is recommended to use a private macro file (macros.py:58)
[robosuite WARNING] To setup, run: python /mnt/data/users/haoyu/workspace/code/fpo-control/manipulation_experiments/thirdparty/robosuite/robosuite/scripts/setup_macros.py (macros.py:59)
[robosuite WARNING] No private macro file found! (macros.py:57)
[robosuite WARNING] It is recommended to use a private macro file (macros.py:58)
[robosuite WARNING] To setup, run: python /mnt/data/users/haoyu/workspace/code/fpo-control/manipulation_experiments/thirdparty/robosuite/robosuite/scripts/setup_macros.py (macros.py:59)
[robosuite WARNING] No private macro file found! (macros.py:57)
[robosuite WARNING] It is recommended to use a private macro file (macros.py:58)
[robosuite WARNING] To setup, run: python /mnt/data/users/haoyu/workspace/code/fpo-control/manipulation_experiments/thirdparty/robosuite/robosuite/scripts/setup_macros.py (macros.py:59)
[robosuite WARNING] No private macro file found! (macros.py:57)
[robosuite WARNING] It is recommended to use a private macro file (macros.py:58)
[robosuite WARNING] To setup, run: python /mnt/data/users/haoyu/workspace/code/fpo-control/manipulation_experiments/thirdparty/robosuite/robosuite/scripts/setup_macros.py (macros.py:59)
[robosuite WARNING] No private macro file found! (macros.py:57)
[robosuite WARNING] It is recommended to use a private macro file (macros.py:58)
[robosuite WARNING] To setup, run: python /mnt/data/users/haoyu/workspace/code/fpo-control/manipulation_experiments/thirdparty/robosuite/robosuite/scripts/setup_macros.py (macros.py:59)
[robosuite WARNING] No private macro file found! (macros.py:57)
[robosuite WARNING] It is recommended to use a private macro file (macros.py:58)
[robosuite WARNING] To setup, run: python /mnt/data/users/haoyu/workspace/code/fpo-control/manipulation_experiments/thirdparty/robosuite/robosuite/scripts/setup_macros.py (macros.py:59)
[robosuite WARNING] No private macro file found! (macros.py:57)
[robosuite WARNING] It is recommended to use a private macro file (macros.py:58)
[robosuite WARNING] To setup, run: python /mnt/data/users/haoyu/workspace/code/fpo-control/manipulation_experiments/thirdparty/robosuite/robosuite/scripts/setup_macros.py (macros.py:59)
[robosuite WARNING] No private macro file found! (macros.py:57)
[robosuite WARNING] It is recommended to use a private macro file (macros.py:58)
[robosuite WARNING] To setup, run: python /mnt/data/users/haoyu/workspace/code/fpo-control/manipulation_experiments/thirdparty/robosuite/robosuite/scripts/setup_macros.py (macros.py:59)
[robosuite WARNING] No private macro file found! (macros.py:57)
[robosuite WARNING] No private macro file found! (macros.py:57)
[robosuite WARNING] It is recommended to use a private macro file (macros.py:58)
[robosuite WARNING] It is recommended to use a private macro file (macros.py:58)
[robosuite WARNING] To setup, run: python /mnt/data/users/haoyu/workspace/code/fpo-control/manipulation_experiments/thirdparty/robosuite/robosuite/scripts/setup_macros.py (macros.py:59)
[robosuite WARNING] To setup, run: python /mnt/data/users/haoyu/workspace/code/fpo-control/manipulation_experiments/thirdparty/robosuite/robosuite/scripts/setup_macros.py (macros.py:59)
[robosuite WARNING] No private macro file found! (macros.py:57)
[robosuite WARNING] It is recommended to use a private macro file (macros.py:58)
[robosuite WARNING] To setup, run: python /mnt/data/users/haoyu/workspace/code/fpo-control/manipulation_experiments/thirdparty/robosuite/robosuite/scripts/setup_macros.py (macros.py:59)
[robosuite WARNING] No private macro file found! (macros.py:57)
[robosuite WARNING] It is recommended to use a private macro file (macros.py:58)
[robosuite WARNING] To setup, run: python /mnt/data/users/haoyu/workspace/code/fpo-control/manipulation_experiments/thirdparty/robosuite/robosuite/scripts/setup_macros.py (macros.py:59)
[robosuite WARNING] No private macro file found! (macros.py:57)
[robosuite WARNING] It is recommended to use a private macro file (macros.py:58)
[robosuite WARNING] To setup, run: python /mnt/data/users/haoyu/workspace/code/fpo-control/manipulation_experiments/thirdparty/robosuite/robosuite/scripts/setup_macros.py (macros.py:59)
[robosuite WARNING] No private macro file found! (macros.py:57)
[robosuite WARNING] It is recommended to use a private macro file (macros.py:58)
[robosuite WARNING] To setup, run: python /mnt/data/users/haoyu/workspace/code/fpo-control/manipulation_experiments/thirdparty/robosuite/robosuite/scripts/setup_macros.py (macros.py:59)
[robosuite WARNING] No private macro file found! (macros.py:57)
[robosuite WARNING] It is recommended to use a private macro file (macros.py:58)
[robosuite WARNING] To setup, run: python /mnt/data/users/haoyu/workspace/code/fpo-control/manipulation_experiments/thirdparty/robosuite/robosuite/scripts/setup_macros.py (macros.py:59)
[robosuite WARNING] No private macro file found! (macros.py:57)
[robosuite WARNING] It is recommended to use a private macro file (macros.py:58)
[robosuite WARNING] To setup, run: python /mnt/data/users/haoyu/workspace/code/fpo-control/manipulation_experiments/thirdparty/robosuite/robosuite/scripts/setup_macros.py (macros.py:59)
[robosuite WARNING] No private macro file found! (macros.py:57)
[robosuite WARNING] It is recommended to use a private macro file (macros.py:58)
[robosuite WARNING] To setup, run: python /mnt/data/users/haoyu/workspace/code/fpo-control/manipulation_experiments/thirdparty/robosuite/robosuite/scripts/setup_macros.py (macros.py:59)
[robosuite WARNING] No private macro file found! (macros.py:57)
[robosuite WARNING] It is recommended to use a private macro file (macros.py:58)
[robosuite WARNING] No private macro file found! (macros.py:57)
[robosuite WARNING] To setup, run: python /mnt/data/users/haoyu/workspace/code/fpo-control/manipulation_experiments/thirdparty/robosuite/robosuite/scripts/setup_macros.py (macros.py:59)
[robosuite WARNING] It is recommended to use a private macro file (macros.py:58)
[robosuite WARNING] To setup, run: python /mnt/data/users/haoyu/workspace/code/fpo-control/manipulation_experiments/thirdparty/robosuite/robosuite/scripts/setup_macros.py (macros.py:59)
[robosuite WARNING] No private macro file found! (macros.py:57)
[robosuite WARNING] It is recommended to use a private macro file (macros.py:58)
[robosuite WARNING] To setup, run: python /mnt/data/users/haoyu/workspace/code/fpo-control/manipulation_experiments/thirdparty/robosuite/robosuite/scripts/setup_macros.py (macros.py:59)
[robosuite WARNING] Could not import robosuite_models. Some robots may not be available. If you want to use these robots, please install robosuite_models from source (https://github.com/ARISE-Initiative/robosuite_models) or through pip install. (__init__.py:30)
[robosuite WARNING] Could not import robosuite_models. Some robots may not be available. If you want to use these robots, please install robosuite_models from source (https://github.com/ARISE-Initiative/robosuite_models) or through pip install. (__init__.py:30)
[robosuite WARNING] Could not import robosuite_models. Some robots may not be available. If you want to use these robots, please install robosuite_models from source (https://github.com/ARISE-Initiative/robosuite_models) or through pip install. (__init__.py:30)
[robosuite WARNING] Could not import robosuite_models. Some robots may not be available. If you want to use these robots, please install robosuite_models from source (https://github.com/ARISE-Initiative/robosuite_models) or through pip install. (__init__.py:30)
[robosuite WARNING] Could not import robosuite_models. Some robots may not be available. If you want to use these robots, please install robosuite_models from source (https://github.com/ARISE-Initiative/robosuite_models) or through pip install. (__init__.py:30)
[robosuite WARNING] Could not import robosuite_models. Some robots may not be available. If you want to use these robots, please install robosuite_models from source (https://github.com/ARISE-Initiative/robosuite_models) or through pip install. (__init__.py:30)
[robosuite WARNING] Could not import robosuite_models. Some robots may not be available. If you want to use these robots, please install robosuite_models from source (https://github.com/ARISE-Initiative/robosuite_models) or through pip install. (__init__.py:30)
[robosuite WARNING] Could not import robosuite_models. Some robots may not be available. If you want to use these robots, please install robosuite_models from source (https://github.com/ARISE-Initiative/robosuite_models) or through pip install. (__init__.py:30)
[robosuite WARNING] Could not import robosuite_models. Some robots may not be available. If you want to use these robots, please install robosuite_models from source (https://github.com/ARISE-Initiative/robosuite_models) or through pip install. (__init__.py:30)
[robosuite WARNING] Could not import robosuite_models. Some robots may not be available. If you want to use these robots, please install robosuite_models from source (https://github.com/ARISE-Initiative/robosuite_models) or through pip install. (__init__.py:30)
[robosuite WARNING] Could not import robosuite_models. Some robots may not be available. If you want to use these robots, please install robosuite_models from source (https://github.com/ARISE-Initiative/robosuite_models) or through pip install. (__init__.py:30)
[robosuite WARNING] Could not import robosuite_models. Some robots may not be available. If you want to use these robots, please install robosuite_models from source (https://github.com/ARISE-Initiative/robosuite_models) or through pip install. (__init__.py:30)
[robosuite WARNING] Could not import robosuite_models. Some robots may not be available. If you want to use these robots, please install robosuite_models from source (https://github.com/ARISE-Initiative/robosuite_models) or through pip install. (__init__.py:30)
[robosuite WARNING] Could not import robosuite_models. Some robots may not be available. If you want to use these robots, please install robosuite_models from source (https://github.com/ARISE-Initiative/robosuite_models) or through pip install. (__init__.py:30)
[robosuite WARNING] Could not import robosuite_models. Some robots may not be available. If you want to use these robots, please install robosuite_models from source (https://github.com/ARISE-Initiative/robosuite_models) or through pip install. (__init__.py:30)
[robosuite WARNING] Could not import robosuite_models. Some robots may not be available. If you want to use these robots, please install robosuite_models from source (https://github.com/ARISE-Initiative/robosuite_models) or through pip install. (__init__.py:30)
[robosuite WARNING] Could not import robosuite_models. Some robots may not be available. If you want to use these robots, please install robosuite_models from source (https://github.com/ARISE-Initiative/robosuite_models) or through pip install. (__init__.py:30)
[robosuite WARNING] Could not import robosuite_models. Some robots may not be available. If you want to use these robots, please install robosuite_models from source (https://github.com/ARISE-Initiative/robosuite_models) or through pip install. (__init__.py:30)
[robosuite WARNING] Could not import robosuite_models. Some robots may not be available. If you want to use these robots, please install robosuite_models from source (https://github.com/ARISE-Initiative/robosuite_models) or through pip install. (__init__.py:30)
[robosuite WARNING] Could not import robosuite_models. Some robots may not be available. If you want to use these robots, please install robosuite_models from source (https://github.com/ARISE-Initiative/robosuite_models) or through pip install. (__init__.py:30)
2026-08-09 14:45:14,764 | INFO | Video key: agentview
2026-08-09 14:45:14,764 | INFO | Using image observation keys: ['robot0_eye_in_hand']
[robosuite INFO] Loading controller configuration from: /mnt/data/users/haoyu/workspace/code/fpo-control/manipulation_experiments/thirdparty/robosuite/robosuite/controllers/config/robots/default_panda.json (composite_controller_factory.py:121)
2026-08-09 14:45:14,764 | INFO | Loading controller configuration from: /mnt/data/users/haoyu/workspace/code/fpo-control/manipulation_experiments/thirdparty/robosuite/robosuite/controllers/config/robots/default_panda.json
2026-08-09 14:45:14,835 | INFO | Video key: agentview
2026-08-09 14:45:14,835 | INFO | Using image observation keys: ['robot0_eye_in_hand']
[robosuite INFO] Loading controller configuration from: /mnt/data/users/haoyu/workspace/code/fpo-control/manipulation_experiments/thirdparty/robosuite/robosuite/controllers/config/robots/default_panda.json (composite_controller_factory.py:121)
2026-08-09 14:45:14,835 | INFO | Loading controller configuration from: /mnt/data/users/haoyu/workspace/code/fpo-control/manipulation_experiments/thirdparty/robosuite/robosuite/controllers/config/robots/default_panda.json
2026-08-09 14:45:14,850 | INFO | Video key: agentview
2026-08-09 14:45:14,851 | INFO | Using image observation keys: ['robot0_eye_in_hand']
[robosuite INFO] Loading controller configuration from: /mnt/data/users/haoyu/workspace/code/fpo-control/manipulation_experiments/thirdparty/robosuite/robosuite/controllers/config/robots/default_panda.json (composite_controller_factory.py:121)
2026-08-09 14:45:14,851 | INFO | Loading controller configuration from: /mnt/data/users/haoyu/workspace/code/fpo-control/manipulation_experiments/thirdparty/robosuite/robosuite/controllers/config/robots/default_panda.json
2026-08-09 14:45:14,867 | INFO | Video key: agentview
2026-08-09 14:45:14,867 | INFO | Using image observation keys: ['robot0_eye_in_hand']
[robosuite INFO] Loading controller configuration from: /mnt/data/users/haoyu/workspace/code/fpo-control/manipulation_experiments/thirdparty/robosuite/robosuite/controllers/config/robots/default_panda.json (composite_controller_factory.py:121)
2026-08-09 14:45:14,868 | INFO | Loading controller configuration from: /mnt/data/users/haoyu/workspace/code/fpo-control/manipulation_experiments/thirdparty/robosuite/robosuite/controllers/config/robots/default_panda.json
2026-08-09 14:45:14,891 | INFO | Video key: agentview
2026-08-09 14:45:14,891 | INFO | Using image observation keys: ['robot0_eye_in_hand']
[robosuite INFO] Loading controller configuration from: /mnt/data/users/haoyu/workspace/code/fpo-control/manipulation_experiments/thirdparty/robosuite/robosuite/controllers/config/robots/default_panda.json (composite_controller_factory.py:121)
2026-08-09 14:45:14,891 | INFO | Loading controller configuration from: /mnt/data/users/haoyu/workspace/code/fpo-control/manipulation_experiments/thirdparty/robosuite/robosuite/controllers/config/robots/default_panda.json
2026-08-09 14:45:14,892 | INFO | Video key: agentview
2026-08-09 14:45:14,892 | INFO | Using image observation keys: ['robot0_eye_in_hand']
[robosuite INFO] Loading controller configuration from: /mnt/data/users/haoyu/workspace/code/fpo-control/manipulation_experiments/thirdparty/robosuite/robosuite/controllers/config/robots/default_panda.json (composite_controller_factory.py:121)
2026-08-09 14:45:14,892 | INFO | Loading controller configuration from: /mnt/data/users/haoyu/workspace/code/fpo-control/manipulation_experiments/thirdparty/robosuite/robosuite/controllers/config/robots/default_panda.json
2026-08-09 14:45:14,901 | INFO | Video key: agentview
2026-08-09 14:45:14,901 | INFO | Using image observation keys: ['robot0_eye_in_hand']
[robosuite INFO] Loading controller configuration from: /mnt/data/users/haoyu/workspace/code/fpo-control/manipulation_experiments/thirdparty/robosuite/robosuite/controllers/config/robots/default_panda.json (composite_controller_factory.py:121)
2026-08-09 14:45:14,901 | INFO | Loading controller configuration from: /mnt/data/users/haoyu/workspace/code/fpo-control/manipulation_experiments/thirdparty/robosuite/robosuite/controllers/config/robots/default_panda.json
2026-08-09 14:45:14,921 | INFO | Video key: agentview
2026-08-09 14:45:14,921 | INFO | Using image observation keys: ['robot0_eye_in_hand']
[robosuite INFO] Loading controller configuration from: /mnt/data/users/haoyu/workspace/code/fpo-control/manipulation_experiments/thirdparty/robosuite/robosuite/controllers/config/robots/default_panda.json (composite_controller_factory.py:121)
2026-08-09 14:45:14,922 | INFO | Loading controller configuration from: /mnt/data/users/haoyu/workspace/code/fpo-control/manipulation_experiments/thirdparty/robosuite/robosuite/controllers/config/robots/default_panda.json
2026-08-09 14:45:14,922 | INFO | Video key: agentview
2026-08-09 14:45:14,922 | INFO | Using image observation keys: ['robot0_eye_in_hand']
[robosuite INFO] Loading controller configuration from: /mnt/data/users/haoyu/workspace/code/fpo-control/manipulation_experiments/thirdparty/robosuite/robosuite/controllers/config/robots/default_panda.json (composite_controller_factory.py:121)
2026-08-09 14:45:14,922 | INFO | Loading controller configuration from: /mnt/data/users/haoyu/workspace/code/fpo-control/manipulation_experiments/thirdparty/robosuite/robosuite/controllers/config/robots/default_panda.json
2026-08-09 14:45:14,931 | INFO | Video key: agentview
2026-08-09 14:45:14,931 | INFO | Using image observation keys: ['robot0_eye_in_hand']
[robosuite INFO] Loading controller configuration from: /mnt/data/users/haoyu/workspace/code/fpo-control/manipulation_experiments/thirdparty/robosuite/robosuite/controllers/config/robots/default_panda.json (composite_controller_factory.py:121)
2026-08-09 14:45:14,931 | INFO | Loading controller configuration from: /mnt/data/users/haoyu/workspace/code/fpo-control/manipulation_experiments/thirdparty/robosuite/robosuite/controllers/config/robots/default_panda.json
2026-08-09 14:45:14,931 | INFO | Video key: agentview
2026-08-09 14:45:14,931 | INFO | Using image observation keys: ['robot0_eye_in_hand']
[robosuite INFO] Loading controller configuration from: /mnt/data/users/haoyu/workspace/code/fpo-control/manipulation_experiments/thirdparty/robosuite/robosuite/controllers/config/robots/default_panda.json (composite_controller_factory.py:121)
2026-08-09 14:45:14,931 | INFO | Loading controller configuration from: /mnt/data/users/haoyu/workspace/code/fpo-control/manipulation_experiments/thirdparty/robosuite/robosuite/controllers/config/robots/default_panda.json
2026-08-09 14:45:14,938 | INFO | Video key: agentview
2026-08-09 14:45:14,939 | INFO | Using image observation keys: ['robot0_eye_in_hand']
[robosuite INFO] Loading controller configuration from: /mnt/data/users/haoyu/workspace/code/fpo-control/manipulation_experiments/thirdparty/robosuite/robosuite/controllers/config/robots/default_panda.json (composite_controller_factory.py:121)
2026-08-09 14:45:14,939 | INFO | Loading controller configuration from: /mnt/data/users/haoyu/workspace/code/fpo-control/manipulation_experiments/thirdparty/robosuite/robosuite/controllers/config/robots/default_panda.json
2026-08-09 14:45:14,942 | INFO | Video key: agentview
2026-08-09 14:45:14,942 | INFO | Using image observation keys: ['robot0_eye_in_hand']
[robosuite INFO] Loading controller configuration from: /mnt/data/users/haoyu/workspace/code/fpo-control/manipulation_experiments/thirdparty/robosuite/robosuite/controllers/config/robots/default_panda.json (composite_controller_factory.py:121)
2026-08-09 14:45:14,942 | INFO | Loading controller configuration from: /mnt/data/users/haoyu/workspace/code/fpo-control/manipulation_experiments/thirdparty/robosuite/robosuite/controllers/config/robots/default_panda.json
2026-08-09 14:45:14,948 | INFO | Video key: agentview
2026-08-09 14:45:14,948 | INFO | Using image observation keys: ['robot0_eye_in_hand']
[robosuite INFO] Loading controller configuration from: /mnt/data/users/haoyu/workspace/code/fpo-control/manipulation_experiments/thirdparty/robosuite/robosuite/controllers/config/robots/default_panda.json (composite_controller_factory.py:121)
2026-08-09 14:45:14,948 | INFO | Loading controller configuration from: /mnt/data/users/haoyu/workspace/code/fpo-control/manipulation_experiments/thirdparty/robosuite/robosuite/controllers/config/robots/default_panda.json
2026-08-09 14:45:14,958 | INFO | Video key: agentview
2026-08-09 14:45:14,958 | INFO | Using image observation keys: ['robot0_eye_in_hand']
[robosuite INFO] Loading controller configuration from: /mnt/data/users/haoyu/workspace/code/fpo-control/manipulation_experiments/thirdparty/robosuite/robosuite/controllers/config/robots/default_panda.json (composite_controller_factory.py:121)
2026-08-09 14:45:14,958 | INFO | Loading controller configuration from: /mnt/data/users/haoyu/workspace/code/fpo-control/manipulation_experiments/thirdparty/robosuite/robosuite/controllers/config/robots/default_panda.json
2026-08-09 14:45:14,959 | INFO | Video key: agentview
2026-08-09 14:45:14,959 | INFO | Using image observation keys: ['robot0_eye_in_hand']
[robosuite INFO] Loading controller configuration from: /mnt/data/users/haoyu/workspace/code/fpo-control/manipulation_experiments/thirdparty/robosuite/robosuite/controllers/config/robots/default_panda.json (composite_controller_factory.py:121)
2026-08-09 14:45:14,959 | INFO | Loading controller configuration from: /mnt/data/users/haoyu/workspace/code/fpo-control/manipulation_experiments/thirdparty/robosuite/robosuite/controllers/config/robots/default_panda.json
2026-08-09 14:45:14,965 | INFO | Video key: agentview
2026-08-09 14:45:14,966 | INFO | Using image observation keys: ['robot0_eye_in_hand']
[robosuite INFO] Loading controller configuration from: /mnt/data/users/haoyu/workspace/code/fpo-control/manipulation_experiments/thirdparty/robosuite/robosuite/controllers/config/robots/default_panda.json (composite_controller_factory.py:121)
2026-08-09 14:45:14,966 | INFO | Loading controller configuration from: /mnt/data/users/haoyu/workspace/code/fpo-control/manipulation_experiments/thirdparty/robosuite/robosuite/controllers/config/robots/default_panda.json
2026-08-09 14:45:14,969 | INFO | Video key: agentview
2026-08-09 14:45:14,969 | INFO | Using image observation keys: ['robot0_eye_in_hand']
[robosuite INFO] Loading controller configuration from: /mnt/data/users/haoyu/workspace/code/fpo-control/manipulation_experiments/thirdparty/robosuite/robosuite/controllers/config/robots/default_panda.json (composite_controller_factory.py:121)
2026-08-09 14:45:14,969 | INFO | Loading controller configuration from: /mnt/data/users/haoyu/workspace/code/fpo-control/manipulation_experiments/thirdparty/robosuite/robosuite/controllers/config/robots/default_panda.json
2026-08-09 14:45:14,981 | INFO | Video key: agentview
2026-08-09 14:45:14,981 | INFO | Using image observation keys: ['robot0_eye_in_hand']
[robosuite INFO] Loading controller configuration from: /mnt/data/users/haoyu/workspace/code/fpo-control/manipulation_experiments/thirdparty/robosuite/robosuite/controllers/config/robots/default_panda.json (composite_controller_factory.py:121)
2026-08-09 14:45:14,982 | INFO | Loading controller configuration from: /mnt/data/users/haoyu/workspace/code/fpo-control/manipulation_experiments/thirdparty/robosuite/robosuite/controllers/config/robots/default_panda.json
2026-08-09 14:45:14,984 | INFO | Video key: agentview
2026-08-09 14:45:14,984 | INFO | Using image observation keys: ['robot0_eye_in_hand']
[robosuite INFO] Loading controller configuration from: /mnt/data/users/haoyu/workspace/code/fpo-control/manipulation_experiments/thirdparty/robosuite/robosuite/controllers/config/robots/default_panda.json (composite_controller_factory.py:121)
2026-08-09 14:45:14,985 | INFO | Loading controller configuration from: /mnt/data/users/haoyu/workspace/code/fpo-control/manipulation_experiments/thirdparty/robosuite/robosuite/controllers/config/robots/default_panda.json
2026-08-09 14:45:16,677 | INFO | Successfully created PickPlaceCan environment via robosuite.make() with cameras at 84x84
2026-08-09 14:45:16,678 | INFO | Configured cameras: ['robot0_eye_in_hand']
2026-08-09 14:45:16,694 | INFO | Successfully created PickPlaceCan environment via robosuite.make() with cameras at 84x84
2026-08-09 14:45:16,694 | INFO | Configured cameras: ['robot0_eye_in_hand']
2026-08-09 14:45:16,705 | INFO | Successfully created PickPlaceCan environment via robosuite.make() with cameras at 84x84
2026-08-09 14:45:16,706 | INFO | Configured cameras: ['robot0_eye_in_hand']
2026-08-09 14:45:16,740 | INFO | Successfully created PickPlaceCan environment via robosuite.make() with cameras at 84x84
2026-08-09 14:45:16,740 | INFO | Configured cameras: ['robot0_eye_in_hand']
2026-08-09 14:45:16,757 | INFO | Successfully created PickPlaceCan environment via robosuite.make() with cameras at 84x84
2026-08-09 14:45:16,757 | INFO | Configured cameras: ['robot0_eye_in_hand']
2026-08-09 14:45:16,762 | INFO | Successfully created PickPlaceCan environment via robosuite.make() with cameras at 84x84
2026-08-09 14:45:16,762 | INFO | Configured cameras: ['robot0_eye_in_hand']
2026-08-09 14:45:16,763 | INFO | Successfully created PickPlaceCan environment via robosuite.make() with cameras at 84x84
2026-08-09 14:45:16,763 | INFO | Configured cameras: ['robot0_eye_in_hand']
2026-08-09 14:45:16,766 | INFO | Successfully created PickPlaceCan environment via robosuite.make() with cameras at 84x84
2026-08-09 14:45:16,766 | INFO | Successfully created PickPlaceCan environment via robosuite.make() with cameras at 84x84
2026-08-09 14:45:16,766 | INFO | Configured cameras: ['robot0_eye_in_hand']
2026-08-09 14:45:16,766 | INFO | Configured cameras: ['robot0_eye_in_hand']
2026-08-09 14:45:16,786 | INFO | Successfully created PickPlaceCan environment via robosuite.make() with cameras at 84x84
2026-08-09 14:45:16,786 | INFO | Configured cameras: ['robot0_eye_in_hand']
2026-08-09 14:45:16,807 | INFO | Successfully created PickPlaceCan environment via robosuite.make() with cameras at 84x84
2026-08-09 14:45:16,807 | INFO | Configured cameras: ['robot0_eye_in_hand']
2026-08-09 14:45:16,810 | INFO | Successfully created PickPlaceCan environment via robosuite.make() with cameras at 84x84
2026-08-09 14:45:16,811 | INFO | Configured cameras: ['robot0_eye_in_hand']
2026-08-09 14:45:16,829 | INFO | Successfully created PickPlaceCan environment via robosuite.make() with cameras at 84x84
2026-08-09 14:45:16,829 | INFO | Configured cameras: ['robot0_eye_in_hand']
2026-08-09 14:45:16,833 | INFO | Successfully created PickPlaceCan environment via robosuite.make() with cameras at 84x84
2026-08-09 14:45:16,833 | INFO | Configured cameras: ['robot0_eye_in_hand']
2026-08-09 14:45:16,837 | INFO | Successfully created PickPlaceCan environment via robosuite.make() with cameras at 84x84
2026-08-09 14:45:16,837 | INFO | Configured cameras: ['robot0_eye_in_hand']
2026-08-09 14:45:16,837 | INFO | Successfully created PickPlaceCan environment via robosuite.make() with cameras at 84x84
2026-08-09 14:45:16,837 | INFO | Configured cameras: ['robot0_eye_in_hand']
2026-08-09 14:45:16,844 | INFO | Successfully created PickPlaceCan environment via robosuite.make() with cameras at 84x84
2026-08-09 14:45:16,844 | INFO | Configured cameras: ['robot0_eye_in_hand']
2026-08-09 14:45:16,904 | INFO | Successfully created PickPlaceCan environment via robosuite.make() with cameras at 84x84
2026-08-09 14:45:16,904 | INFO | Configured cameras: ['robot0_eye_in_hand']
2026-08-09 14:45:16,918 | INFO | Successfully created PickPlaceCan environment via robosuite.make() with cameras at 84x84
2026-08-09 14:45:16,918 | INFO | Configured cameras: ['robot0_eye_in_hand']
2026-08-09 14:45:16,961 | INFO | Successfully created PickPlaceCan environment via robosuite.make() with cameras at 84x84
2026-08-09 14:45:16,962 | INFO | Configured cameras: ['robot0_eye_in_hand']
2026-08-09 14:45:18,565 | INFO | Created 20 vectorized Can environments
2026-08-09 14:45:18,565 | INFO | Set video key to 'agentview' for video recording
2026-08-09 14:45:19,613 | INFO | Created observation keys: ['observation.state', 'observation.images.robot0_eye_in_hand']
2026-08-09 14:45:19,661 | INFO | Created observation keys: ['observation.state', 'observation.images.robot0_eye_in_hand']
2026-08-09 14:45:19,669 | INFO | Created observation keys: ['observation.state', 'observation.images.robot0_eye_in_hand']
2026-08-09 14:45:19,675 | INFO | Created observation keys: ['observation.state', 'observation.images.robot0_eye_in_hand']
2026-08-09 14:45:19,678 | INFO | Created observation keys: ['observation.state', 'observation.images.robot0_eye_in_hand']
2026-08-09 14:45:19,701 | INFO | Created observation keys: ['observation.state', 'observation.images.robot0_eye_in_hand']
2026-08-09 14:45:19,706 | INFO | Created observation keys: ['observation.state', 'observation.images.robot0_eye_in_hand']
2026-08-09 14:45:19,710 | INFO | Created observation keys: ['observation.state', 'observation.images.robot0_eye_in_hand']
2026-08-09 14:45:19,714 | INFO | Created observation keys: ['observation.state', 'observation.images.robot0_eye_in_hand']
2026-08-09 14:45:19,714 | INFO | Created observation keys: ['observation.state', 'observation.images.robot0_eye_in_hand']
2026-08-09 14:45:19,725 | INFO | Created observation keys: ['observation.state', 'observation.images.robot0_eye_in_hand']
2026-08-09 14:45:19,734 | INFO | Created observation keys: ['observation.state', 'observation.images.robot0_eye_in_hand']
2026-08-09 14:45:19,742 | INFO | Created observation keys: ['observation.state', 'observation.images.robot0_eye_in_hand']
2026-08-09 14:45:19,742 | INFO | Created observation keys: ['observation.state', 'observation.images.robot0_eye_in_hand']
2026-08-09 14:45:19,770 | INFO | Created observation keys: ['observation.state', 'observation.images.robot0_eye_in_hand']
2026-08-09 14:45:19,797 | INFO | Created observation keys: ['observation.state', 'observation.images.robot0_eye_in_hand']
2026-08-09 14:45:19,807 | INFO | Created observation keys: ['observation.state', 'observation.images.robot0_eye_in_hand']
2026-08-09 14:45:19,817 | INFO | Created observation keys: ['observation.state', 'observation.images.robot0_eye_in_hand']
2026-08-09 14:45:19,837 | INFO | Created observation keys: ['observation.state', 'observation.images.robot0_eye_in_hand']
2026-08-09 14:45:19,840 | INFO | Created observation keys: ['observation.state', 'observation.images.robot0_eye_in_hand']
render_gpu_device_id: 1
render_gpu_device_id: 1
render_gpu_device_id: 1
render_gpu_device_id: 1
render_gpu_device_id: 1
render_gpu_device_id: 1
render_gpu_device_id: 1
render_gpu_device_id: 1
render_gpu_device_id: 1
render_gpu_device_id: 1
render_gpu_device_id: 1
render_gpu_device_id: 1
render_gpu_device_id: 1
render_gpu_device_id: 1
render_gpu_device_id: 1
render_gpu_device_id: 1
render_gpu_device_id: 1
render_gpu_device_id: 1
render_gpu_device_id: 1
render_gpu_device_id: 1
2026-08-09 14:46:18,193 | INFO | phase=6 environments=20
2026-08-09 14:46:18,194 | INFO | Production mode: using gymnasium.vector.AsyncVectorEnv
2026-08-09 14:46:18,194 | INFO | Video key: agentview
2026-08-09 14:46:18,194 | INFO | Using image observation keys: ['robot0_eye_in_hand']
[robosuite INFO] Loading controller configuration from: /mnt/data/users/haoyu/workspace/code/fpo-control/manipulation_experiments/thirdparty/robosuite/robosuite/controllers/config/robots/default_panda.json (composite_controller_factory.py:121)
2026-08-09 14:46:18,194 | INFO | Loading controller configuration from: /mnt/data/users/haoyu/workspace/code/fpo-control/manipulation_experiments/thirdparty/robosuite/robosuite/controllers/config/robots/default_panda.json
2026-08-09 14:46:19,065 | INFO | Successfully created PickPlaceCan environment via robosuite.make() with cameras at 84x84
2026-08-09 14:46:19,065 | INFO | Configured cameras: ['robot0_eye_in_hand']
num_visible_gpus: 1 [1] render_override: None
render_gpu_device_id: 1
[robosuite WARNING] No private macro file found! (macros.py:57)
[robosuite WARNING] It is recommended to use a private macro file (macros.py:58)
[robosuite WARNING] To setup, run: python /mnt/data/users/haoyu/workspace/code/fpo-control/manipulation_experiments/thirdparty/robosuite/robosuite/scripts/setup_macros.py (macros.py:59)
[robosuite WARNING] No private macro file found! (macros.py:57)
[robosuite WARNING] It is recommended to use a private macro file (macros.py:58)
[robosuite WARNING] To setup, run: python /mnt/data/users/haoyu/workspace/code/fpo-control/manipulation_experiments/thirdparty/robosuite/robosuite/scripts/setup_macros.py (macros.py:59)
[robosuite WARNING] No private macro file found! (macros.py:57)
[robosuite WARNING] It is recommended to use a private macro file (macros.py:58)
[robosuite WARNING] To setup, run: python /mnt/data/users/haoyu/workspace/code/fpo-control/manipulation_experiments/thirdparty/robosuite/robosuite/scripts/setup_macros.py (macros.py:59)
[robosuite WARNING] No private macro file found! (macros.py:57)
[robosuite WARNING] It is recommended to use a private macro file (macros.py:58)
[robosuite WARNING] To setup, run: python /mnt/data/users/haoyu/workspace/code/fpo-control/manipulation_experiments/thirdparty/robosuite/robosuite/scripts/setup_macros.py (macros.py:59)
[robosuite WARNING] No private macro file found! (macros.py:57)
[robosuite WARNING] No private macro file found! (macros.py:57)
[robosuite WARNING] It is recommended to use a private macro file (macros.py:58)
[robosuite WARNING] It is recommended to use a private macro file (macros.py:58)
[robosuite WARNING] To setup, run: python /mnt/data/users/haoyu/workspace/code/fpo-control/manipulation_experiments/thirdparty/robosuite/robosuite/scripts/setup_macros.py (macros.py:59)
[robosuite WARNING] To setup, run: python /mnt/data/users/haoyu/workspace/code/fpo-control/manipulation_experiments/thirdparty/robosuite/robosuite/scripts/setup_macros.py (macros.py:59)
[robosuite WARNING] No private macro file found! (macros.py:57)
[robosuite WARNING] No private macro file found! (macros.py:57)
[robosuite WARNING] It is recommended to use a private macro file (macros.py:58)
[robosuite WARNING] It is recommended to use a private macro file (macros.py:58)
[robosuite WARNING] To setup, run: python /mnt/data/users/haoyu/workspace/code/fpo-control/manipulation_experiments/thirdparty/robosuite/robosuite/scripts/setup_macros.py (macros.py:59)
[robosuite WARNING] To setup, run: python /mnt/data/users/haoyu/workspace/code/fpo-control/manipulation_experiments/thirdparty/robosuite/robosuite/scripts/setup_macros.py (macros.py:59)
[robosuite WARNING] No private macro file found! (macros.py:57)
[robosuite WARNING] It is recommended to use a private macro file (macros.py:58)
[robosuite WARNING] To setup, run: python /mnt/data/users/haoyu/workspace/code/fpo-control/manipulation_experiments/thirdparty/robosuite/robosuite/scripts/setup_macros.py (macros.py:59)
[robosuite WARNING] No private macro file found! (macros.py:57)
[robosuite WARNING] No private macro file found! (macros.py:57)
[robosuite WARNING] It is recommended to use a private macro file (macros.py:58)
[robosuite WARNING] It is recommended to use a private macro file (macros.py:58)
[robosuite WARNING] To setup, run: python /mnt/data/users/haoyu/workspace/code/fpo-control/manipulation_experiments/thirdparty/robosuite/robosuite/scripts/setup_macros.py (macros.py:59)
[robosuite WARNING] To setup, run: python /mnt/data/users/haoyu/workspace/code/fpo-control/manipulation_experiments/thirdparty/robosuite/robosuite/scripts/setup_macros.py (macros.py:59)
[robosuite WARNING] No private macro file found! (macros.py:57)
[robosuite WARNING] It is recommended to use a private macro file (macros.py:58)
[robosuite WARNING] To setup, run: python /mnt/data/users/haoyu/workspace/code/fpo-control/manipulation_experiments/thirdparty/robosuite/robosuite/scripts/setup_macros.py (macros.py:59)
[robosuite WARNING] No private macro file found! (macros.py:57)
[robosuite WARNING] It is recommended to use a private macro file (macros.py:58)
[robosuite WARNING] To setup, run: python /mnt/data/users/haoyu/workspace/code/fpo-control/manipulation_experiments/thirdparty/robosuite/robosuite/scripts/setup_macros.py (macros.py:59)
[robosuite WARNING] No private macro file found! (macros.py:57)
[robosuite WARNING] It is recommended to use a private macro file (macros.py:58)
[robosuite WARNING] To setup, run: python /mnt/data/users/haoyu/workspace/code/fpo-control/manipulation_experiments/thirdparty/robosuite/robosuite/scripts/setup_macros.py (macros.py:59)
[robosuite WARNING] No private macro file found! (macros.py:57)
[robosuite WARNING] It is recommended to use a private macro file (macros.py:58)
[robosuite WARNING] To setup, run: python /mnt/data/users/haoyu/workspace/code/fpo-control/manipulation_experiments/thirdparty/robosuite/robosuite/scripts/setup_macros.py (macros.py:59)
[robosuite WARNING] No private macro file found! (macros.py:57)
[robosuite WARNING] It is recommended to use a private macro file (macros.py:58)
[robosuite WARNING] To setup, run: python /mnt/data/users/haoyu/workspace/code/fpo-control/manipulation_experiments/thirdparty/robosuite/robosuite/scripts/setup_macros.py (macros.py:59)
[robosuite WARNING] No private macro file found! (macros.py:57)
[robosuite WARNING] It is recommended to use a private macro file (macros.py:58)
[robosuite WARNING] To setup, run: python /mnt/data/users/haoyu/workspace/code/fpo-control/manipulation_experiments/thirdparty/robosuite/robosuite/scripts/setup_macros.py (macros.py:59)
[robosuite WARNING] No private macro file found! (macros.py:57)
[robosuite WARNING] It is recommended to use a private macro file (macros.py:58)
[robosuite WARNING] To setup, run: python /mnt/data/users/haoyu/workspace/code/fpo-control/manipulation_experiments/thirdparty/robosuite/robosuite/scripts/setup_macros.py (macros.py:59)
[robosuite WARNING] No private macro file found! (macros.py:57)
[robosuite WARNING] It is recommended to use a private macro file (macros.py:58)
[robosuite WARNING] To setup, run: python /mnt/data/users/haoyu/workspace/code/fpo-control/manipulation_experiments/thirdparty/robosuite/robosuite/scripts/setup_macros.py (macros.py:59)
[robosuite WARNING] No private macro file found! (macros.py:57)
[robosuite WARNING] It is recommended to use a private macro file (macros.py:58)
[robosuite WARNING] To setup, run: python /mnt/data/users/haoyu/workspace/code/fpo-control/manipulation_experiments/thirdparty/robosuite/robosuite/scripts/setup_macros.py (macros.py:59)
[robosuite WARNING] Could not import robosuite_models. Some robots may not be available. If you want to use these robots, please install robosuite_models from source (https://github.com/ARISE-Initiative/robosuite_models) or through pip install. (__init__.py:30)
[robosuite WARNING] Could not import robosuite_models. Some robots may not be available. If you want to use these robots, please install robosuite_models from source (https://github.com/ARISE-Initiative/robosuite_models) or through pip install. (__init__.py:30)
[robosuite WARNING] Could not import robosuite_models. Some robots may not be available. If you want to use these robots, please install robosuite_models from source (https://github.com/ARISE-Initiative/robosuite_models) or through pip install. (__init__.py:30)
[robosuite WARNING] Could not import robosuite_models. Some robots may not be available. If you want to use these robots, please install robosuite_models from source (https://github.com/ARISE-Initiative/robosuite_models) or through pip install. (__init__.py:30)
[robosuite WARNING] Could not import robosuite_models. Some robots may not be available. If you want to use these robots, please install robosuite_models from source (https://github.com/ARISE-Initiative/robosuite_models) or through pip install. (__init__.py:30)
[robosuite WARNING] Could not import robosuite_models. Some robots may not be available. If you want to use these robots, please install robosuite_models from source (https://github.com/ARISE-Initiative/robosuite_models) or through pip install. (__init__.py:30)
[robosuite WARNING] Could not import robosuite_models. Some robots may not be available. If you want to use these robots, please install robosuite_models from source (https://github.com/ARISE-Initiative/robosuite_models) or through pip install. (__init__.py:30)
[robosuite WARNING] Could not import robosuite_models. Some robots may not be available. If you want to use these robots, please install robosuite_models from source (https://github.com/ARISE-Initiative/robosuite_models) or through pip install. (__init__.py:30)
[robosuite WARNING] Could not import robosuite_models. Some robots may not be available. If you want to use these robots, please install robosuite_models from source (https://github.com/ARISE-Initiative/robosuite_models) or through pip install. (__init__.py:30)
[robosuite WARNING] Could not import robosuite_models. Some robots may not be available. If you want to use these robots, please install robosuite_models from source (https://github.com/ARISE-Initiative/robosuite_models) or through pip install. (__init__.py:30)
[robosuite WARNING] Could not import robosuite_models. Some robots may not be available. If you want to use these robots, please install robosuite_models from source (https://github.com/ARISE-Initiative/robosuite_models) or through pip install. (__init__.py:30)
[robosuite WARNING] Could not import robosuite_models. Some robots may not be available. If you want to use these robots, please install robosuite_models from source (https://github.com/ARISE-Initiative/robosuite_models) or through pip install. (__init__.py:30)
[robosuite WARNING] Could not import robosuite_models. Some robots may not be available. If you want to use these robots, please install robosuite_models from source (https://github.com/ARISE-Initiative/robosuite_models) or through pip install. (__init__.py:30)
[robosuite WARNING] Could not import robosuite_models. Some robots may not be available. If you want to use these robots, please install robosuite_models from source (https://github.com/ARISE-Initiative/robosuite_models) or through pip install. (__init__.py:30)
[robosuite WARNING] Could not import robosuite_models. Some robots may not be available. If you want to use these robots, please install robosuite_models from source (https://github.com/ARISE-Initiative/robosuite_models) or through pip install. (__init__.py:30)
[robosuite WARNING] Could not import robosuite_models. Some robots may not be available. If you want to use these robots, please install robosuite_models from source (https://github.com/ARISE-Initiative/robosuite_models) or through pip install. (__init__.py:30)
[robosuite WARNING] Could not import robosuite_models. Some robots may not be available. If you want to use these robots, please install robosuite_models from source (https://github.com/ARISE-Initiative/robosuite_models) or through pip install. (__init__.py:30)
[robosuite WARNING] Could not import robosuite_models. Some robots may not be available. If you want to use these robots, please install robosuite_models from source (https://github.com/ARISE-Initiative/robosuite_models) or through pip install. (__init__.py:30)
[robosuite WARNING] Could not import robosuite_models. Some robots may not be available. If you want to use these robots, please install robosuite_models from source (https://github.com/ARISE-Initiative/robosuite_models) or through pip install. (__init__.py:30)
[robosuite WARNING] Could not import robosuite_models. Some robots may not be available. If you want to use these robots, please install robosuite_models from source (https://github.com/ARISE-Initiative/robosuite_models) or through pip install. (__init__.py:30)
2026-08-09 14:46:33,973 | INFO | Video key: agentview
2026-08-09 14:46:33,973 | INFO | Video key: agentview
2026-08-09 14:46:33,973 | INFO | Using image observation keys: ['robot0_eye_in_hand']
2026-08-09 14:46:33,973 | INFO | Using image observation keys: ['robot0_eye_in_hand']
[robosuite INFO] Loading controller configuration from: /mnt/data/users/haoyu/workspace/code/fpo-control/manipulation_experiments/thirdparty/robosuite/robosuite/controllers/config/robots/default_panda.json (composite_controller_factory.py:121)
[robosuite INFO] Loading controller configuration from: /mnt/data/users/haoyu/workspace/code/fpo-control/manipulation_experiments/thirdparty/robosuite/robosuite/controllers/config/robots/default_panda.json (composite_controller_factory.py:121)
2026-08-09 14:46:33,973 | INFO | Loading controller configuration from: /mnt/data/users/haoyu/workspace/code/fpo-control/manipulation_experiments/thirdparty/robosuite/robosuite/controllers/config/robots/default_panda.json
2026-08-09 14:46:33,973 | INFO | Loading controller configuration from: /mnt/data/users/haoyu/workspace/code/fpo-control/manipulation_experiments/thirdparty/robosuite/robosuite/controllers/config/robots/default_panda.json
2026-08-09 14:46:34,044 | INFO | Video key: agentview
2026-08-09 14:46:34,044 | INFO | Using image observation keys: ['robot0_eye_in_hand']
[robosuite INFO] Loading controller configuration from: /mnt/data/users/haoyu/workspace/code/fpo-control/manipulation_experiments/thirdparty/robosuite/robosuite/controllers/config/robots/default_panda.json (composite_controller_factory.py:121)
2026-08-09 14:46:34,044 | INFO | Loading controller configuration from: /mnt/data/users/haoyu/workspace/code/fpo-control/manipulation_experiments/thirdparty/robosuite/robosuite/controllers/config/robots/default_panda.json
2026-08-09 14:46:34,067 | INFO | Video key: agentview
2026-08-09 14:46:34,067 | INFO | Using image observation keys: ['robot0_eye_in_hand']
[robosuite INFO] Loading controller configuration from: /mnt/data/users/haoyu/workspace/code/fpo-control/manipulation_experiments/thirdparty/robosuite/robosuite/controllers/config/robots/default_panda.json (composite_controller_factory.py:121)
2026-08-09 14:46:34,067 | INFO | Loading controller configuration from: /mnt/data/users/haoyu/workspace/code/fpo-control/manipulation_experiments/thirdparty/robosuite/robosuite/controllers/config/robots/default_panda.json
2026-08-09 14:46:34,073 | INFO | Video key: agentview
2026-08-09 14:46:34,073 | INFO | Using image observation keys: ['robot0_eye_in_hand']
[robosuite INFO] Loading controller configuration from: /mnt/data/users/haoyu/workspace/code/fpo-control/manipulation_experiments/thirdparty/robosuite/robosuite/controllers/config/robots/default_panda.json (composite_controller_factory.py:121)
2026-08-09 14:46:34,074 | INFO | Loading controller configuration from: /mnt/data/users/haoyu/workspace/code/fpo-control/manipulation_experiments/thirdparty/robosuite/robosuite/controllers/config/robots/default_panda.json
2026-08-09 14:46:34,079 | INFO | Video key: agentview
2026-08-09 14:46:34,079 | INFO | Using image observation keys: ['robot0_eye_in_hand']
[robosuite INFO] Loading controller configuration from: /mnt/data/users/haoyu/workspace/code/fpo-control/manipulation_experiments/thirdparty/robosuite/robosuite/controllers/config/robots/default_panda.json (composite_controller_factory.py:121)
2026-08-09 14:46:34,079 | INFO | Loading controller configuration from: /mnt/data/users/haoyu/workspace/code/fpo-control/manipulation_experiments/thirdparty/robosuite/robosuite/controllers/config/robots/default_panda.json
2026-08-09 14:46:34,094 | INFO | Video key: agentview
2026-08-09 14:46:34,095 | INFO | Using image observation keys: ['robot0_eye_in_hand']
[robosuite INFO] Loading controller configuration from: /mnt/data/users/haoyu/workspace/code/fpo-control/manipulation_experiments/thirdparty/robosuite/robosuite/controllers/config/robots/default_panda.json (composite_controller_factory.py:121)
2026-08-09 14:46:34,095 | INFO | Loading controller configuration from: /mnt/data/users/haoyu/workspace/code/fpo-control/manipulation_experiments/thirdparty/robosuite/robosuite/controllers/config/robots/default_panda.json
2026-08-09 14:46:34,097 | INFO | Video key: agentview
2026-08-09 14:46:34,097 | INFO | Using image observation keys: ['robot0_eye_in_hand']
[robosuite INFO] Loading controller configuration from: /mnt/data/users/haoyu/workspace/code/fpo-control/manipulation_experiments/thirdparty/robosuite/robosuite/controllers/config/robots/default_panda.json (composite_controller_factory.py:121)
2026-08-09 14:46:34,097 | INFO | Loading controller configuration from: /mnt/data/users/haoyu/workspace/code/fpo-control/manipulation_experiments/thirdparty/robosuite/robosuite/controllers/config/robots/default_panda.json
2026-08-09 14:46:34,110 | INFO | Video key: agentview
2026-08-09 14:46:34,110 | INFO | Using image observation keys: ['robot0_eye_in_hand']
[robosuite INFO] Loading controller configuration from: /mnt/data/users/haoyu/workspace/code/fpo-control/manipulation_experiments/thirdparty/robosuite/robosuite/controllers/config/robots/default_panda.json (composite_controller_factory.py:121)
2026-08-09 14:46:34,110 | INFO | Loading controller configuration from: /mnt/data/users/haoyu/workspace/code/fpo-control/manipulation_experiments/thirdparty/robosuite/robosuite/controllers/config/robots/default_panda.json
2026-08-09 14:46:34,111 | INFO | Video key: agentview
2026-08-09 14:46:34,112 | INFO | Using image observation keys: ['robot0_eye_in_hand']
[robosuite INFO] Loading controller configuration from: /mnt/data/users/haoyu/workspace/code/fpo-control/manipulation_experiments/thirdparty/robosuite/robosuite/controllers/config/robots/default_panda.json (composite_controller_factory.py:121)
2026-08-09 14:46:34,112 | INFO | Loading controller configuration from: /mnt/data/users/haoyu/workspace/code/fpo-control/manipulation_experiments/thirdparty/robosuite/robosuite/controllers/config/robots/default_panda.json
2026-08-09 14:46:34,114 | INFO | Video key: agentview
2026-08-09 14:46:34,114 | INFO | Using image observation keys: ['robot0_eye_in_hand']
[robosuite INFO] Loading controller configuration from: /mnt/data/users/haoyu/workspace/code/fpo-control/manipulation_experiments/thirdparty/robosuite/robosuite/controllers/config/robots/default_panda.json (composite_controller_factory.py:121)
2026-08-09 14:46:34,115 | INFO | Loading controller configuration from: /mnt/data/users/haoyu/workspace/code/fpo-control/manipulation_experiments/thirdparty/robosuite/robosuite/controllers/config/robots/default_panda.json
2026-08-09 14:46:34,122 | INFO | Video key: agentview
2026-08-09 14:46:34,122 | INFO | Using image observation keys: ['robot0_eye_in_hand']
[robosuite INFO] Loading controller configuration from: /mnt/data/users/haoyu/workspace/code/fpo-control/manipulation_experiments/thirdparty/robosuite/robosuite/controllers/config/robots/default_panda.json (composite_controller_factory.py:121)
2026-08-09 14:46:34,122 | INFO | Loading controller configuration from: /mnt/data/users/haoyu/workspace/code/fpo-control/manipulation_experiments/thirdparty/robosuite/robosuite/controllers/config/robots/default_panda.json
2026-08-09 14:46:34,125 | INFO | Video key: agentview
2026-08-09 14:46:34,125 | INFO | Using image observation keys: ['robot0_eye_in_hand']
[robosuite INFO] Loading controller configuration from: /mnt/data/users/haoyu/workspace/code/fpo-control/manipulation_experiments/thirdparty/robosuite/robosuite/controllers/config/robots/default_panda.json (composite_controller_factory.py:121)
2026-08-09 14:46:34,125 | INFO | Loading controller configuration from: /mnt/data/users/haoyu/workspace/code/fpo-control/manipulation_experiments/thirdparty/robosuite/robosuite/controllers/config/robots/default_panda.json
2026-08-09 14:46:34,128 | INFO | Video key: agentview
2026-08-09 14:46:34,128 | INFO | Using image observation keys: ['robot0_eye_in_hand']
[robosuite INFO] Loading controller configuration from: /mnt/data/users/haoyu/workspace/code/fpo-control/manipulation_experiments/thirdparty/robosuite/robosuite/controllers/config/robots/default_panda.json (composite_controller_factory.py:121)
2026-08-09 14:46:34,129 | INFO | Loading controller configuration from: /mnt/data/users/haoyu/workspace/code/fpo-control/manipulation_experiments/thirdparty/robosuite/robosuite/controllers/config/robots/default_panda.json
2026-08-09 14:46:34,134 | INFO | Video key: agentview
2026-08-09 14:46:34,134 | INFO | Using image observation keys: ['robot0_eye_in_hand']
[robosuite INFO] Loading controller configuration from: /mnt/data/users/haoyu/workspace/code/fpo-control/manipulation_experiments/thirdparty/robosuite/robosuite/controllers/config/robots/default_panda.json (composite_controller_factory.py:121)
2026-08-09 14:46:34,134 | INFO | Loading controller configuration from: /mnt/data/users/haoyu/workspace/code/fpo-control/manipulation_experiments/thirdparty/robosuite/robosuite/controllers/config/robots/default_panda.json
2026-08-09 14:46:34,139 | INFO | Video key: agentview
2026-08-09 14:46:34,139 | INFO | Using image observation keys: ['robot0_eye_in_hand']
[robosuite INFO] Loading controller configuration from: /mnt/data/users/haoyu/workspace/code/fpo-control/manipulation_experiments/thirdparty/robosuite/robosuite/controllers/config/robots/default_panda.json (composite_controller_factory.py:121)
2026-08-09 14:46:34,139 | INFO | Loading controller configuration from: /mnt/data/users/haoyu/workspace/code/fpo-control/manipulation_experiments/thirdparty/robosuite/robosuite/controllers/config/robots/default_panda.json
2026-08-09 14:46:34,144 | INFO | Video key: agentview
2026-08-09 14:46:34,144 | INFO | Using image observation keys: ['robot0_eye_in_hand']
[robosuite INFO] Loading controller configuration from: /mnt/data/users/haoyu/workspace/code/fpo-control/manipulation_experiments/thirdparty/robosuite/robosuite/controllers/config/robots/default_panda.json (composite_controller_factory.py:121)
2026-08-09 14:46:34,145 | INFO | Loading controller configuration from: /mnt/data/users/haoyu/workspace/code/fpo-control/manipulation_experiments/thirdparty/robosuite/robosuite/controllers/config/robots/default_panda.json
2026-08-09 14:46:34,148 | INFO | Video key: agentview
2026-08-09 14:46:34,148 | INFO | Using image observation keys: ['robot0_eye_in_hand']
[robosuite INFO] Loading controller configuration from: /mnt/data/users/haoyu/workspace/code/fpo-control/manipulation_experiments/thirdparty/robosuite/robosuite/controllers/config/robots/default_panda.json (composite_controller_factory.py:121)
2026-08-09 14:46:34,149 | INFO | Loading controller configuration from: /mnt/data/users/haoyu/workspace/code/fpo-control/manipulation_experiments/thirdparty/robosuite/robosuite/controllers/config/robots/default_panda.json
2026-08-09 14:46:34,153 | INFO | Video key: agentview
2026-08-09 14:46:34,153 | INFO | Using image observation keys: ['robot0_eye_in_hand']
[robosuite INFO] Loading controller configuration from: /mnt/data/users/haoyu/workspace/code/fpo-control/manipulation_experiments/thirdparty/robosuite/robosuite/controllers/config/robots/default_panda.json (composite_controller_factory.py:121)
2026-08-09 14:46:34,153 | INFO | Loading controller configuration from: /mnt/data/users/haoyu/workspace/code/fpo-control/manipulation_experiments/thirdparty/robosuite/robosuite/controllers/config/robots/default_panda.json
2026-08-09 14:46:34,160 | INFO | Video key: agentview
2026-08-09 14:46:34,161 | INFO | Using image observation keys: ['robot0_eye_in_hand']
[robosuite INFO] Loading controller configuration from: /mnt/data/users/haoyu/workspace/code/fpo-control/manipulation_experiments/thirdparty/robosuite/robosuite/controllers/config/robots/default_panda.json (composite_controller_factory.py:121)
2026-08-09 14:46:34,161 | INFO | Loading controller configuration from: /mnt/data/users/haoyu/workspace/code/fpo-control/manipulation_experiments/thirdparty/robosuite/robosuite/controllers/config/robots/default_panda.json
2026-08-09 14:46:35,811 | INFO | Successfully created PickPlaceCan environment via robosuite.make() with cameras at 84x84
2026-08-09 14:46:35,811 | INFO | Configured cameras: ['robot0_eye_in_hand']
2026-08-09 14:46:35,823 | INFO | Successfully created PickPlaceCan environment via robosuite.make() with cameras at 84x84
2026-08-09 14:46:35,823 | INFO | Configured cameras: ['robot0_eye_in_hand']
2026-08-09 14:46:35,868 | INFO | Successfully created PickPlaceCan environment via robosuite.make() with cameras at 84x84
2026-08-09 14:46:35,868 | INFO | Configured cameras: ['robot0_eye_in_hand']
2026-08-09 14:46:35,881 | INFO | Successfully created PickPlaceCan environment via robosuite.make() with cameras at 84x84
2026-08-09 14:46:35,881 | INFO | Configured cameras: ['robot0_eye_in_hand']
2026-08-09 14:46:35,905 | INFO | Successfully created PickPlaceCan environment via robosuite.make() with cameras at 84x84
2026-08-09 14:46:35,905 | INFO | Configured cameras: ['robot0_eye_in_hand']
2026-08-09 14:46:35,924 | INFO | Successfully created PickPlaceCan environment via robosuite.make() with cameras at 84x84
2026-08-09 14:46:35,924 | INFO | Configured cameras: ['robot0_eye_in_hand']
2026-08-09 14:46:35,924 | INFO | Successfully created PickPlaceCan environment via robosuite.make() with cameras at 84x84
2026-08-09 14:46:35,925 | INFO | Configured cameras: ['robot0_eye_in_hand']
2026-08-09 14:46:35,925 | INFO | Successfully created PickPlaceCan environment via robosuite.make() with cameras at 84x84
2026-08-09 14:46:35,925 | INFO | Configured cameras: ['robot0_eye_in_hand']
2026-08-09 14:46:35,936 | INFO | Successfully created PickPlaceCan environment via robosuite.make() with cameras at 84x84
2026-08-09 14:46:35,936 | INFO | Configured cameras: ['robot0_eye_in_hand']
2026-08-09 14:46:35,938 | INFO | Successfully created PickPlaceCan environment via robosuite.make() with cameras at 84x84
2026-08-09 14:46:35,938 | INFO | Configured cameras: ['robot0_eye_in_hand']
2026-08-09 14:46:35,941 | INFO | Successfully created PickPlaceCan environment via robosuite.make() with cameras at 84x84
2026-08-09 14:46:35,941 | INFO | Configured cameras: ['robot0_eye_in_hand']
2026-08-09 14:46:35,944 | INFO | Successfully created PickPlaceCan environment via robosuite.make() with cameras at 84x84
2026-08-09 14:46:35,945 | INFO | Configured cameras: ['robot0_eye_in_hand']
2026-08-09 14:46:35,951 | INFO | Successfully created PickPlaceCan environment via robosuite.make() with cameras at 84x84
2026-08-09 14:46:35,951 | INFO | Configured cameras: ['robot0_eye_in_hand']
2026-08-09 14:46:36,021 | INFO | Successfully created PickPlaceCan environment via robosuite.make() with cameras at 84x84
2026-08-09 14:46:36,022 | INFO | Configured cameras: ['robot0_eye_in_hand']
2026-08-09 14:46:36,025 | INFO | Successfully created PickPlaceCan environment via robosuite.make() with cameras at 84x84
2026-08-09 14:46:36,025 | INFO | Configured cameras: ['robot0_eye_in_hand']
2026-08-09 14:46:36,027 | INFO | Successfully created PickPlaceCan environment via robosuite.make() with cameras at 84x84
2026-08-09 14:46:36,027 | INFO | Configured cameras: ['robot0_eye_in_hand']
2026-08-09 14:46:36,039 | INFO | Successfully created PickPlaceCan environment via robosuite.make() with cameras at 84x84
2026-08-09 14:46:36,039 | INFO | Configured cameras: ['robot0_eye_in_hand']
2026-08-09 14:46:36,063 | INFO | Successfully created PickPlaceCan environment via robosuite.make() with cameras at 84x84
2026-08-09 14:46:36,063 | INFO | Configured cameras: ['robot0_eye_in_hand']
2026-08-09 14:46:36,070 | INFO | Successfully created PickPlaceCan environment via robosuite.make() with cameras at 84x84
2026-08-09 14:46:36,070 | INFO | Configured cameras: ['robot0_eye_in_hand']
2026-08-09 14:46:36,074 | INFO | Successfully created PickPlaceCan environment via robosuite.make() with cameras at 84x84
2026-08-09 14:46:36,074 | INFO | Configured cameras: ['robot0_eye_in_hand']
2026-08-09 14:46:37,311 | INFO | Created 20 vectorized Can environments
2026-08-09 14:46:37,311 | INFO | Set video key to 'agentview' for video recording
2026-08-09 14:46:38,380 | INFO | Created observation keys: ['observation.state', 'observation.images.robot0_eye_in_hand']
2026-08-09 14:46:38,402 | INFO | Created observation keys: ['observation.state', 'observation.images.robot0_eye_in_hand']
2026-08-09 14:46:38,402 | INFO | Created observation keys: ['observation.state', 'observation.images.robot0_eye_in_hand']
2026-08-09 14:46:38,414 | INFO | Created observation keys: ['observation.state', 'observation.images.robot0_eye_in_hand']
2026-08-09 14:46:38,428 | INFO | Created observation keys: ['observation.state', 'observation.images.robot0_eye_in_hand']
2026-08-09 14:46:38,437 | INFO | Created observation keys: ['observation.state', 'observation.images.robot0_eye_in_hand']
2026-08-09 14:46:38,441 | INFO | Created observation keys: ['observation.state', 'observation.images.robot0_eye_in_hand']
2026-08-09 14:46:38,442 | INFO | Created observation keys: ['observation.state', 'observation.images.robot0_eye_in_hand']
2026-08-09 14:46:38,451 | INFO | Created observation keys: ['observation.state', 'observation.images.robot0_eye_in_hand']
2026-08-09 14:46:38,453 | INFO | Created observation keys: ['observation.state', 'observation.images.robot0_eye_in_hand']
2026-08-09 14:46:38,454 | INFO | Created observation keys: ['observation.state', 'observation.images.robot0_eye_in_hand']
2026-08-09 14:46:38,459 | INFO | Created observation keys: ['observation.state', 'observation.images.robot0_eye_in_hand']
2026-08-09 14:46:38,461 | INFO | Created observation keys: ['observation.state', 'observation.images.robot0_eye_in_hand']
2026-08-09 14:46:38,468 | INFO | Created observation keys: ['observation.state', 'observation.images.robot0_eye_in_hand']
2026-08-09 14:46:38,471 | INFO | Created observation keys: ['observation.state', 'observation.images.robot0_eye_in_hand']
2026-08-09 14:46:38,475 | INFO | Created observation keys: ['observation.state', 'observation.images.robot0_eye_in_hand']
2026-08-09 14:46:38,505 | INFO | Created observation keys: ['observation.state', 'observation.images.robot0_eye_in_hand']
2026-08-09 14:46:38,517 | INFO | Created observation keys: ['observation.state', 'observation.images.robot0_eye_in_hand']
2026-08-09 14:46:38,538 | INFO | Created observation keys: ['observation.state', 'observation.images.robot0_eye_in_hand']
2026-08-09 14:46:38,562 | INFO | Created observation keys: ['observation.state', 'observation.images.robot0_eye_in_hand']
render_gpu_device_id: 1
render_gpu_device_id: 1
render_gpu_device_id: 1
render_gpu_device_id: 1
render_gpu_device_id: 1
render_gpu_device_id: 1
render_gpu_device_id: 1
render_gpu_device_id: 1
render_gpu_device_id: 1
render_gpu_device_id: 1
render_gpu_device_id: 1
render_gpu_device_id: 1
render_gpu_device_id: 1
render_gpu_device_id: 1
render_gpu_device_id: 1
render_gpu_device_id: 1
render_gpu_device_id: 1
render_gpu_device_id: 1
render_gpu_device_id: 1
render_gpu_device_id: 1
2026-08-09 14:47:32,262 | INFO | phase=7 environments=20
2026-08-09 14:47:32,262 | INFO | Production mode: using gymnasium.vector.AsyncVectorEnv
2026-08-09 14:47:32,262 | INFO | Video key: agentview
2026-08-09 14:47:32,262 | INFO | Using image observation keys: ['robot0_eye_in_hand']
[robosuite INFO] Loading controller configuration from: /mnt/data/users/haoyu/workspace/code/fpo-control/manipulation_experiments/thirdparty/robosuite/robosuite/controllers/config/robots/default_panda.json (composite_controller_factory.py:121)
2026-08-09 14:47:32,263 | INFO | Loading controller configuration from: /mnt/data/users/haoyu/workspace/code/fpo-control/manipulation_experiments/thirdparty/robosuite/robosuite/controllers/config/robots/default_panda.json
2026-08-09 14:47:33,081 | INFO | Successfully created PickPlaceCan environment via robosuite.make() with cameras at 84x84
2026-08-09 14:47:33,081 | INFO | Configured cameras: ['robot0_eye_in_hand']
num_visible_gpus: 1 [1] render_override: None
render_gpu_device_id: 1
[robosuite WARNING] No private macro file found! (macros.py:57)
[robosuite WARNING] It is recommended to use a private macro file (macros.py:58)
[robosuite WARNING] To setup, run: python /mnt/data/users/haoyu/workspace/code/fpo-control/manipulation_experiments/thirdparty/robosuite/robosuite/scripts/setup_macros.py (macros.py:59)
[robosuite WARNING] No private macro file found! (macros.py:57)
[robosuite WARNING] It is recommended to use a private macro file (macros.py:58)
[robosuite WARNING] To setup, run: python /mnt/data/users/haoyu/workspace/code/fpo-control/manipulation_experiments/thirdparty/robosuite/robosuite/scripts/setup_macros.py (macros.py:59)
[robosuite WARNING] No private macro file found! (macros.py:57)
[robosuite WARNING] It is recommended to use a private macro file (macros.py:58)
[robosuite WARNING] To setup, run: python /mnt/data/users/haoyu/workspace/code/fpo-control/manipulation_experiments/thirdparty/robosuite/robosuite/scripts/setup_macros.py (macros.py:59)
[robosuite WARNING] No private macro file found! (macros.py:57)
[robosuite WARNING] It is recommended to use a private macro file (macros.py:58)
[robosuite WARNING] To setup, run: python /mnt/data/users/haoyu/workspace/code/fpo-control/manipulation_experiments/thirdparty/robosuite/robosuite/scripts/setup_macros.py (macros.py:59)
[robosuite WARNING] No private macro file found! (macros.py:57)
[robosuite WARNING] It is recommended to use a private macro file (macros.py:58)
[robosuite WARNING] To setup, run: python /mnt/data/users/haoyu/workspace/code/fpo-control/manipulation_experiments/thirdparty/robosuite/robosuite/scripts/setup_macros.py (macros.py:59)
[robosuite WARNING] No private macro file found! (macros.py:57)
[robosuite WARNING] It is recommended to use a private macro file (macros.py:58)
[robosuite WARNING] To setup, run: python /mnt/data/users/haoyu/workspace/code/fpo-control/manipulation_experiments/thirdparty/robosuite/robosuite/scripts/setup_macros.py (macros.py:59)
[robosuite WARNING] No private macro file found! (macros.py:57)
[robosuite WARNING] It is recommended to use a private macro file (macros.py:58)
[robosuite WARNING] To setup, run: python /mnt/data/users/haoyu/workspace/code/fpo-control/manipulation_experiments/thirdparty/robosuite/robosuite/scripts/setup_macros.py (macros.py:59)
[robosuite WARNING] No private macro file found! (macros.py:57)
[robosuite WARNING] It is recommended to use a private macro file (macros.py:58)
[robosuite WARNING] To setup, run: python /mnt/data/users/haoyu/workspace/code/fpo-control/manipulation_experiments/thirdparty/robosuite/robosuite/scripts/setup_macros.py (macros.py:59)
[robosuite WARNING] No private macro file found! (macros.py:57)
[robosuite WARNING] It is recommended to use a private macro file (macros.py:58)
[robosuite WARNING] To setup, run: python /mnt/data/users/haoyu/workspace/code/fpo-control/manipulation_experiments/thirdparty/robosuite/robosuite/scripts/setup_macros.py (macros.py:59)
[robosuite WARNING] No private macro file found! (macros.py:57)
[robosuite WARNING] It is recommended to use a private macro file (macros.py:58)
[robosuite WARNING] To setup, run: python /mnt/data/users/haoyu/workspace/code/fpo-control/manipulation_experiments/thirdparty/robosuite/robosuite/scripts/setup_macros.py (macros.py:59)
[robosuite WARNING] No private macro file found! (macros.py:57)
[robosuite WARNING] It is recommended to use a private macro file (macros.py:58)
[robosuite WARNING] To setup, run: python /mnt/data/users/haoyu/workspace/code/fpo-control/manipulation_experiments/thirdparty/robosuite/robosuite/scripts/setup_macros.py (macros.py:59)
[robosuite WARNING] No private macro file found! (macros.py:57)
[robosuite WARNING] It is recommended to use a private macro file (macros.py:58)
[robosuite WARNING] To setup, run: python /mnt/data/users/haoyu/workspace/code/fpo-control/manipulation_experiments/thirdparty/robosuite/robosuite/scripts/setup_macros.py (macros.py:59)
[robosuite WARNING] No private macro file found! (macros.py:57)
[robosuite WARNING] It is recommended to use a private macro file (macros.py:58)
[robosuite WARNING] To setup, run: python /mnt/data/users/haoyu/workspace/code/fpo-control/manipulation_experiments/thirdparty/robosuite/robosuite/scripts/setup_macros.py (macros.py:59)
[robosuite WARNING] No private macro file found! (macros.py:57)
[robosuite WARNING] It is recommended to use a private macro file (macros.py:58)
[robosuite WARNING] To setup, run: python /mnt/data/users/haoyu/workspace/code/fpo-control/manipulation_experiments/thirdparty/robosuite/robosuite/scripts/setup_macros.py (macros.py:59)
[robosuite WARNING] No private macro file found! (macros.py:57)
[robosuite WARNING] It is recommended to use a private macro file (macros.py:58)
[robosuite WARNING] To setup, run: python /mnt/data/users/haoyu/workspace/code/fpo-control/manipulation_experiments/thirdparty/robosuite/robosuite/scripts/setup_macros.py (macros.py:59)
[robosuite WARNING] No private macro file found! (macros.py:57)
[robosuite WARNING] It is recommended to use a private macro file (macros.py:58)
[robosuite WARNING] To setup, run: python /mnt/data/users/haoyu/workspace/code/fpo-control/manipulation_experiments/thirdparty/robosuite/robosuite/scripts/setup_macros.py (macros.py:59)
[robosuite WARNING] No private macro file found! (macros.py:57)
[robosuite WARNING] It is recommended to use a private macro file (macros.py:58)
[robosuite WARNING] To setup, run: python /mnt/data/users/haoyu/workspace/code/fpo-control/manipulation_experiments/thirdparty/robosuite/robosuite/scripts/setup_macros.py (macros.py:59)
[robosuite WARNING] No private macro file found! (macros.py:57)
[robosuite WARNING] It is recommended to use a private macro file (macros.py:58)
[robosuite WARNING] To setup, run: python /mnt/data/users/haoyu/workspace/code/fpo-control/manipulation_experiments/thirdparty/robosuite/robosuite/scripts/setup_macros.py (macros.py:59)
[robosuite WARNING] No private macro file found! (macros.py:57)
[robosuite WARNING] It is recommended to use a private macro file (macros.py:58)
[robosuite WARNING] To setup, run: python /mnt/data/users/haoyu/workspace/code/fpo-control/manipulation_experiments/thirdparty/robosuite/robosuite/scripts/setup_macros.py (macros.py:59)
[robosuite WARNING] No private macro file found! (macros.py:57)
[robosuite WARNING] It is recommended to use a private macro file (macros.py:58)
[robosuite WARNING] To setup, run: python /mnt/data/users/haoyu/workspace/code/fpo-control/manipulation_experiments/thirdparty/robosuite/robosuite/scripts/setup_macros.py (macros.py:59)
[robosuite WARNING] Could not import robosuite_models. Some robots may not be available. If you want to use these robots, please install robosuite_models from source (https://github.com/ARISE-Initiative/robosuite_models) or through pip install. (__init__.py:30)
[robosuite WARNING] Could not import robosuite_models. Some robots may not be available. If you want to use these robots, please install robosuite_models from source (https://github.com/ARISE-Initiative/robosuite_models) or through pip install. (__init__.py:30)
[robosuite WARNING] Could not import robosuite_models. Some robots may not be available. If you want to use these robots, please install robosuite_models from source (https://github.com/ARISE-Initiative/robosuite_models) or through pip install. (__init__.py:30)
[robosuite WARNING] Could not import robosuite_models. Some robots may not be available. If you want to use these robots, please install robosuite_models from source (https://github.com/ARISE-Initiative/robosuite_models) or through pip install. (__init__.py:30)
[robosuite WARNING] Could not import robosuite_models. Some robots may not be available. If you want to use these robots, please install robosuite_models from source (https://github.com/ARISE-Initiative/robosuite_models) or through pip install. (__init__.py:30)
[robosuite WARNING] Could not import robosuite_models. Some robots may not be available. If you want to use these robots, please install robosuite_models from source (https://github.com/ARISE-Initiative/robosuite_models) or through pip install. (__init__.py:30)
[robosuite WARNING] Could not import robosuite_models. Some robots may not be available. If you want to use these robots, please install robosuite_models from source (https://github.com/ARISE-Initiative/robosuite_models) or through pip install. (__init__.py:30)
[robosuite WARNING] Could not import robosuite_models. Some robots may not be available. If you want to use these robots, please install robosuite_models from source (https://github.com/ARISE-Initiative/robosuite_models) or through pip install. (__init__.py:30)
[robosuite WARNING] Could not import robosuite_models. Some robots may not be available. If you want to use these robots, please install robosuite_models from source (https://github.com/ARISE-Initiative/robosuite_models) or through pip install. (__init__.py:30)
[robosuite WARNING] Could not import robosuite_models. Some robots may not be available. If you want to use these robots, please install robosuite_models from source (https://github.com/ARISE-Initiative/robosuite_models) or through pip install. (__init__.py:30)
[robosuite WARNING] Could not import robosuite_models. Some robots may not be available. If you want to use these robots, please install robosuite_models from source (https://github.com/ARISE-Initiative/robosuite_models) or through pip install. (__init__.py:30)
[robosuite WARNING] Could not import robosuite_models. Some robots may not be available. If you want to use these robots, please install robosuite_models from source (https://github.com/ARISE-Initiative/robosuite_models) or through pip install. (__init__.py:30)
[robosuite WARNING] Could not import robosuite_models. Some robots may not be available. If you want to use these robots, please install robosuite_models from source (https://github.com/ARISE-Initiative/robosuite_models) or through pip install. (__init__.py:30)
[robosuite WARNING] Could not import robosuite_models. Some robots may not be available. If you want to use these robots, please install robosuite_models from source (https://github.com/ARISE-Initiative/robosuite_models) or through pip install. (__init__.py:30)
[robosuite WARNING] Could not import robosuite_models. Some robots may not be available. If you want to use these robots, please install robosuite_models from source (https://github.com/ARISE-Initiative/robosuite_models) or through pip install. (__init__.py:30)
[robosuite WARNING] Could not import robosuite_models. Some robots may not be available. If you want to use these robots, please install robosuite_models from source (https://github.com/ARISE-Initiative/robosuite_models) or through pip install. (__init__.py:30)
[robosuite WARNING] Could not import robosuite_models. Some robots may not be available. If you want to use these robots, please install robosuite_models from source (https://github.com/ARISE-Initiative/robosuite_models) or through pip install. (__init__.py:30)
[robosuite WARNING] Could not import robosuite_models. Some robots may not be available. If you want to use these robots, please install robosuite_models from source (https://github.com/ARISE-Initiative/robosuite_models) or through pip install. (__init__.py:30)
[robosuite WARNING] Could not import robosuite_models. Some robots may not be available. If you want to use these robots, please install robosuite_models from source (https://github.com/ARISE-Initiative/robosuite_models) or through pip install. (__init__.py:30)
[robosuite WARNING] Could not import robosuite_models. Some robots may not be available. If you want to use these robots, please install robosuite_models from source (https://github.com/ARISE-Initiative/robosuite_models) or through pip install. (__init__.py:30)
2026-08-09 14:47:43,127 | INFO | Video key: agentview
2026-08-09 14:47:43,127 | INFO | Using image observation keys: ['robot0_eye_in_hand']
[robosuite INFO] Loading controller configuration from: /mnt/data/users/haoyu/workspace/code/fpo-control/manipulation_experiments/thirdparty/robosuite/robosuite/controllers/config/robots/default_panda.json (composite_controller_factory.py:121)
2026-08-09 14:47:43,127 | INFO | Loading controller configuration from: /mnt/data/users/haoyu/workspace/code/fpo-control/manipulation_experiments/thirdparty/robosuite/robosuite/controllers/config/robots/default_panda.json
2026-08-09 14:47:43,133 | INFO | Video key: agentview
2026-08-09 14:47:43,133 | INFO | Using image observation keys: ['robot0_eye_in_hand']
[robosuite INFO] Loading controller configuration from: /mnt/data/users/haoyu/workspace/code/fpo-control/manipulation_experiments/thirdparty/robosuite/robosuite/controllers/config/robots/default_panda.json (composite_controller_factory.py:121)
2026-08-09 14:47:43,133 | INFO | Loading controller configuration from: /mnt/data/users/haoyu/workspace/code/fpo-control/manipulation_experiments/thirdparty/robosuite/robosuite/controllers/config/robots/default_panda.json
2026-08-09 14:47:43,245 | INFO | Video key: agentview
2026-08-09 14:47:43,245 | INFO | Using image observation keys: ['robot0_eye_in_hand']
[robosuite INFO] Loading controller configuration from: /mnt/data/users/haoyu/workspace/code/fpo-control/manipulation_experiments/thirdparty/robosuite/robosuite/controllers/config/robots/default_panda.json (composite_controller_factory.py:121)
2026-08-09 14:47:43,245 | INFO | Loading controller configuration from: /mnt/data/users/haoyu/workspace/code/fpo-control/manipulation_experiments/thirdparty/robosuite/robosuite/controllers/config/robots/default_panda.json
2026-08-09 14:47:44,184 | INFO | Video key: agentview
2026-08-09 14:47:44,184 | INFO | Using image observation keys: ['robot0_eye_in_hand']
[robosuite INFO] Loading controller configuration from: /mnt/data/users/haoyu/workspace/code/fpo-control/manipulation_experiments/thirdparty/robosuite/robosuite/controllers/config/robots/default_panda.json (composite_controller_factory.py:121)
2026-08-09 14:47:44,184 | INFO | Loading controller configuration from: /mnt/data/users/haoyu/workspace/code/fpo-control/manipulation_experiments/thirdparty/robosuite/robosuite/controllers/config/robots/default_panda.json
2026-08-09 14:47:44,218 | INFO | Video key: agentview
2026-08-09 14:47:44,219 | INFO | Using image observation keys: ['robot0_eye_in_hand']
[robosuite INFO] Loading controller configuration from: /mnt/data/users/haoyu/workspace/code/fpo-control/manipulation_experiments/thirdparty/robosuite/robosuite/controllers/config/robots/default_panda.json (composite_controller_factory.py:121)
2026-08-09 14:47:44,219 | INFO | Loading controller configuration from: /mnt/data/users/haoyu/workspace/code/fpo-control/manipulation_experiments/thirdparty/robosuite/robosuite/controllers/config/robots/default_panda.json
2026-08-09 14:47:44,335 | INFO | Video key: agentview
2026-08-09 14:47:44,335 | INFO | Using image observation keys: ['robot0_eye_in_hand']
[robosuite INFO] Loading controller configuration from: /mnt/data/users/haoyu/workspace/code/fpo-control/manipulation_experiments/thirdparty/robosuite/robosuite/controllers/config/robots/default_panda.json (composite_controller_factory.py:121)
2026-08-09 14:47:44,335 | INFO | Loading controller configuration from: /mnt/data/users/haoyu/workspace/code/fpo-control/manipulation_experiments/thirdparty/robosuite/robosuite/controllers/config/robots/default_panda.json
2026-08-09 14:47:44,928 | INFO | Successfully created PickPlaceCan environment via robosuite.make() with cameras at 84x84
2026-08-09 14:47:44,928 | INFO | Configured cameras: ['robot0_eye_in_hand']
2026-08-09 14:47:44,930 | INFO | Successfully created PickPlaceCan environment via robosuite.make() with cameras at 84x84
2026-08-09 14:47:44,930 | INFO | Configured cameras: ['robot0_eye_in_hand']
2026-08-09 14:47:45,032 | INFO | Successfully created PickPlaceCan environment via robosuite.make() with cameras at 84x84
2026-08-09 14:47:45,032 | INFO | Configured cameras: ['robot0_eye_in_hand']
2026-08-09 14:47:45,301 | INFO | Video key: agentview
2026-08-09 14:47:45,301 | INFO | Using image observation keys: ['robot0_eye_in_hand']
[robosuite INFO] Loading controller configuration from: /mnt/data/users/haoyu/workspace/code/fpo-control/manipulation_experiments/thirdparty/robosuite/robosuite/controllers/config/robots/default_panda.json (composite_controller_factory.py:121)
2026-08-09 14:47:45,301 | INFO | Loading controller configuration from: /mnt/data/users/haoyu/workspace/code/fpo-control/manipulation_experiments/thirdparty/robosuite/robosuite/controllers/config/robots/default_panda.json
2026-08-09 14:47:45,450 | INFO | Video key: agentview
2026-08-09 14:47:45,450 | INFO | Using image observation keys: ['robot0_eye_in_hand']
[robosuite INFO] Loading controller configuration from: /mnt/data/users/haoyu/workspace/code/fpo-control/manipulation_experiments/thirdparty/robosuite/robosuite/controllers/config/robots/default_panda.json (composite_controller_factory.py:121)
2026-08-09 14:47:45,450 | INFO | Loading controller configuration from: /mnt/data/users/haoyu/workspace/code/fpo-control/manipulation_experiments/thirdparty/robosuite/robosuite/controllers/config/robots/default_panda.json
2026-08-09 14:47:45,815 | INFO | Video key: agentview
2026-08-09 14:47:45,815 | INFO | Using image observation keys: ['robot0_eye_in_hand']
[robosuite INFO] Loading controller configuration from: /mnt/data/users/haoyu/workspace/code/fpo-control/manipulation_experiments/thirdparty/robosuite/robosuite/controllers/config/robots/default_panda.json (composite_controller_factory.py:121)
2026-08-09 14:47:45,815 | INFO | Loading controller configuration from: /mnt/data/users/haoyu/workspace/code/fpo-control/manipulation_experiments/thirdparty/robosuite/robosuite/controllers/config/robots/default_panda.json
2026-08-09 14:47:45,904 | INFO | Video key: agentview
2026-08-09 14:47:45,904 | INFO | Using image observation keys: ['robot0_eye_in_hand']
[robosuite INFO] Loading controller configuration from: /mnt/data/users/haoyu/workspace/code/fpo-control/manipulation_experiments/thirdparty/robosuite/robosuite/controllers/config/robots/default_panda.json (composite_controller_factory.py:121)
2026-08-09 14:47:45,904 | INFO | Loading controller configuration from: /mnt/data/users/haoyu/workspace/code/fpo-control/manipulation_experiments/thirdparty/robosuite/robosuite/controllers/config/robots/default_panda.json
2026-08-09 14:47:45,923 | INFO | Video key: agentview
2026-08-09 14:47:45,923 | INFO | Using image observation keys: ['robot0_eye_in_hand']
[robosuite INFO] Loading controller configuration from: /mnt/data/users/haoyu/workspace/code/fpo-control/manipulation_experiments/thirdparty/robosuite/robosuite/controllers/config/robots/default_panda.json (composite_controller_factory.py:121)
2026-08-09 14:47:45,924 | INFO | Loading controller configuration from: /mnt/data/users/haoyu/workspace/code/fpo-control/manipulation_experiments/thirdparty/robosuite/robosuite/controllers/config/robots/default_panda.json
2026-08-09 14:47:45,947 | INFO | Video key: agentview
2026-08-09 14:47:45,947 | INFO | Using image observation keys: ['robot0_eye_in_hand']
[robosuite INFO] Loading controller configuration from: /mnt/data/users/haoyu/workspace/code/fpo-control/manipulation_experiments/thirdparty/robosuite/robosuite/controllers/config/robots/default_panda.json (composite_controller_factory.py:121)
2026-08-09 14:47:45,947 | INFO | Loading controller configuration from: /mnt/data/users/haoyu/workspace/code/fpo-control/manipulation_experiments/thirdparty/robosuite/robosuite/controllers/config/robots/default_panda.json
2026-08-09 14:47:45,952 | INFO | Video key: agentview
2026-08-09 14:47:45,952 | INFO | Using image observation keys: ['robot0_eye_in_hand']
[robosuite INFO] Loading controller configuration from: /mnt/data/users/haoyu/workspace/code/fpo-control/manipulation_experiments/thirdparty/robosuite/robosuite/controllers/config/robots/default_panda.json (composite_controller_factory.py:121)
2026-08-09 14:47:45,952 | INFO | Loading controller configuration from: /mnt/data/users/haoyu/workspace/code/fpo-control/manipulation_experiments/thirdparty/robosuite/robosuite/controllers/config/robots/default_panda.json
2026-08-09 14:47:45,983 | INFO | Video key: agentview
2026-08-09 14:47:45,983 | INFO | Using image observation keys: ['robot0_eye_in_hand']
[robosuite INFO] Loading controller configuration from: /mnt/data/users/haoyu/workspace/code/fpo-control/manipulation_experiments/thirdparty/robosuite/robosuite/controllers/config/robots/default_panda.json (composite_controller_factory.py:121)
2026-08-09 14:47:45,983 | INFO | Loading controller configuration from: /mnt/data/users/haoyu/workspace/code/fpo-control/manipulation_experiments/thirdparty/robosuite/robosuite/controllers/config/robots/default_panda.json
2026-08-09 14:47:45,987 | INFO | Video key: agentview
2026-08-09 14:47:45,987 | INFO | Using image observation keys: ['robot0_eye_in_hand']
[robosuite INFO] Loading controller configuration from: /mnt/data/users/haoyu/workspace/code/fpo-control/manipulation_experiments/thirdparty/robosuite/robosuite/controllers/config/robots/default_panda.json (composite_controller_factory.py:121)
2026-08-09 14:47:45,987 | INFO | Loading controller configuration from: /mnt/data/users/haoyu/workspace/code/fpo-control/manipulation_experiments/thirdparty/robosuite/robosuite/controllers/config/robots/default_panda.json
2026-08-09 14:47:45,991 | INFO | Successfully created PickPlaceCan environment via robosuite.make() with cameras at 84x84
2026-08-09 14:47:45,991 | INFO | Configured cameras: ['robot0_eye_in_hand']
2026-08-09 14:47:46,005 | INFO | Video key: agentview
2026-08-09 14:47:46,005 | INFO | Using image observation keys: ['robot0_eye_in_hand']
[robosuite INFO] Loading controller configuration from: /mnt/data/users/haoyu/workspace/code/fpo-control/manipulation_experiments/thirdparty/robosuite/robosuite/controllers/config/robots/default_panda.json (composite_controller_factory.py:121)
2026-08-09 14:47:46,006 | INFO | Loading controller configuration from: /mnt/data/users/haoyu/workspace/code/fpo-control/manipulation_experiments/thirdparty/robosuite/robosuite/controllers/config/robots/default_panda.json
2026-08-09 14:47:46,016 | INFO | Successfully created PickPlaceCan environment via robosuite.make() with cameras at 84x84
2026-08-09 14:47:46,016 | INFO | Configured cameras: ['robot0_eye_in_hand']
2026-08-09 14:47:46,019 | INFO | Video key: agentview
2026-08-09 14:47:46,019 | INFO | Using image observation keys: ['robot0_eye_in_hand']
[robosuite INFO] Loading controller configuration from: /mnt/data/users/haoyu/workspace/code/fpo-control/manipulation_experiments/thirdparty/robosuite/robosuite/controllers/config/robots/default_panda.json (composite_controller_factory.py:121)
2026-08-09 14:47:46,019 | INFO | Loading controller configuration from: /mnt/data/users/haoyu/workspace/code/fpo-control/manipulation_experiments/thirdparty/robosuite/robosuite/controllers/config/robots/default_panda.json
2026-08-09 14:47:46,019 | INFO | Video key: agentview
2026-08-09 14:47:46,019 | INFO | Using image observation keys: ['robot0_eye_in_hand']
[robosuite INFO] Loading controller configuration from: /mnt/data/users/haoyu/workspace/code/fpo-control/manipulation_experiments/thirdparty/robosuite/robosuite/controllers/config/robots/default_panda.json (composite_controller_factory.py:121)
2026-08-09 14:47:46,020 | INFO | Loading controller configuration from: /mnt/data/users/haoyu/workspace/code/fpo-control/manipulation_experiments/thirdparty/robosuite/robosuite/controllers/config/robots/default_panda.json
2026-08-09 14:47:46,026 | INFO | Video key: agentview
2026-08-09 14:47:46,026 | INFO | Using image observation keys: ['robot0_eye_in_hand']
[robosuite INFO] Loading controller configuration from: /mnt/data/users/haoyu/workspace/code/fpo-control/manipulation_experiments/thirdparty/robosuite/robosuite/controllers/config/robots/default_panda.json (composite_controller_factory.py:121)
2026-08-09 14:47:46,026 | INFO | Loading controller configuration from: /mnt/data/users/haoyu/workspace/code/fpo-control/manipulation_experiments/thirdparty/robosuite/robosuite/controllers/config/robots/default_panda.json
2026-08-09 14:47:46,027 | INFO | Video key: agentview
2026-08-09 14:47:46,027 | INFO | Using image observation keys: ['robot0_eye_in_hand']
[robosuite INFO] Loading controller configuration from: /mnt/data/users/haoyu/workspace/code/fpo-control/manipulation_experiments/thirdparty/robosuite/robosuite/controllers/config/robots/default_panda.json (composite_controller_factory.py:121)
2026-08-09 14:47:46,027 | INFO | Loading controller configuration from: /mnt/data/users/haoyu/workspace/code/fpo-control/manipulation_experiments/thirdparty/robosuite/robosuite/controllers/config/robots/default_panda.json
2026-08-09 14:47:46,138 | INFO | Successfully created PickPlaceCan environment via robosuite.make() with cameras at 84x84
2026-08-09 14:47:46,138 | INFO | Configured cameras: ['robot0_eye_in_hand']
2026-08-09 14:47:47,178 | INFO | Successfully created PickPlaceCan environment via robosuite.make() with cameras at 84x84
2026-08-09 14:47:47,178 | INFO | Configured cameras: ['robot0_eye_in_hand']
2026-08-09 14:47:47,255 | INFO | Successfully created PickPlaceCan environment via robosuite.make() with cameras at 84x84
2026-08-09 14:47:47,255 | INFO | Configured cameras: ['robot0_eye_in_hand']
2026-08-09 14:47:47,621 | INFO | Successfully created PickPlaceCan environment via robosuite.make() with cameras at 84x84
2026-08-09 14:47:47,621 | INFO | Configured cameras: ['robot0_eye_in_hand']
2026-08-09 14:47:47,692 | INFO | Successfully created PickPlaceCan environment via robosuite.make() with cameras at 84x84
2026-08-09 14:47:47,692 | INFO | Configured cameras: ['robot0_eye_in_hand']
2026-08-09 14:47:47,722 | INFO | Successfully created PickPlaceCan environment via robosuite.make() with cameras at 84x84
2026-08-09 14:47:47,722 | INFO | Configured cameras: ['robot0_eye_in_hand']
2026-08-09 14:47:47,742 | INFO | Successfully created PickPlaceCan environment via robosuite.make() with cameras at 84x84
2026-08-09 14:47:47,742 | INFO | Configured cameras: ['robot0_eye_in_hand']
2026-08-09 14:47:47,762 | INFO | Successfully created PickPlaceCan environment via robosuite.make() with cameras at 84x84
2026-08-09 14:47:47,762 | INFO | Configured cameras: ['robot0_eye_in_hand']
2026-08-09 14:47:47,800 | INFO | Successfully created PickPlaceCan environment via robosuite.make() with cameras at 84x84
2026-08-09 14:47:47,800 | INFO | Configured cameras: ['robot0_eye_in_hand']
2026-08-09 14:47:47,811 | INFO | Successfully created PickPlaceCan environment via robosuite.make() with cameras at 84x84
2026-08-09 14:47:47,811 | INFO | Configured cameras: ['robot0_eye_in_hand']
2026-08-09 14:47:47,824 | INFO | Successfully created PickPlaceCan environment via robosuite.make() with cameras at 84x84
2026-08-09 14:47:47,824 | INFO | Configured cameras: ['robot0_eye_in_hand']
2026-08-09 14:47:47,824 | INFO | Successfully created PickPlaceCan environment via robosuite.make() with cameras at 84x84
2026-08-09 14:47:47,825 | INFO | Configured cameras: ['robot0_eye_in_hand']
2026-08-09 14:47:47,828 | INFO | Successfully created PickPlaceCan environment via robosuite.make() with cameras at 84x84
2026-08-09 14:47:47,828 | INFO | Configured cameras: ['robot0_eye_in_hand']
2026-08-09 14:47:47,830 | INFO | Successfully created PickPlaceCan environment via robosuite.make() with cameras at 84x84
2026-08-09 14:47:47,830 | INFO | Configured cameras: ['robot0_eye_in_hand']
2026-08-09 14:47:47,894 | INFO | Successfully created PickPlaceCan environment via robosuite.make() with cameras at 84x84
2026-08-09 14:47:47,895 | INFO | Configured cameras: ['robot0_eye_in_hand']
2026-08-09 14:47:49,047 | INFO | Created 20 vectorized Can environments
2026-08-09 14:47:49,047 | INFO | Set video key to 'agentview' for video recording
2026-08-09 14:47:50,104 | INFO | Created observation keys: ['observation.state', 'observation.images.robot0_eye_in_hand']
2026-08-09 14:47:50,106 | INFO | Created observation keys: ['observation.state', 'observation.images.robot0_eye_in_hand']
2026-08-09 14:47:50,114 | INFO | Created observation keys: ['observation.state', 'observation.images.robot0_eye_in_hand']
2026-08-09 14:47:50,120 | INFO | Created observation keys: ['observation.state', 'observation.images.robot0_eye_in_hand']
2026-08-09 14:47:50,120 | INFO | Created observation keys: ['observation.state', 'observation.images.robot0_eye_in_hand']
2026-08-09 14:47:50,121 | INFO | Created observation keys: ['observation.state', 'observation.images.robot0_eye_in_hand']
2026-08-09 14:47:50,130 | INFO | Created observation keys: ['observation.state', 'observation.images.robot0_eye_in_hand']
2026-08-09 14:47:50,130 | INFO | Created observation keys: ['observation.state', 'observation.images.robot0_eye_in_hand']
2026-08-09 14:47:50,131 | INFO | Created observation keys: ['observation.state', 'observation.images.robot0_eye_in_hand']
2026-08-09 14:47:50,134 | INFO | Created observation keys: ['observation.state', 'observation.images.robot0_eye_in_hand']
2026-08-09 14:47:50,147 | INFO | Created observation keys: ['observation.state', 'observation.images.robot0_eye_in_hand']
2026-08-09 14:47:50,163 | INFO | Created observation keys: ['observation.state', 'observation.images.robot0_eye_in_hand']
2026-08-09 14:47:50,164 | INFO | Created observation keys: ['observation.state', 'observation.images.robot0_eye_in_hand']
2026-08-09 14:47:50,166 | INFO | Created observation keys: ['observation.state', 'observation.images.robot0_eye_in_hand']
2026-08-09 14:47:50,168 | INFO | Created observation keys: ['observation.state', 'observation.images.robot0_eye_in_hand']
2026-08-09 14:47:50,175 | INFO | Created observation keys: ['observation.state', 'observation.images.robot0_eye_in_hand']
2026-08-09 14:47:50,197 | INFO | Created observation keys: ['observation.state', 'observation.images.robot0_eye_in_hand']
2026-08-09 14:47:50,211 | INFO | Created observation keys: ['observation.state', 'observation.images.robot0_eye_in_hand']
2026-08-09 14:47:50,224 | INFO | Created observation keys: ['observation.state', 'observation.images.robot0_eye_in_hand']
2026-08-09 14:47:50,250 | INFO | Created observation keys: ['observation.state', 'observation.images.robot0_eye_in_hand']
render_gpu_device_id: 1
render_gpu_device_id: 1
render_gpu_device_id: 1
render_gpu_device_id: 1
render_gpu_device_id: 1
render_gpu_device_id: 1
render_gpu_device_id: 1
render_gpu_device_id: 1
render_gpu_device_id: 1
render_gpu_device_id: 1
render_gpu_device_id: 1
render_gpu_device_id: 1
render_gpu_device_id: 1
render_gpu_device_id: 1
render_gpu_device_id: 1
render_gpu_device_id: 1
render_gpu_device_id: 1
render_gpu_device_id: 1
render_gpu_device_id: 1
render_gpu_device_id: 1
2026-08-09 14:48:49,307 | INFO | analysis={'phase_order': [8, 1, 2, 3, 4, 5, 6, 7], 'seed_count': 20, 'per_phase_successes': {'8': 15, '1': 17, '2': 16, '3': 16, '4': 16, '5': 15, '6': 14, '7': 16}, 'control_phase': 8, 'control_successes': 15, 'oracle_successes': 17, 'oracle_gain': 2, 'phase_sensitive_seed_count': 3, 'phase_sensitive_seed_indices': [3, 8, 14], 'initial_observation_hashes_exact': True, 'passed': False}
